#
# A fatal error has been detected by the Java Runtime Environment:
#
#  SIGSEGV (0xb) at pc=0x00007ff051bfb58b, pid=3226731, tid=3226731
#
# JRE version: OpenJDK Runtime Environment (21.0.7+6) (build 21.0.7+6-Ubuntu-0ubuntu122.04)
# Java VM: OpenJDK 64-Bit Server VM (21.0.7+6-Ubuntu-0ubuntu122.04, mixed mode, sharing, tiered, compressed oops, compressed class ptrs, g1 gc, linux-amd64)
# Problematic frame:
# C  [libtorch_python.so+0xd6c58b]  torch::FunctionSignature::parse(_object*, _object*, _object*, _object**, std::vector<_object*, std::allocator<_object*> >&, bool)+0x47b
#
# Core dump will be written. Default location: /inspire/hdd/project/multi-agent/zhangweinan-24046/PA/OPPU-main/core.3226731
#
# If you would like to submit a bug report, please visit:
#   https://bugs.launchpad.net/ubuntu/+source/openjdk-21
# The crash happened outside the Java Virtual Machine in native code.
# See problematic frame for where to report the bug.
#

---------------  S U M M A R Y ------------

Command Line: --add-modules=jdk.incubator.vector 

Host: Intel(R) Xeon(R) Platinum 8462Y+, 128 cores, 800G, Ubuntu 22.04.5 LTS
Time: Fri Sep 12 09:07:30 2025 UTC elapsed time: 24.648847 seconds (0d 0h 0m 24s)

---------------  T H R E A D  ---------------

Current thread (0x000000000bb4c820):  JavaThread "main"      [_thread_in_native, id=3226731, stack(0x00007ffd1dd7b000,0x00007ffd1de7b000) (1024K)]

Stack: [0x00007ffd1dd7b000,0x00007ffd1de7b000],  sp=0x00007ffd1de6fa80,  free space=978k
Native frames: (J=compiled Java code, j=interpreted, Vv=VM code, C=native code)
C  [libtorch_python.so+0xd6c58b]  torch::FunctionSignature::parse(_object*, _object*, _object*, _object**, std::vector<_object*, std::allocator<_object*> >&, bool)+0x47b
C  [libtorch_python.so+0xd6cb2a]  torch::PythonArgParser::raw_parse(_object*, _object*, _object*, _object**)+0x13a
C  [libtorch_python.so+0x793cce]  torch::autograd::THPVariable_silu(_object*, _object*, _object*)+0x7e

siginfo: si_signo: 11 (SIGSEGV), si_code: 1 (SEGV_MAPERR), si_addr: 0xffbe9817e72a0761

Registers:
RAX=0xffbe9817e72a0761, RBX=0x0000000058f84140, RCX=0x0000000000000000, RDX=0x00007fe2bc45f520
RSP=0x00007ffd1de6fa80, RBP=0x00007ffd1de6fca0, RSI=0x0000000000000000, RDI=0x0000000058f84140
R8 =0x00007ffd1de6fd80, R9 =0x00007ffd1de6fce0, R10=0x0000000000000008, R11=0x000000000214e5d0
R12=0x0000000000000000, R13=0x00007fe2bc45f520, R14=0x0000000000000000, R15=0x00007ffd1de6fd80
RIP=0x00007ff051bfb58b, EFLAGS=0x0000000000010246, CSGSFS=0x002b000000000033, ERR=0x0000000000000005
  TRAPNO=0x000000000000000e

XMM[0]=0x00007fe2b398fe30 0x00000000021325e0
XMM[1]=0x0000000000000000 0x00007fe2b398fe30
XMM[2]=0x00007fe2b3938a80 0x00000000021325e0
XMM[3]=0x00007fef8ab5f1b0 0x00007febb1dfe980
XMM[4]=0x0000000000000000 0x0000000000000000
XMM[5]=0x0000000000000000 0x0000000000000000
XMM[6]=0x7ffffffe00000000 0x0000023f000037ff
XMM[7]=0x0000000000000000 0x0000000000000000
XMM[8]=0x00000000000465b2 0x0000000000000000
XMM[9]=0x0000000000000000 0x0000000000000000
XMM[10]=0x00007fe2bc45edc0 0x00000000021325e0
XMM[11]=0x0000000000000000 0x00007fe2bc45edc0
XMM[12]=0x0000000000746720 0x00007fe2bc537f40
XMM[13]=0x0000000000000000 0x0000000000000000
XMM[14]=0x0000000000000000 0x3fe0000000000000
XMM[15]=0x0000000000000002 0x0000000000000002
  MXCSR=0x00001fa2


Register to memory mapping:

RAX=0xffbe9817e72a0761 is an unknown value
RBX=0x0000000058f84140 points into unknown readable memory: 0x00000000365eade4 | e4 ad 5e 36 00 00 00 00
RCX=0x0 is null
RDX=0x00007fe2bc45f520 points into unknown readable memory: 0x0000000000000001 | 01 00 00 00 00 00 00 00
RSP=0x00007ffd1de6fa80 is pointing into the stack for thread: 0x000000000bb4c820
RBP=0x00007ffd1de6fca0 is pointing into the stack for thread: 0x000000000bb4c820
RSI=0x0 is null
RDI=0x0000000058f84140 points into unknown readable memory: 0x00000000365eade4 | e4 ad 5e 36 00 00 00 00
R8 =0x00007ffd1de6fd80 is pointing into the stack for thread: 0x000000000bb4c820
R9 =0x00007ffd1de6fce0 is pointing into the stack for thread: 0x000000000bb4c820
R10=0x0000000000000008 is an unknown value
R11=0x000000000214e5d0 points into unknown readable memory: 0x000000000ad4c2c0 | c0 c2 d4 0a 00 00 00 00
R12=0x0 is null
R13=0x00007fe2bc45f520 points into unknown readable memory: 0x0000000000000001 | 01 00 00 00 00 00 00 00
R14=0x0 is null
R15=0x00007ffd1de6fd80 is pointing into the stack for thread: 0x000000000bb4c820

Top of Stack: (sp=0x00007ffd1de6fa80)
0x00007ffd1de6fa80:   0000000000000001 0000000000000000
0x00007ffd1de6fa90:   000000011de6ff18 0a19fa4b12e7be00
0x00007ffd1de6faa0:   00007ffd1de6fd80 00007ffd1de6fce0
0x00007ffd1de6fab0:   0000000058f84140 0000000000000042
0x00007ffd1de6fac0:   00007fe2bc45f520 00007fe17c087c90
0x00007ffd1de6fad0:   0000000000000001 00007ff05a8f5453
0x00007ffd1de6fae0:   7f00007f00007f80 0a19fa4b12e7be00
0x00007ffd1de6faf0:   0000000000000000 ffffffffffffff80
0x00007ffd1de6fb00:   0000000000000000 0000000002600000
0x00007ffd1de6fb10:   000000000000000a 0000000000000000
0x00007ffd1de6fb20:   0000000000000028 00007ffd1de71920
0x00007ffd1de6fb30:   00007ff059bdda50 00007fe2b3932cf0
0x00007ffd1de6fb40:   00007ffd1de6ff10 00007ffd1de6ff08
0x00007ffd1de6fb50:   00007ffd1de6ff20 00007ff05ab95d0c
0x00007ffd1de6fb60:   00007ffd1de6fb70 00007ff05ab9920c
0x00007ffd1de6fb70:   00007ffd1de6fff0 00007ff059b67044
0x00007ffd1de6fb80:   00007ffd1de6ff60 00007ff05168db72
0x00007ffd1de6fb90:   0000000007fddd80 00007ff05ab95d0c
0x00007ffd1de6fba0:   00007ffd1de6fbb0 00007ff05ab9920c
0x00007ffd1de6fbb0:   00007ffd1de6ff60 00007ff059b71f45
0x00007ffd1de6fbc0:   0000000000000000 00007ff059b71f89
0x00007ffd1de6fbd0:   00000008bca00000 00007ff059b18c91
0x00007ffd1de6fbe0:   fffffffff9000000 00007ffd1de6fc80
0x00007ffd1de6fbf0:   00007ff05a8e66d0 00007fe1aa000000
0x00007ffd1de6fc00:   0000000007000000 00007ff059fbb540
0x00007ffd1de6fc10:   00007ffd1de6ff18 00007fe17c2846d0
0x00007ffd1de6fc20:   000000000000000a 0000000000000000
0x00007ffd1de6fc30:   0000000000000000 00007ff059be5f80
0x00007ffd1de6fc40:   00007ff059bddb90 00007fe2b3932cf0
0x00007ffd1de6fc50:   0000000000000000 00007fe2b3932d00
0x00007ffd1de6fc60:   00000000863fdf60 00007ff05ab95d0c
0x00007ffd1de6fc70:   00007ffd1de6fc80 0000000058f84140 

Instructions: (pc=0x00007ff051bfb58b)
0x00007ff051bfb48b:   00 00 00 00 00 49 83 c7 01 e9 1b fe ff ff 0f 1f
0x00007ff051bfb49b:   80 00 00 00 00 45 84 ed 74 2c 8b 73 08 48 8b 95
0x00007ff051bfb4ab:   18 fe ff ff 4c 89 8d 28 fe ff ff 48 8b bd 20 fe
0x00007ff051bfb4bb:   ff ff e8 2e ee ff ff 4c 8b 8d 28 fe ff ff 84 c0
0x00007ff051bfb4cb:   0f 85 07 02 00 00 80 bd f4 fd ff ff 00 0f 84 e2
0x00007ff051bfb4db:   00 00 00 45 84 f6 0f 85 09 b2 73 ff 48 83 bd 50
0x00007ff051bfb4eb:   fe ff ff ff 0f 84 b7 b3 73 ff 49 8b 41 08 48 f7
0x00007ff051bfb4fb:   80 a8 00 00 00 00 00 00 06 0f 85 75 02 00 00 45
0x00007ff051bfb50b:   84 ed 0f 84 3b 02 00 00 48 8b bd 20 fe ff ff e8
0x00007ff051bfb51b:   31 42 53 ff 48 39 85 50 fe ff ff 0f 8c 1a b4 73
0x00007ff051bfb52b:   ff 48 8d 0d 35 79 25 00 ba 29 06 00 00 48 8d 35
0x00007ff051bfb53b:   c1 75 25 00 48 8d 3d 32 62 21 00 e8 95 fe 52 ff
0x00007ff051bfb54b:   0f 1f 44 00 00 80 7b 05 00 0f 84 09 fd ff ff 48
0x00007ff051bfb55b:   8b 85 00 fe ff ff 4a c7 04 e0 00 00 00 00 45 84
0x00007ff051bfb56b:   f6 0f 85 3a fd ff ff 49 83 c7 01 e9 39 fd ff ff
0x00007ff051bfb57b:   0f 1f 44 00 00 48 8b 85 10 fe ff ff 48 8b 40 08
0x00007ff051bfb58b:   8b 00 83 e0 ef 83 f8 07 0f 84 9f 01 00 00 48 83
0x00007ff051bfb59b:   bd 30 fe ff ff 01 0f 86 04 fc ff ff 66 0f 1f 84
0x00007ff051bfb5ab:   00 00 00 00 00 80 bd f4 fd ff ff 00 0f 85 20 b1
0x00007ff051bfb5bb:   73 ff 0f 1f 00 31 c0 48 8d 65 d8 5b 41 5c 41 5d
0x00007ff051bfb5cb:   41 5e 41 5f 5d c3 0f 1f 80 00 00 00 00 48 c7 85
0x00007ff051bfb5db:   50 fe ff ff ff ff ff ff 80 7b 04 00 74 1f 48 8b
0x00007ff051bfb5eb:   85 00 fe ff ff 49 83 c7 01 4a c7 04 e0 00 00 00
0x00007ff051bfb5fb:   00 e9 b3 fc ff ff 0f 1f 80 00 00 00 00 80 bd f4
0x00007ff051bfb60b:   fd ff ff 00 74 af 48 8d 85 60 fe ff ff 45 31 e4
0x00007ff051bfb61b:   48 89 c7 49 89 c7 e8 9a 70 54 ff 48 63 9d 28 fe
0x00007ff051bfb62b:   ff ff 48 8b 85 10 fe ff ff 48 69 db c0 00 00 00
0x00007ff051bfb63b:   48 03 58 08 48 3b 58 10 0f 84 03 b0 73 ff 4c 8d
0x00007ff051bfb64b:   ad 70 fe ff ff 80 7b 04 00 75 63 45 85 e4 74 14
0x00007ff051bfb65b:   ba 02 00 00 00 48 8d 35 10 fe 22 00 4c 89 ef e8
0x00007ff051bfb66b:   b1 7f 53 ff 48 8d b5 58 fe ff ff ba 01 00 00 00
0x00007ff051bfb67b:   4c 89 ef c6 85 58 fe ff ff 22 e8 96 7f 53 ff 48 


Stack slot to memory mapping:

stack at sp + 0 slots: 0x0000000000000001 is an unknown value
stack at sp + 1 slots: 0x0 is null
stack at sp + 2 slots: 0x000000011de6ff18 is an unknown value
stack at sp + 3 slots: 0x0a19fa4b12e7be00 is an unknown value
stack at sp + 4 slots: 0x00007ffd1de6fd80 is pointing into the stack for thread: 0x000000000bb4c820
stack at sp + 5 slots: 0x00007ffd1de6fce0 is pointing into the stack for thread: 0x000000000bb4c820
stack at sp + 6 slots: 0x0000000058f84140 points into unknown readable memory: 0x00000000365eade4 | e4 ad 5e 36 00 00 00 00
stack at sp + 7 slots: 0x0000000000000042 is an unknown value


---------------  P R O C E S S  ---------------

Threads class SMR info:
_java_thread_list=0x00007febd40dc970, length=10, elements={
0x000000000bb4c820, 0x000000001ae90890, 0x000000001ae917b0, 0x000000001ae935f0,
0x000000001ae94510, 0x000000001ae95760, 0x000000001ae966c0, 0x000000001ae97f90,
0x000000001aea8500, 0x00007febf4009320
}

Java Threads: ( => current thread )
=>0x000000000bb4c820 JavaThread "main"                       [_thread_in_native, id=3226731, stack(0x00007ffd1dd7b000,0x00007ffd1de7b000) (1024K)]
  0x000000001ae90890 JavaThread "Reference Handler"          [_thread_blocked, id=3226859, stack(0x00007fec0af00000,0x00007fec0b000000) (1024K)]
  0x000000001ae917b0 JavaThread "Finalizer"                  [_thread_blocked, id=3226860, stack(0x00007fec0ae00000,0x00007fec0af00000) (1024K)]
  0x000000001ae935f0 JavaThread "Service Thread"             [_thread_blocked, id=3226862, stack(0x00007fec0ac00000,0x00007fec0ad00000) (1024K)]
  0x000000001ae94510 JavaThread "Monitor Deflation Thread"   [_thread_blocked, id=3226863, stack(0x00007fec0ab00000,0x00007fec0ac00000) (1024K)]
  0x000000001ae95760 JavaThread "C2 CompilerThread0"         [_thread_blocked, id=3226864, stack(0x00007fec0aa00000,0x00007fec0ab00000) (1024K)]
  0x000000001ae966c0 JavaThread "C1 CompilerThread0"         [_thread_blocked, id=3226865, stack(0x00007fec0a900000,0x00007fec0aa00000) (1024K)]
  0x000000001ae97f90 JavaThread "Common-Cleaner"             [_thread_blocked, id=3226867, stack(0x00007fec0a62f000,0x00007fec0a72f000) (1024K)]
  0x000000001aea8500 JavaThread "Notification Thread"        [_thread_blocked, id=3226868, stack(0x00007fec0a52f000,0x00007fec0a62f000) (1024K)]
  0x00007febf4009320 JavaThread "SIGINT handler"             [_thread_blocked, id=3231716, stack(0x00007fec0a42f000,0x00007fec0a52f000) (1024K)]
Total: 10

Other Threads:
  0x000000001ae8f130 VMThread "VM Thread"                           [id=3226856, stack(0x00007fec60043000,0x00007fec60143000) (1024K)]
  0x000000000caedbe0 WorkerThread "GC Thread#0"                     [id=3226849, stack(0x00007fec62649000,0x00007fec62749000) (1024K)]
  0x000000000cafd920 ConcurrentGCThread "G1 Main Marker"            terminated
  0x000000000cafe500 WorkerThread "G1 Conc#0"                       [id=3226851, stack(0x00007fec62447000,0x00007fec62547000) (1024K)]
  0x000000001ad5e600 ConcurrentGCThread "G1 Refine#0"               terminated
  0x000000001ad5f270 ConcurrentGCThread "G1 Service"                terminated
Total: 6

Threads with active compile tasks:
Total: 0

VM state: at safepoint (shutting down)

VM Mutex/Monitor currently owned by a thread:  ([mutex/lock_event])
[0x00007feca0474cf0] Threads_lock - owner thread: 0x000000001ae8f130
[0x00007feca0474bf0] Heap_lock - owner thread: 0x00007febf4009320

Heap address: 0x0000001001000000, size: 30208 MB, Compressed Oops mode: Non-zero disjoint base: 0x0000001000000000, Oop shift amount: 3

CDS archive(s) mapped at: [0x00007fec0b000000-0x00007fec0bc97000-0x00007fec0bc97000), size 13201408, SharedBaseAddress: 0x00007fec0b000000, ArchiveRelocationMode: 1.
Compressed class space mapped at: 0x00007fec0c000000-0x00007fec4c000000, reserved size: 1073741824
Narrow klass base: 0x00007fec0b000000, Narrow klass shift: 0, Narrow klass range: 0x100000000

GC Precious Log:
 CardTable entry size: 512
 Card Set container configuration: InlinePtr #cards 3 size 8 Array Of Cards #cards 128 size 272 Howl #buckets 8 coarsen threshold 29491 Howl Bitmap #cards 4096 size 528 coarsen threshold 3686 Card regions per heap region 1 cards per card region 32768
 CPUs: 128 total, 60 available
 Memory: 800G
 Large Page Support: Disabled
 NUMA Support: Disabled
 Compressed Oops: Enabled (Non-zero disjoint base)
 Heap Region Size: 16M
 Heap Min Capacity: 16M
 Heap Initial Capacity: 2G
 Heap Max Capacity: 30208M
 Pre-touch: Disabled
 Parallel Workers: 40
 Concurrent Workers: 10
 Concurrent Refinement Workers: 40
 Periodic GC: Disabled

Heap:
 garbage-first heap   total 2113536K, used 66609K [0x0000001001000000, 0x0000001761000000)
  region size 16384K, 5 young (81920K), 0 survivors (0K)
 Metaspace       used 19216K, committed 19520K, reserved 1114112K
  class space    used 2110K, committed 2240K, reserved 1048576K

Heap Regions: E=young(eden), S=young(survivor), O=old, HS=humongous(starts), HC=humongous(continues), CS=collection set, F=free, TAMS=top-at-mark-start, PB=parsable bottom
|   0|0x0000001001000000, 0x0000001001000000, 0x0000001002000000|  0%| F|  |TAMS 0x0000001001000000| PB 0x0000001001000000| Untracked 
|   1|0x0000001002000000, 0x0000001002000000, 0x0000001003000000|  0%| F|  |TAMS 0x0000001002000000| PB 0x0000001002000000| Untracked 
|   2|0x0000001003000000, 0x0000001003000000, 0x0000001004000000|  0%| F|  |TAMS 0x0000001003000000| PB 0x0000001003000000| Untracked 
|   3|0x0000001004000000, 0x0000001004000000, 0x0000001005000000|  0%| F|  |TAMS 0x0000001004000000| PB 0x0000001004000000| Untracked 
|   4|0x0000001005000000, 0x0000001005000000, 0x0000001006000000|  0%| F|  |TAMS 0x0000001005000000| PB 0x0000001005000000| Untracked 
|   5|0x0000001006000000, 0x0000001006000000, 0x0000001007000000|  0%| F|  |TAMS 0x0000001006000000| PB 0x0000001006000000| Untracked 
|   6|0x0000001007000000, 0x0000001007000000, 0x0000001008000000|  0%| F|  |TAMS 0x0000001007000000| PB 0x0000001007000000| Untracked 
|   7|0x0000001008000000, 0x0000001008000000, 0x0000001009000000|  0%| F|  |TAMS 0x0000001008000000| PB 0x0000001008000000| Untracked 
|   8|0x0000001009000000, 0x0000001009000000, 0x000000100a000000|  0%| F|  |TAMS 0x0000001009000000| PB 0x0000001009000000| Untracked 
|   9|0x000000100a000000, 0x000000100a000000, 0x000000100b000000|  0%| F|  |TAMS 0x000000100a000000| PB 0x000000100a000000| Untracked 
|  10|0x000000100b000000, 0x000000100b000000, 0x000000100c000000|  0%| F|  |TAMS 0x000000100b000000| PB 0x000000100b000000| Untracked 
|  11|0x000000100c000000, 0x000000100c000000, 0x000000100d000000|  0%| F|  |TAMS 0x000000100c000000| PB 0x000000100c000000| Untracked 
|  12|0x000000100d000000, 0x000000100d000000, 0x000000100e000000|  0%| F|  |TAMS 0x000000100d000000| PB 0x000000100d000000| Untracked 
|  13|0x000000100e000000, 0x000000100e000000, 0x000000100f000000|  0%| F|  |TAMS 0x000000100e000000| PB 0x000000100e000000| Untracked 
|  14|0x000000100f000000, 0x000000100f000000, 0x0000001010000000|  0%| F|  |TAMS 0x000000100f000000| PB 0x000000100f000000| Untracked 
|  15|0x0000001010000000, 0x0000001010000000, 0x0000001011000000|  0%| F|  |TAMS 0x0000001010000000| PB 0x0000001010000000| Untracked 
|  16|0x0000001011000000, 0x0000001011000000, 0x0000001012000000|  0%| F|  |TAMS 0x0000001011000000| PB 0x0000001011000000| Untracked 
|  17|0x0000001012000000, 0x0000001012000000, 0x0000001013000000|  0%| F|  |TAMS 0x0000001012000000| PB 0x0000001012000000| Untracked 
|  18|0x0000001013000000, 0x0000001013000000, 0x0000001014000000|  0%| F|  |TAMS 0x0000001013000000| PB 0x0000001013000000| Untracked 
|  19|0x0000001014000000, 0x0000001014000000, 0x0000001015000000|  0%| F|  |TAMS 0x0000001014000000| PB 0x0000001014000000| Untracked 
|  20|0x0000001015000000, 0x0000001015000000, 0x0000001016000000|  0%| F|  |TAMS 0x0000001015000000| PB 0x0000001015000000| Untracked 
|  21|0x0000001016000000, 0x0000001016000000, 0x0000001017000000|  0%| F|  |TAMS 0x0000001016000000| PB 0x0000001016000000| Untracked 
|  22|0x0000001017000000, 0x0000001017000000, 0x0000001018000000|  0%| F|  |TAMS 0x0000001017000000| PB 0x0000001017000000| Untracked 
|  23|0x0000001018000000, 0x0000001018000000, 0x0000001019000000|  0%| F|  |TAMS 0x0000001018000000| PB 0x0000001018000000| Untracked 
|  24|0x0000001019000000, 0x0000001019000000, 0x000000101a000000|  0%| F|  |TAMS 0x0000001019000000| PB 0x0000001019000000| Untracked 
|  25|0x000000101a000000, 0x000000101a000000, 0x000000101b000000|  0%| F|  |TAMS 0x000000101a000000| PB 0x000000101a000000| Untracked 
|  26|0x000000101b000000, 0x000000101b000000, 0x000000101c000000|  0%| F|  |TAMS 0x000000101b000000| PB 0x000000101b000000| Untracked 
|  27|0x000000101c000000, 0x000000101c000000, 0x000000101d000000|  0%| F|  |TAMS 0x000000101c000000| PB 0x000000101c000000| Untracked 
|  28|0x000000101d000000, 0x000000101d000000, 0x000000101e000000|  0%| F|  |TAMS 0x000000101d000000| PB 0x000000101d000000| Untracked 
|  29|0x000000101e000000, 0x000000101e000000, 0x000000101f000000|  0%| F|  |TAMS 0x000000101e000000| PB 0x000000101e000000| Untracked 
|  30|0x000000101f000000, 0x000000101f000000, 0x0000001020000000|  0%| F|  |TAMS 0x000000101f000000| PB 0x000000101f000000| Untracked 
|  31|0x0000001020000000, 0x0000001020000000, 0x0000001021000000|  0%| F|  |TAMS 0x0000001020000000| PB 0x0000001020000000| Untracked 
|  32|0x0000001021000000, 0x0000001021000000, 0x0000001022000000|  0%| F|  |TAMS 0x0000001021000000| PB 0x0000001021000000| Untracked 
|  33|0x0000001022000000, 0x0000001022000000, 0x0000001023000000|  0%| F|  |TAMS 0x0000001022000000| PB 0x0000001022000000| Untracked 
|  34|0x0000001023000000, 0x0000001023000000, 0x0000001024000000|  0%| F|  |TAMS 0x0000001023000000| PB 0x0000001023000000| Untracked 
|  35|0x0000001024000000, 0x0000001024000000, 0x0000001025000000|  0%| F|  |TAMS 0x0000001024000000| PB 0x0000001024000000| Untracked 
|  36|0x0000001025000000, 0x0000001025000000, 0x0000001026000000|  0%| F|  |TAMS 0x0000001025000000| PB 0x0000001025000000| Untracked 
|  37|0x0000001026000000, 0x0000001026000000, 0x0000001027000000|  0%| F|  |TAMS 0x0000001026000000| PB 0x0000001026000000| Untracked 
|  38|0x0000001027000000, 0x0000001027000000, 0x0000001028000000|  0%| F|  |TAMS 0x0000001027000000| PB 0x0000001027000000| Untracked 
|  39|0x0000001028000000, 0x0000001028000000, 0x0000001029000000|  0%| F|  |TAMS 0x0000001028000000| PB 0x0000001028000000| Untracked 
|  40|0x0000001029000000, 0x0000001029000000, 0x000000102a000000|  0%| F|  |TAMS 0x0000001029000000| PB 0x0000001029000000| Untracked 
|  41|0x000000102a000000, 0x000000102a000000, 0x000000102b000000|  0%| F|  |TAMS 0x000000102a000000| PB 0x000000102a000000| Untracked 
|  42|0x000000102b000000, 0x000000102b000000, 0x000000102c000000|  0%| F|  |TAMS 0x000000102b000000| PB 0x000000102b000000| Untracked 
|  43|0x000000102c000000, 0x000000102c000000, 0x000000102d000000|  0%| F|  |TAMS 0x000000102c000000| PB 0x000000102c000000| Untracked 
|  44|0x000000102d000000, 0x000000102d000000, 0x000000102e000000|  0%| F|  |TAMS 0x000000102d000000| PB 0x000000102d000000| Untracked 
|  45|0x000000102e000000, 0x000000102e000000, 0x000000102f000000|  0%| F|  |TAMS 0x000000102e000000| PB 0x000000102e000000| Untracked 
|  46|0x000000102f000000, 0x000000102f000000, 0x0000001030000000|  0%| F|  |TAMS 0x000000102f000000| PB 0x000000102f000000| Untracked 
|  47|0x0000001030000000, 0x0000001030000000, 0x0000001031000000|  0%| F|  |TAMS 0x0000001030000000| PB 0x0000001030000000| Untracked 
|  48|0x0000001031000000, 0x0000001031000000, 0x0000001032000000|  0%| F|  |TAMS 0x0000001031000000| PB 0x0000001031000000| Untracked 
|  49|0x0000001032000000, 0x0000001032000000, 0x0000001033000000|  0%| F|  |TAMS 0x0000001032000000| PB 0x0000001032000000| Untracked 
|  50|0x0000001033000000, 0x0000001033000000, 0x0000001034000000|  0%| F|  |TAMS 0x0000001033000000| PB 0x0000001033000000| Untracked 
|  51|0x0000001034000000, 0x0000001034000000, 0x0000001035000000|  0%| F|  |TAMS 0x0000001034000000| PB 0x0000001034000000| Untracked 
|  52|0x0000001035000000, 0x0000001035000000, 0x0000001036000000|  0%| F|  |TAMS 0x0000001035000000| PB 0x0000001035000000| Untracked 
|  53|0x0000001036000000, 0x0000001036000000, 0x0000001037000000|  0%| F|  |TAMS 0x0000001036000000| PB 0x0000001036000000| Untracked 
|  54|0x0000001037000000, 0x0000001037000000, 0x0000001038000000|  0%| F|  |TAMS 0x0000001037000000| PB 0x0000001037000000| Untracked 
|  55|0x0000001038000000, 0x0000001038000000, 0x0000001039000000|  0%| F|  |TAMS 0x0000001038000000| PB 0x0000001038000000| Untracked 
|  56|0x0000001039000000, 0x0000001039000000, 0x000000103a000000|  0%| F|  |TAMS 0x0000001039000000| PB 0x0000001039000000| Untracked 
|  57|0x000000103a000000, 0x000000103a000000, 0x000000103b000000|  0%| F|  |TAMS 0x000000103a000000| PB 0x000000103a000000| Untracked 
|  58|0x000000103b000000, 0x000000103b000000, 0x000000103c000000|  0%| F|  |TAMS 0x000000103b000000| PB 0x000000103b000000| Untracked 
|  59|0x000000103c000000, 0x000000103c000000, 0x000000103d000000|  0%| F|  |TAMS 0x000000103c000000| PB 0x000000103c000000| Untracked 
|  60|0x000000103d000000, 0x000000103d000000, 0x000000103e000000|  0%| F|  |TAMS 0x000000103d000000| PB 0x000000103d000000| Untracked 
|  61|0x000000103e000000, 0x000000103e000000, 0x000000103f000000|  0%| F|  |TAMS 0x000000103e000000| PB 0x000000103e000000| Untracked 
|  62|0x000000103f000000, 0x000000103f000000, 0x0000001040000000|  0%| F|  |TAMS 0x000000103f000000| PB 0x000000103f000000| Untracked 
|  63|0x0000001040000000, 0x0000001040000000, 0x0000001041000000|  0%| F|  |TAMS 0x0000001040000000| PB 0x0000001040000000| Untracked 
|  64|0x0000001041000000, 0x0000001041000000, 0x0000001042000000|  0%| F|  |TAMS 0x0000001041000000| PB 0x0000001041000000| Untracked 
|  65|0x0000001042000000, 0x0000001042000000, 0x0000001043000000|  0%| F|  |TAMS 0x0000001042000000| PB 0x0000001042000000| Untracked 
|  66|0x0000001043000000, 0x0000001043000000, 0x0000001044000000|  0%| F|  |TAMS 0x0000001043000000| PB 0x0000001043000000| Untracked 
|  67|0x0000001044000000, 0x0000001044000000, 0x0000001045000000|  0%| F|  |TAMS 0x0000001044000000| PB 0x0000001044000000| Untracked 
|  68|0x0000001045000000, 0x0000001045000000, 0x0000001046000000|  0%| F|  |TAMS 0x0000001045000000| PB 0x0000001045000000| Untracked 
|  69|0x0000001046000000, 0x0000001046000000, 0x0000001047000000|  0%| F|  |TAMS 0x0000001046000000| PB 0x0000001046000000| Untracked 
|  70|0x0000001047000000, 0x0000001047000000, 0x0000001048000000|  0%| F|  |TAMS 0x0000001047000000| PB 0x0000001047000000| Untracked 
|  71|0x0000001048000000, 0x0000001048000000, 0x0000001049000000|  0%| F|  |TAMS 0x0000001048000000| PB 0x0000001048000000| Untracked 
|  72|0x0000001049000000, 0x0000001049000000, 0x000000104a000000|  0%| F|  |TAMS 0x0000001049000000| PB 0x0000001049000000| Untracked 
|  73|0x000000104a000000, 0x000000104a000000, 0x000000104b000000|  0%| F|  |TAMS 0x000000104a000000| PB 0x000000104a000000| Untracked 
|  74|0x000000104b000000, 0x000000104b000000, 0x000000104c000000|  0%| F|  |TAMS 0x000000104b000000| PB 0x000000104b000000| Untracked 
|  75|0x000000104c000000, 0x000000104c000000, 0x000000104d000000|  0%| F|  |TAMS 0x000000104c000000| PB 0x000000104c000000| Untracked 
|  76|0x000000104d000000, 0x000000104d000000, 0x000000104e000000|  0%| F|  |TAMS 0x000000104d000000| PB 0x000000104d000000| Untracked 
|  77|0x000000104e000000, 0x000000104e000000, 0x000000104f000000|  0%| F|  |TAMS 0x000000104e000000| PB 0x000000104e000000| Untracked 
|  78|0x000000104f000000, 0x000000104f000000, 0x0000001050000000|  0%| F|  |TAMS 0x000000104f000000| PB 0x000000104f000000| Untracked 
|  79|0x0000001050000000, 0x0000001050000000, 0x0000001051000000|  0%| F|  |TAMS 0x0000001050000000| PB 0x0000001050000000| Untracked 
|  80|0x0000001051000000, 0x0000001051000000, 0x0000001052000000|  0%| F|  |TAMS 0x0000001051000000| PB 0x0000001051000000| Untracked 
|  81|0x0000001052000000, 0x0000001052000000, 0x0000001053000000|  0%| F|  |TAMS 0x0000001052000000| PB 0x0000001052000000| Untracked 
|  82|0x0000001053000000, 0x0000001053000000, 0x0000001054000000|  0%| F|  |TAMS 0x0000001053000000| PB 0x0000001053000000| Untracked 
|  83|0x0000001054000000, 0x0000001054000000, 0x0000001055000000|  0%| F|  |TAMS 0x0000001054000000| PB 0x0000001054000000| Untracked 
|  84|0x0000001055000000, 0x0000001055000000, 0x0000001056000000|  0%| F|  |TAMS 0x0000001055000000| PB 0x0000001055000000| Untracked 
|  85|0x0000001056000000, 0x0000001056000000, 0x0000001057000000|  0%| F|  |TAMS 0x0000001056000000| PB 0x0000001056000000| Untracked 
|  86|0x0000001057000000, 0x0000001057000000, 0x0000001058000000|  0%| F|  |TAMS 0x0000001057000000| PB 0x0000001057000000| Untracked 
|  87|0x0000001058000000, 0x0000001058000000, 0x0000001059000000|  0%| F|  |TAMS 0x0000001058000000| PB 0x0000001058000000| Untracked 
|  88|0x0000001059000000, 0x0000001059000000, 0x000000105a000000|  0%| F|  |TAMS 0x0000001059000000| PB 0x0000001059000000| Untracked 
|  89|0x000000105a000000, 0x000000105a000000, 0x000000105b000000|  0%| F|  |TAMS 0x000000105a000000| PB 0x000000105a000000| Untracked 
|  90|0x000000105b000000, 0x000000105b000000, 0x000000105c000000|  0%| F|  |TAMS 0x000000105b000000| PB 0x000000105b000000| Untracked 
|  91|0x000000105c000000, 0x000000105c000000, 0x000000105d000000|  0%| F|  |TAMS 0x000000105c000000| PB 0x000000105c000000| Untracked 
|  92|0x000000105d000000, 0x000000105d000000, 0x000000105e000000|  0%| F|  |TAMS 0x000000105d000000| PB 0x000000105d000000| Untracked 
|  93|0x000000105e000000, 0x000000105e000000, 0x000000105f000000|  0%| F|  |TAMS 0x000000105e000000| PB 0x000000105e000000| Untracked 
|  94|0x000000105f000000, 0x000000105f000000, 0x0000001060000000|  0%| F|  |TAMS 0x000000105f000000| PB 0x000000105f000000| Untracked 
|  95|0x0000001060000000, 0x0000001060000000, 0x0000001061000000|  0%| F|  |TAMS 0x0000001060000000| PB 0x0000001060000000| Untracked 
|  96|0x0000001061000000, 0x0000001061000000, 0x0000001062000000|  0%| F|  |TAMS 0x0000001061000000| PB 0x0000001061000000| Untracked 
|  97|0x0000001062000000, 0x0000001062000000, 0x0000001063000000|  0%| F|  |TAMS 0x0000001062000000| PB 0x0000001062000000| Untracked 
|  98|0x0000001063000000, 0x0000001063000000, 0x0000001064000000|  0%| F|  |TAMS 0x0000001063000000| PB 0x0000001063000000| Untracked 
|  99|0x0000001064000000, 0x0000001064000000, 0x0000001065000000|  0%| F|  |TAMS 0x0000001064000000| PB 0x0000001064000000| Untracked 
| 100|0x0000001065000000, 0x0000001065000000, 0x0000001066000000|  0%| F|  |TAMS 0x0000001065000000| PB 0x0000001065000000| Untracked 
| 101|0x0000001066000000, 0x0000001066000000, 0x0000001067000000|  0%| F|  |TAMS 0x0000001066000000| PB 0x0000001066000000| Untracked 
| 102|0x0000001067000000, 0x0000001067000000, 0x0000001068000000|  0%| F|  |TAMS 0x0000001067000000| PB 0x0000001067000000| Untracked 
| 103|0x0000001068000000, 0x0000001068000000, 0x0000001069000000|  0%| F|  |TAMS 0x0000001068000000| PB 0x0000001068000000| Untracked 
| 104|0x0000001069000000, 0x0000001069000000, 0x000000106a000000|  0%| F|  |TAMS 0x0000001069000000| PB 0x0000001069000000| Untracked 
| 105|0x000000106a000000, 0x000000106a000000, 0x000000106b000000|  0%| F|  |TAMS 0x000000106a000000| PB 0x000000106a000000| Untracked 
| 106|0x000000106b000000, 0x000000106b000000, 0x000000106c000000|  0%| F|  |TAMS 0x000000106b000000| PB 0x000000106b000000| Untracked 
| 107|0x000000106c000000, 0x000000106c000000, 0x000000106d000000|  0%| F|  |TAMS 0x000000106c000000| PB 0x000000106c000000| Untracked 
| 108|0x000000106d000000, 0x000000106d000000, 0x000000106e000000|  0%| F|  |TAMS 0x000000106d000000| PB 0x000000106d000000| Untracked 
| 109|0x000000106e000000, 0x000000106e000000, 0x000000106f000000|  0%| F|  |TAMS 0x000000106e000000| PB 0x000000106e000000| Untracked 
| 110|0x000000106f000000, 0x000000106f000000, 0x0000001070000000|  0%| F|  |TAMS 0x000000106f000000| PB 0x000000106f000000| Untracked 
| 111|0x0000001070000000, 0x0000001070000000, 0x0000001071000000|  0%| F|  |TAMS 0x0000001070000000| PB 0x0000001070000000| Untracked 
| 112|0x0000001071000000, 0x0000001071000000, 0x0000001072000000|  0%| F|  |TAMS 0x0000001071000000| PB 0x0000001071000000| Untracked 
| 113|0x0000001072000000, 0x0000001072000000, 0x0000001073000000|  0%| F|  |TAMS 0x0000001072000000| PB 0x0000001072000000| Untracked 
| 114|0x0000001073000000, 0x0000001073000000, 0x0000001074000000|  0%| F|  |TAMS 0x0000001073000000| PB 0x0000001073000000| Untracked 
| 115|0x0000001074000000, 0x0000001074000000, 0x0000001075000000|  0%| F|  |TAMS 0x0000001074000000| PB 0x0000001074000000| Untracked 
| 116|0x0000001075000000, 0x0000001075000000, 0x0000001076000000|  0%| F|  |TAMS 0x0000001075000000| PB 0x0000001075000000| Untracked 
| 117|0x0000001076000000, 0x0000001076000000, 0x0000001077000000|  0%| F|  |TAMS 0x0000001076000000| PB 0x0000001076000000| Untracked 
| 118|0x0000001077000000, 0x0000001077000000, 0x0000001078000000|  0%| F|  |TAMS 0x0000001077000000| PB 0x0000001077000000| Untracked 
| 119|0x0000001078000000, 0x0000001078000000, 0x0000001079000000|  0%| F|  |TAMS 0x0000001078000000| PB 0x0000001078000000| Untracked 
| 120|0x0000001079000000, 0x0000001079000000, 0x000000107a000000|  0%| F|  |TAMS 0x0000001079000000| PB 0x0000001079000000| Untracked 
| 121|0x000000107a000000, 0x000000107a000000, 0x000000107b000000|  0%| F|  |TAMS 0x000000107a000000| PB 0x000000107a000000| Untracked 
| 122|0x000000107b000000, 0x000000107b000000, 0x000000107c000000|  0%| F|  |TAMS 0x000000107b000000| PB 0x000000107b000000| Untracked 
| 123|0x000000107c000000, 0x000000107d000000, 0x000000107d000000|100%| E|  |TAMS 0x000000107c000000| PB 0x000000107c000000| Complete 
| 124|0x000000107d000000, 0x000000107e000000, 0x000000107e000000|100%| E|CS|TAMS 0x000000107d000000| PB 0x000000107d000000| Complete 
| 125|0x000000107e000000, 0x000000107f000000, 0x000000107f000000|100%| E|CS|TAMS 0x000000107e000000| PB 0x000000107e000000| Complete 
| 126|0x000000107f000000, 0x0000001080000000, 0x0000001080000000|100%| E|CS|TAMS 0x000000107f000000| PB 0x000000107f000000| Complete 
| 127|0x0000001080000000, 0x0000001081000000, 0x0000001081000000|100%| E|CS|TAMS 0x0000001080000000| PB 0x0000001080000000| Complete 
|1887|0x0000001760000000, 0x000000176010c7c0, 0x0000001761000000|  6%| O|  |TAMS 0x0000001760000000| PB 0x0000001760000000| Untracked 

Card table byte_map: [0x00007fec80160000,0x00007fec83c60000] _byte_map_base: 0x00007fec78158000

Marking Bits: (CMBitMap*) 0x000000000caee3c0
 Bits: [0x00007fec62960000, 0x00007fec80160000)

Polling page: 0x00007ff059a2c000

Metaspace:

Usage:
  Non-class:     16.71 MB used.
      Class:      2.06 MB used.
       Both:     18.77 MB used.

Virtual space:
  Non-class space:       64.00 MB reserved,      16.88 MB ( 26%) committed,  1 nodes.
      Class space:        1.00 GB reserved,       2.19 MB ( <1%) committed,  1 nodes.
             Both:        1.06 GB reserved,      19.06 MB (  2%) committed. 

Chunk freelists:
   Non-Class:  14.61 MB
       Class:  13.67 MB
        Both:  28.28 MB

MaxMetaspaceSize: unlimited
CompressedClassSpaceSize: 1.00 GB
Initial GC threshold: 21.00 MB
Current GC threshold: 21.00 MB
CDS: on
 - commit_granule_bytes: 65536.
 - commit_granule_words: 8192.
 - virtual_space_node_default_size: 8388608.
 - enlarge_chunks_in_place: 1.
 - use_allocation_guard: 0.


Internal statistics:

num_allocs_failed_limit: 0.
num_arena_births: 280.
num_arena_deaths: 0.
num_vsnodes_births: 2.
num_vsnodes_deaths: 0.
num_space_committed: 305.
num_space_uncommitted: 0.
num_chunks_returned_to_freelist: 0.
num_chunks_taken_from_freelist: 758.
num_chunk_merges: 0.
num_chunk_splits: 553.
num_chunks_enlarged: 423.
num_inconsistent_stats: 0.

CodeHeap 'non-profiled nmethods': size=118880Kb used=745Kb max_used=745Kb free=118134Kb
 bounds [0x00007fec8f51a000, 0x00007fec8f78a000, 0x00007fec96932000]
CodeHeap 'profiled nmethods': size=118876Kb used=3932Kb max_used=3932Kb free=114944Kb
 bounds [0x00007fec87932000, 0x00007fec87d12000, 0x00007fec8ed49000]
CodeHeap 'non-nmethods': size=8004Kb used=1609Kb max_used=3804Kb free=6394Kb
 bounds [0x00007fec8ed49000, 0x00007fec8f109000, 0x00007fec8f51a000]
 total_blobs=2747 nmethods=2180 adapters=472
 compilation: enabled
              stopped_count=0, restarted_count=0
 full_count=0

Compilation events (20 events):
Event: 1.989 Thread 0x000000001ae966c0 nmethod 2170 0x00007fec87d06e10 code [0x00007fec87d06fe0, 0x00007fec87d07210]
Event: 1.989 Thread 0x000000001ae95760 nmethod 2169 0x00007fec8f5d2e90 code [0x00007fec8f5d3020, 0x00007fec8f5d3200]
Event: 1.989 Thread 0x00007febe4174c60 2172       3       java.lang.invoke.MemberName::asSpecial (89 bytes)
Event: 1.990 Thread 0x00007febe4098530 2173       4       jdk.internal.misc.Unsafe::allocateUninitializedArray0 (90 bytes)
Event: 1.990 Thread 0x00007febe4174c60 nmethod 2172 0x00007fec87d07310 code [0x00007fec87d075e0, 0x00007fec87d08290]
Event: 1.990 Thread 0x00007febe4098530 nmethod 2173 0x00007fec8f5d3310 code [0x00007fec8f5d34a0, 0x00007fec8f5d3698]
Event: 24.302 Thread 0x000000001ae966c0 2174       1       java.util.concurrent.CopyOnWriteArrayList::getArray (5 bytes)
Event: 24.302 Thread 0x000000001ae966c0 nmethod 2174 0x00007fec8f5d3790 code [0x00007fec8f5d3920, 0x00007fec8f5d39e8]
Event: 24.303 Thread 0x000000001ae966c0 2175       1       java.util.logging.LogManager$LoggerContext::getOwner (5 bytes)
Event: 24.303 Thread 0x000000001ae966c0 nmethod 2175 0x00007fec8f5d3a90 code [0x00007fec8f5d3c20, 0x00007fec8f5d3ce8]
Event: 24.303 Thread 0x000000001ae966c0 2176       3       java.util.concurrent.locks.ReentrantLock$Sync::tryRelease (51 bytes)
Event: 24.303 Thread 0x000000001ae95760 2178       4       java.util.HashMap::hash (20 bytes)
Event: 24.303 Thread 0x000000001ae966c0 nmethod 2176 0x00007fec87d08710 code [0x00007fec87d088e0, 0x00007fec87d08c50]
Event: 24.303 Thread 0x000000001ae966c0 2180       3       javax.management.ObjectName::getDomainLength (9 bytes)
Event: 24.303 Thread 0x000000001ae966c0 nmethod 2180 0x00007fec87d08d10 code [0x00007fec87d08ea0, 0x00007fec87d08fa8]
Event: 24.303 Thread 0x000000001ae966c0 2177       1       javax.management.ObjectName$Property::setKeyIndex (6 bytes)
Event: 24.303 Thread 0x000000001ae966c0 nmethod 2177 0x00007fec8f5d3d90 code [0x00007fec8f5d3f20, 0x00007fec8f5d3fe0]
Event: 24.303 Thread 0x000000001ae966c0 2179       1       java.util.logging.Level::intValue (5 bytes)
Event: 24.303 Thread 0x000000001ae966c0 nmethod 2179 0x00007fec8f5d4090 code [0x00007fec8f5d4220, 0x00007fec8f5d42e0]
Event: 24.304 Thread 0x000000001ae95760 nmethod 2178 0x00007fec8f5d4390 code [0x00007fec8f5d4520, 0x00007fec8f5d4620]

GC Heap History (0 events):
No events

Dll operation events (8 events):
Event: 0.010 Loaded shared library /usr/lib/jvm/java-21-openjdk-amd64/lib/libjava.so
Event: 0.033 Loaded shared library /usr/lib/jvm/java-21-openjdk-amd64/lib/libjsvml.so
Event: 0.104 Loaded shared library /usr/lib/jvm/java-21-openjdk-amd64/lib/libnio.so
Event: 0.257 Loaded shared library /usr/lib/jvm/java-21-openjdk-amd64/lib/libzip.so
Event: 0.330 Loaded shared library /usr/lib/jvm/java-21-openjdk-amd64/lib/libjimage.so
Event: 0.435 Loaded shared library /usr/lib/jvm/java-21-openjdk-amd64/lib/libmanagement.so
Event: 0.437 Loaded shared library /usr/lib/jvm/java-21-openjdk-amd64/lib/libmanagement_ext.so
Event: 0.555 Loaded shared library /usr/lib/jvm/java-21-openjdk-amd64/lib/libnet.so

Deoptimization events (20 events):
Event: 1.984 Thread 0x000000000bb4c820 Uncommon trap: trap_request=0xffffff45 fr.pc=0x00007fec8f58b858 relative=0x0000000000000778
Event: 1.984 Thread 0x000000000bb4c820 Uncommon trap: reason=unstable_if action=reinterpret pc=0x00007fec8f58b858 method=java.lang.Integer.getChars(II[B)I @ 25 c2
Event: 1.984 Thread 0x000000000bb4c820 DEOPT PACKING pc=0x00007fec8f58b858 sp=0x00007ffd1de71dd0
Event: 1.984 Thread 0x000000000bb4c820 DEOPT UNPACKING pc=0x00007fec8eda0619 sp=0x00007ffd1de71d18 mode 2
Event: 1.990 Thread 0x000000000bb4c820 Uncommon trap: trap_request=0xffffffde fr.pc=0x00007fec8f5d3144 relative=0x0000000000000124
Event: 1.990 Thread 0x000000000bb4c820 Uncommon trap: reason=class_check action=maybe_recompile pc=0x00007fec8f5d3144 method=jdk.internal.misc.Unsafe.allocateUninitializedArray(Ljava/lang/Class;I)Ljava/lang/Object; @ 51 c2
Event: 1.990 Thread 0x000000000bb4c820 DEOPT PACKING pc=0x00007fec8f5d3144 sp=0x00007ffd1de71680
Event: 1.990 Thread 0x000000000bb4c820 DEOPT UNPACKING pc=0x00007fec8eda0619 sp=0x00007ffd1de71618 mode 2
Event: 1.990 Thread 0x000000000bb4c820 Uncommon trap: trap_request=0xffffffde fr.pc=0x00007fec8f5d3144 relative=0x0000000000000124
Event: 1.990 Thread 0x000000000bb4c820 Uncommon trap: reason=class_check action=maybe_recompile pc=0x00007fec8f5d3144 method=jdk.internal.misc.Unsafe.allocateUninitializedArray(Ljava/lang/Class;I)Ljava/lang/Object; @ 51 c2
Event: 1.990 Thread 0x000000000bb4c820 DEOPT PACKING pc=0x00007fec8f5d3144 sp=0x00007ffd1de71200
Event: 1.990 Thread 0x000000000bb4c820 DEOPT UNPACKING pc=0x00007fec8eda0619 sp=0x00007ffd1de71198 mode 2
Event: 24.302 Thread 0x00007febf4009320 Uncommon trap: trap_request=0xffffffde fr.pc=0x00007fec8f5d3144 relative=0x0000000000000124
Event: 24.302 Thread 0x00007febf4009320 Uncommon trap: reason=class_check action=maybe_recompile pc=0x00007fec8f5d3144 method=jdk.internal.misc.Unsafe.allocateUninitializedArray(Ljava/lang/Class;I)Ljava/lang/Object; @ 51 c2
Event: 24.302 Thread 0x00007febf4009320 DEOPT PACKING pc=0x00007fec8f5d3144 sp=0x00007fec0a52cf40
Event: 24.302 Thread 0x00007febf4009320 DEOPT UNPACKING pc=0x00007fec8eda0619 sp=0x00007fec0a52ced8 mode 2
Event: 24.302 Thread 0x00007febf4009320 Uncommon trap: trap_request=0xffffffde fr.pc=0x00007fec8f5d3144 relative=0x0000000000000124
Event: 24.302 Thread 0x00007febf4009320 Uncommon trap: reason=class_check action=maybe_recompile pc=0x00007fec8f5d3144 method=jdk.internal.misc.Unsafe.allocateUninitializedArray(Ljava/lang/Class;I)Ljava/lang/Object; @ 51 c2
Event: 24.302 Thread 0x00007febf4009320 DEOPT PACKING pc=0x00007fec8f5d3144 sp=0x00007fec0a52cd60
Event: 24.302 Thread 0x00007febf4009320 DEOPT UNPACKING pc=0x00007fec8eda0619 sp=0x00007fec0a52ccf8 mode 2

Classes loaded (20 events):
Event: 1.984 Loading class java/math/MutableBigInteger
Event: 1.984 Loading class java/math/MutableBigInteger done
Event: 1.985 Loading class jdk/internal/math/FloatingDecimal
Event: 1.985 Loading class jdk/internal/math/FloatingDecimal done
Event: 1.985 Loading class jdk/internal/math/FloatingDecimal$ExceptionalBinaryToASCIIBuffer
Event: 1.985 Loading class jdk/internal/math/FloatingDecimal$BinaryToASCIIConverter
Event: 1.985 Loading class jdk/internal/math/FloatingDecimal$BinaryToASCIIConverter done
Event: 1.985 Loading class jdk/internal/math/FloatingDecimal$ExceptionalBinaryToASCIIBuffer done
Event: 1.985 Loading class jdk/internal/math/FloatingDecimal$BinaryToASCIIBuffer
Event: 1.986 Loading class jdk/internal/math/FloatingDecimal$BinaryToASCIIBuffer done
Event: 1.986 Loading class jdk/internal/math/FloatingDecimal$1
Event: 1.986 Loading class jdk/internal/math/FloatingDecimal$1 done
Event: 1.986 Loading class jdk/internal/math/FloatingDecimal$PreparedASCIIToBinaryBuffer
Event: 1.986 Loading class jdk/internal/math/FloatingDecimal$ASCIIToBinaryConverter
Event: 1.986 Loading class jdk/internal/math/FloatingDecimal$ASCIIToBinaryConverter done
Event: 1.986 Loading class jdk/internal/math/FloatingDecimal$PreparedASCIIToBinaryBuffer done
Event: 1.986 Loading class jdk/internal/math/FloatingDecimal$ASCIIToBinaryBuffer
Event: 1.986 Loading class jdk/internal/math/FloatingDecimal$ASCIIToBinaryBuffer done
Event: 24.301 Loading class jdk/internal/misc/Signal$1
Event: 24.301 Loading class jdk/internal/misc/Signal$1 done

Classes unloaded (0 events):
No events

Classes redefined (0 events):
No events

Internal exceptions (20 events):
Event: 0.575 Thread 0x000000000bb4c820 Exception <a 'java/lang/NoSuchMethodError'{0x000000107e479d80}: 'int java.lang.invoke.Invokers$Holder.invokeExact_MT(java.lang.Object, java.lang.Object, java.lang.Object)'> (0x000000107e479d80) 
thrown [./src/hotspot/share/interpreter/linkResolver.cpp, line 772]
Event: 0.592 Thread 0x000000000bb4c820 Exception <a 'java/lang/NoSuchMethodError'{0x000000107e5aa260}: 'java.lang.Object java.lang.invoke.Invokers$Holder.invokeExact_MT(java.lang.Object, java.lang.Object, java.lang.Object, java.lang.Object, java.lang.Object, java.lang.Object)'> (0x000000107e5aa260) 
thrown [./src/hotspot/share/interpreter/linkResolver.cpp, line 772]
Event: 0.599 Thread 0x000000000bb4c820 Exception <a 'java/lang/NoSuchMethodError'{0x000000107e7cf8f0}: 'int java.lang.invoke.DirectMethodHandle$Holder.invokeInterface(java.lang.Object, java.lang.Object)'> (0x000000107e7cf8f0) 
thrown [./src/hotspot/share/interpreter/linkResolver.cpp, line 772]
Event: 0.600 Thread 0x000000000bb4c820 Exception <a 'java/lang/IncompatibleClassChangeError'{0x000000107e7d2b10}: Found class java.lang.Object, but interface was expected> (0x000000107e7d2b10) 
thrown [./src/hotspot/share/interpreter/linkResolver.cpp, line 840]
Event: 0.600 Thread 0x000000000bb4c820 Exception <a 'java/lang/NoSuchMethodError'{0x000000107e7d7cb0}: 'void java.lang.invoke.DirectMethodHandle$Holder.invokeStatic(java.lang.Object, java.lang.Object)'> (0x000000107e7d7cb0) 
thrown [./src/hotspot/share/interpreter/linkResolver.cpp, line 772]
Event: 1.887 Thread 0x000000000bb4c820 Exception <a 'java/lang/NoSuchMethodError'{0x000000107dedff60}: 'java.lang.Object java.lang.invoke.DirectMethodHandle$Holder.invokeStaticInit(java.lang.Object, java.lang.Object, java.lang.Object, java.lang.Object, java.lang.Object)'> (0x000000107dedff60) 
thrown [./src/hotspot/share/interpreter/linkResolver.cpp, line 772]
Event: 1.887 Thread 0x000000000bb4c820 Exception <a 'java/lang/NoSuchMethodError'{0x000000107dee6d20}: 'java.lang.Object java.lang.invoke.DirectMethodHandle$Holder.invokeInterface(java.lang.Object, java.lang.Object, java.lang.Object)'> (0x000000107dee6d20) 
thrown [./src/hotspot/share/interpreter/linkResolver.cpp, line 772]
Event: 1.889 Thread 0x000000000bb4c820 Exception <a 'java/lang/NoSuchMethodError'{0x000000107deff590}: 'int java.lang.invoke.DirectMethodHandle$Holder.invokeStaticInit(java.lang.Object, java.lang.Object, java.lang.Object)'> (0x000000107deff590) 
thrown [./src/hotspot/share/interpreter/linkResolver.cpp, line 772]
Event: 1.894 Thread 0x000000000bb4c820 Exception <a 'java/lang/ClassNotFoundException'{0x000000107df3a388}: sun/util/logging/resources/spi/loggingProvider> (0x000000107df3a388) 
thrown [./src/hotspot/share/classfile/systemDictionary.cpp, line 312]
Event: 1.904 Thread 0x000000000bb4c820 Exception <a 'java/lang/NoSuchMethodError'{0x000000107dfd74f8}: 'int java.lang.invoke.DirectMethodHandle$Holder.invokeStaticInit(java.lang.Object, int)'> (0x000000107dfd74f8) 
thrown [./src/hotspot/share/interpreter/linkResolver.cpp, line 772]
Event: 1.904 Thread 0x000000000bb4c820 Exception <a 'java/lang/NoSuchMethodError'{0x000000107dfdb0e0}: 'long java.lang.invoke.DirectMethodHandle$Holder.invokeStatic(java.lang.Object, java.lang.Object)'> (0x000000107dfdb0e0) 
thrown [./src/hotspot/share/interpreter/linkResolver.cpp, line 772]
Event: 1.905 Thread 0x000000000bb4c820 Exception <a 'java/lang/NoSuchMethodError'{0x000000107dfde688}: 'long java.lang.invoke.DirectMethodHandle$Holder.invokeStaticInit(java.lang.Object, java.lang.Object)'> (0x000000107dfde688) 
thrown [./src/hotspot/share/interpreter/linkResolver.cpp, line 772]
Event: 1.905 Thread 0x000000000bb4c820 Exception <a 'java/lang/NoSuchMethodError'{0x000000107dfe5280}: 'java.lang.Object java.lang.invoke.DirectMethodHandle$Holder.invokeStaticInit(java.lang.Object, long, long, long)'> (0x000000107dfe5280) 
thrown [./src/hotspot/share/interpreter/linkResolver.cpp, line 772]
Event: 1.924 Thread 0x000000000bb4c820 Exception <a 'java/lang/NoSuchMethodError'{0x000000107c2513f0}: 'void java.lang.invoke.DirectMethodHandle$Holder.invokeInterface(java.lang.Object, java.lang.Object, int)'> (0x000000107c2513f0) 
thrown [./src/hotspot/share/interpreter/linkResolver.cpp, line 772]
Event: 1.924 Thread 0x000000000bb4c820 Exception <a 'java/lang/IncompatibleClassChangeError'{0x000000107c254918}: Found class java.lang.Object, but interface was expected> (0x000000107c254918) 
thrown [./src/hotspot/share/interpreter/linkResolver.cpp, line 840]
Event: 1.948 Thread 0x000000000bb4c820 Exception <a 'java/lang/NoSuchMethodError'{0x000000107c533928}: 'long java.lang.invoke.DirectMethodHandle$Holder.invokeStatic(java.lang.Object)'> (0x000000107c533928) 
thrown [./src/hotspot/share/interpreter/linkResolver.cpp, line 772]
Event: 1.948 Thread 0x000000000bb4c820 Exception <a 'java/lang/NoSuchMethodError'{0x000000107c536ac0}: 'long java.lang.invoke.DirectMethodHandle$Holder.invokeStaticInit(java.lang.Object)'> (0x000000107c536ac0) 
thrown [./src/hotspot/share/interpreter/linkResolver.cpp, line 772]
Event: 1.949 Thread 0x000000000bb4c820 Exception <a 'java/lang/NoSuchMethodError'{0x000000107c5572f0}: 'java.lang.reflect.Field[] java.lang.Class.getDeclaredFields(java.lang.Class)'> (0x000000107c5572f0) 
thrown [./src/hotspot/share/interpreter/linkResolver.cpp, line 772]
Event: 1.951 Thread 0x000000000bb4c820 Exception <a 'java/lang/NoSuchMethodError'{0x000000107c56fee0}: 'void java.lang.invoke.DirectMethodHandle$Holder.invokeStaticInit(java.lang.Object, java.lang.Object)'> (0x000000107c56fee0) 
thrown [./src/hotspot/share/interpreter/linkResolver.cpp, line 772]
Event: 1.989 Thread 0x000000000bb4c820 Exception <a 'java/lang/NoSuchMethodError'{0x000000107c955870}: 'void java.lang.invoke.DirectMethodHandle$Holder.invokeInterface(java.lang.Object, java.lang.Object)'> (0x000000107c955870) 
thrown [./src/hotspot/share/interpreter/linkResolver.cpp, line 772]

ZGC Phase Switch (0 events):
No events

VM Operations (20 events):
Event: 1.906 Executing VM operation: HandshakeAllThreads (Deoptimize) done
Event: 1.942 Executing VM operation: HandshakeAllThreads (CloseScopedMemory)
Event: 1.943 Executing VM operation: HandshakeAllThreads (CloseScopedMemory) done
Event: 1.952 Executing VM operation: HandshakeAllThreads (CloseScopedMemory)
Event: 1.952 Executing VM operation: HandshakeAllThreads (CloseScopedMemory) done
Event: 1.955 Executing VM operation: HandshakeAllThreads (CloseScopedMemory)
Event: 1.955 Executing VM operation: HandshakeAllThreads (CloseScopedMemory) done
Event: 1.969 Executing VM operation: HandshakeAllThreads (CloseScopedMemory)
Event: 1.969 Executing VM operation: HandshakeAllThreads (CloseScopedMemory) done
Event: 1.970 Executing VM operation: HandshakeAllThreads (CloseScopedMemory)
Event: 1.970 Executing VM operation: HandshakeAllThreads (CloseScopedMemory) done
Event: 1.974 Executing VM operation: HandshakeAllThreads (CloseScopedMemory)
Event: 1.974 Executing VM operation: HandshakeAllThreads (CloseScopedMemory) done
Event: 1.977 Executing VM operation: HandshakeAllThreads (CloseScopedMemory)
Event: 1.977 Executing VM operation: HandshakeAllThreads (CloseScopedMemory) done
Event: 1.980 Executing VM operation: HandshakeAllThreads (CloseScopedMemory)
Event: 1.980 Executing VM operation: HandshakeAllThreads (CloseScopedMemory) done
Event: 2.981 Executing VM operation: Cleanup
Event: 2.981 Executing VM operation: Cleanup done
Event: 24.305 Executing VM operation: Exit

Memory protections (20 events):
Event: 0.029 Protecting memory [0x00007fec0ad00000,0x00007fec0ad04000] with protection modes 0
Event: 0.029 Protecting memory [0x00007fec0ac00000,0x00007fec0ac04000] with protection modes 0
Event: 0.029 Protecting memory [0x00007fec0ab00000,0x00007fec0ab04000] with protection modes 0
Event: 0.029 Protecting memory [0x00007fec0aa00000,0x00007fec0aa04000] with protection modes 0
Event: 0.029 Protecting memory [0x00007fec0a900000,0x00007fec0a904000] with protection modes 0
Event: 0.033 Protecting memory [0x00007fec0a800000,0x00007fec0a804000] with protection modes 0
Event: 0.040 Protecting memory [0x00007fec0a62f000,0x00007fec0a633000] with protection modes 0
Event: 0.050 Protecting memory [0x00007fec0a52f000,0x00007fec0a533000] with protection modes 0
Event: 0.221 Protecting memory [0x00007fec0a42f000,0x00007fec0a433000] with protection modes 0
Event: 0.221 Protecting memory [0x00007fec0a32f000,0x00007fec0a333000] with protection modes 0
Event: 0.366 Protecting memory [0x00007fec0a42f000,0x00007fec0a433000] with protection modes 0
Event: 0.367 Protecting memory [0x00007fec0a32f000,0x00007fec0a333000] with protection modes 0
Event: 0.388 Protecting memory [0x00007fec0a22f000,0x00007fec0a233000] with protection modes 0
Event: 0.388 Protecting memory [0x00007fec0a12f000,0x00007fec0a133000] with protection modes 0
Event: 0.388 Protecting memory [0x00007fec0a02f000,0x00007fec0a033000] with protection modes 0
Event: 0.684 Protecting memory [0x00007fec09f2f000,0x00007fec09f33000] with protection modes 0
Event: 1.950 Protecting memory [0x00007fec0a32f000,0x00007fec0a333000] with protection modes 0
Event: 24.301 Protecting memory [0x00007fec0a42f000,0x00007fec0a433000] with protection modes 0
Event: 24.302 Protecting memory [0x00007fec0a32f000,0x00007fec0a333000] with protection modes 0
Event: 24.302 Protecting memory [0x00007fec09f2f000,0x00007fec09f33000] with protection modes 0

Nmethod flushes (0 events):
No events

Events (20 events):
Event: 0.388 Thread 0x00007febd806d340 Thread added: 0x00007febc801da90
Event: 0.388 Thread 0x00007febd806d340 Thread added: 0x00007febc801f030
Event: 0.388 Thread 0x00007febd806d340 Thread added: 0x00007febc8020580
Event: 0.683 Thread 0x000000001ae95760 Thread added: 0x00007febe01ba350
Event: 1.535 Thread 0x00007febc8020580 Thread exited: 0x00007febc8020580
Event: 1.536 Thread 0x00007febc801f030 Thread exited: 0x00007febc801f030
Event: 1.536 Thread 0x00007febc801da90 Thread exited: 0x00007febc801da90
Event: 1.540 Thread 0x00007febe4034790 Thread exited: 0x00007febe4034790
Event: 1.783 Thread 0x00007febe01ba350 Thread exited: 0x00007febe01ba350
Event: 1.783 Thread 0x00007febd806d340 Thread exited: 0x00007febd806d340
Event: 1.950 Thread 0x000000001ae966c0 Thread added: 0x00007febe4174c60
Event: 6.990 Thread 0x00007febe4174c60 Thread exited: 0x00007febe4174c60
Event: 6.990 Thread 0x00007febe4098530 Thread exited: 0x00007febe4098530
Event: 24.301 Thread 0x000000001ae926d0 Thread added: 0x00007febf4009320
Event: 24.302 Thread 0x00007febf4009320 Thread added: 0x00007fe15c0013f0
Event: 24.302 Thread 0x00007febf4009320 Thread added: 0x00007fe15c0025c0
Event: 24.302 Thread 0x00007fe15c0025c0 Thread exited: 0x00007fe15c0025c0
Event: 24.305 Thread 0x00007fe15c0013f0 Thread exited: 0x00007fe15c0013f0
Event: 24.305 Thread 0x00007febf4009320 Before exit entered
Event: 24.305 Thread 0x000000001ae926d0 Thread exited: 0x000000001ae926d0


Dynamic libraries:
00400000-0041f000 r--p 00000000 00:1ba 8969315824                        /inspire/hdd/project/multi-agent/zhangweinan-24046/PA/envs/personal/bin/python3.10
0041f000-0061e000 r-xp 0001f000 00:1ba 8969315824                        /inspire/hdd/project/multi-agent/zhangweinan-24046/PA/envs/personal/bin/python3.10
0061e000-00720000 r--p 0021e000 00:1ba 8969315824                        /inspire/hdd/project/multi-agent/zhangweinan-24046/PA/envs/personal/bin/python3.10
00720000-00721000 r--p 00320000 00:1ba 8969315824                        /inspire/hdd/project/multi-agent/zhangweinan-24046/PA/envs/personal/bin/python3.10
00721000-00753000 rw-p 00321000 00:1ba 8969315824                        /inspire/hdd/project/multi-agent/zhangweinan-24046/PA/envs/personal/bin/python3.10
00753000-00759000 rw-p 00000000 00:00 0 
02130000-8a973000 rw-p 00000000 00:00 0                                  [heap]
200000000-200600000 ---p 00000000 00:00 0 
200600000-200800000 rw-s 00000000 00:05 974                              /dev/nvidia2
200800000-204000000 rw-s 00000000 00:05 968                              /dev/nvidiactl
204000000-204600000 ---p 00000000 00:00 0 
204600000-204800000 rw-s 00000000 00:05 968                              /dev/nvidiactl
204800000-204a00000 rw-s 00000000 00:05 968                              /dev/nvidiactl
204a00000-204c00000 rw-s 204a00000 00:05 1103                            /dev/nvidia-uvm
204c00000-300200000 ---p 00000000 00:00 0 
1000000000-1001000000 ---p 00000000 00:00 0 
1001000000-1081000000 rw-p 00000000 00:00 0 
1081000000-1760000000 ---p 00000000 00:00 0 
1760000000-176010d000 rw-p 00cd6000 00:1f2 80725773                      /usr/lib/jvm/java-21-openjdk-amd64/lib/server/classes.jsa
176010d000-1761000000 rw-p 00000000 00:00 0 
10000000000-10004000000 ---p 00000000 00:00 0 
47c34000000-47c38000000 rw-p 00000000 00:00 0 
7fe154000000-7fe154021000 rw-p 00000000 00:00 0 
7fe154021000-7fe158000000 ---p 00000000 00:00 0 
7fe15c000000-7fe15c021000 rw-p 00000000 00:00 0 
7fe15c021000-7fe160000000 ---p 00000000 00:00 0 
7fe160000000-7fe160021000 rw-p 00000000 00:00 0 
7fe160021000-7fe164000000 ---p 00000000 00:00 0 
7fe164000000-7fe17c000000 ---p 00000000 00:00 0 
7fe17c000000-7fe17c2dc000 rw-p 00000000 00:00 0 
7fe17c2dc000-7fe180000000 ---p 00000000 00:00 0 
7fe182000000-7fe1b8000000 ---p 00000000 00:00 0 
7fe1b8000000-7fe1b8021000 rw-p 00000000 00:00 0 
7fe1b8021000-7fe1bc000000 ---p 00000000 00:00 0 
7fe1bde3e000-7fe1c0000000 rw-p 00000000 00:00 0 
7fe1c0000000-7fe1c0021000 rw-p 00000000 00:00 0 
7fe1c0021000-7fe1c4000000 ---p 00000000 00:00 0 
7fe1c4000000-7fe1c4021000 rw-p 00000000 00:00 0 
7fe1c4021000-7fe1c8000000 ---p 00000000 00:00 0 
7fe1c8000000-7fe1c8021000 rw-p 00000000 00:00 0 
7fe1c8021000-7fe1cc000000 ---p 00000000 00:00 0 
7fe1cc000000-7fe1cc021000 rw-p 00000000 00:00 0 
7fe1cc021000-7fe1d0000000 ---p 00000000 00:00 0 
7fe1d0000000-7fe1d0021000 rw-p 00000000 00:00 0 
7fe1d0021000-7fe1d4000000 ---p 00000000 00:00 0 
7fe1d4000000-7fe1d4021000 rw-p 00000000 00:00 0 
7fe1d4021000-7fe1d8000000 ---p 00000000 00:00 0 
7fe1d8000000-7fe1d8021000 rw-p 00000000 00:00 0 
7fe1d8021000-7fe1dc000000 ---p 00000000 00:00 0 
7fe1dc000000-7fe1dc021000 rw-p 00000000 00:00 0 
7fe1dc021000-7fe1e0000000 ---p 00000000 00:00 0 
7fe1e0000000-7fe1e0021000 rw-p 00000000 00:00 0 
7fe1e0021000-7fe1e4000000 ---p 00000000 00:00 0 
7fe1e4000000-7fe1e4021000 rw-p 00000000 00:00 0 
7fe1e4021000-7fe1e8000000 ---p 00000000 00:00 0 
7fe1e8000000-7fe1e8021000 rw-p 00000000 00:00 0 
7fe1e8021000-7fe1ec000000 ---p 00000000 00:00 0 
7fe1ec000000-7fe1ec021000 rw-p 00000000 00:00 0 
7fe1ec021000-7fe1f0000000 ---p 00000000 00:00 0 
7fe1f0000000-7fe1f0021000 rw-p 00000000 00:00 0 
7fe1f0021000-7fe1f4000000 ---p 00000000 00:00 0 
7fe1f4000000-7fe1f4021000 rw-p 00000000 00:00 0 
7fe1f4021000-7fe1f8000000 ---p 00000000 00:00 0 
7fe1f8000000-7fe1f8021000 rw-p 00000000 00:00 0 
7fe1f8021000-7fe1fc000000 ---p 00000000 00:00 0 
7fe1fc000000-7fe1fc021000 rw-p 00000000 00:00 0 
7fe1fc021000-7fe200000000 ---p 00000000 00:00 0 
7fe200000000-7fe200021000 rw-p 00000000 00:00 0 
7fe200021000-7fe204000000 ---p 00000000 00:00 0 
7fe204000000-7fe204021000 rw-p 00000000 00:00 0 
7fe204021000-7fe208000000 ---p 00000000 00:00 0 
7fe208000000-7fe208021000 rw-p 00000000 00:00 0 
7fe208021000-7fe20c000000 ---p 00000000 00:00 0 
7fe20c000000-7fe20c021000 rw-p 00000000 00:00 0 
7fe20c021000-7fe210000000 ---p 00000000 00:00 0 
7fe210000000-7fe210021000 rw-p 00000000 00:00 0 
7fe210021000-7fe214000000 ---p 00000000 00:00 0 
7fe214000000-7fe214021000 rw-p 00000000 00:00 0 
7fe214021000-7fe218000000 ---p 00000000 00:00 0 
7fe218000000-7fe218021000 rw-p 00000000 00:00 0 
7fe218021000-7fe21c000000 ---p 00000000 00:00 0 
7fe21c000000-7fe21c021000 rw-p 00000000 00:00 0 
7fe21c021000-7fe220000000 ---p 00000000 00:00 0 
7fe220000000-7fe220021000 rw-p 00000000 00:00 0 
7fe220021000-7fe224000000 ---p 00000000 00:00 0 
7fe224000000-7fe224021000 rw-p 00000000 00:00 0 
7fe224021000-7fe228000000 ---p 00000000 00:00 0 
7fe228000000-7fe228021000 rw-p 00000000 00:00 0 
7fe228021000-7fe22c000000 ---p 00000000 00:00 0 
7fe22c000000-7fe22c021000 rw-p 00000000 00:00 0 
7fe22c021000-7fe230000000 ---p 00000000 00:00 0 
7fe230000000-7fe230021000 rw-p 00000000 00:00 0 
7fe230021000-7fe234000000 ---p 00000000 00:00 0 
7fe234000000-7fe234021000 rw-p 00000000 00:00 0 
7fe234021000-7fe238000000 ---p 00000000 00:00 0 
7fe238000000-7fe238021000 rw-p 00000000 00:00 0 
7fe238021000-7fe23c000000 ---p 00000000 00:00 0 
7fe23c000000-7fe23c021000 rw-p 00000000 00:00 0 
7fe23c021000-7fe240000000 ---p 00000000 00:00 0 
7fe240000000-7fe240021000 rw-p 00000000 00:00 0 
7fe240021000-7fe244000000 ---p 00000000 00:00 0 
7fe244000000-7fe244021000 rw-p 00000000 00:00 0 
7fe244021000-7fe248000000 ---p 00000000 00:00 0 
7fe248000000-7fe248021000 rw-p 00000000 00:00 0 
7fe248021000-7fe24c000000 ---p 00000000 00:00 0 
7fe24c000000-7fe24c021000 rw-p 00000000 00:00 0 
7fe24c021000-7fe250000000 ---p 00000000 00:00 0 
7fe250000000-7fe250021000 rw-p 00000000 00:00 0 
7fe250021000-7fe254000000 ---p 00000000 00:00 0 
7fe254000000-7fe254021000 rw-p 00000000 00:00 0 
7fe254021000-7fe258000000 ---p 00000000 00:00 0 
7fe258000000-7fe258021000 rw-p 00000000 00:00 0 
7fe258021000-7fe25c000000 ---p 00000000 00:00 0 
7fe25c3de000-7fe272774000 rw-p 00000000 00:00 0 
7fe274000000-7fe274021000 rw-p 00000000 00:00 0 
7fe274021000-7fe278000000 ---p 00000000 00:00 0 
7fe278000000-7fe278021000 rw-p 00000000 00:00 0 
7fe278021000-7fe27c000000 ---p 00000000 00:00 0 
7fe27c000000-7fe27c021000 rw-p 00000000 00:00 0 
7fe27c021000-7fe280000000 ---p 00000000 00:00 0 
7fe280000000-7fe280021000 rw-p 00000000 00:00 0 
7fe280021000-7fe284000000 ---p 00000000 00:00 0 
7fe284000000-7fe284021000 rw-p 00000000 00:00 0 
7fe284021000-7fe288000000 ---p 00000000 00:00 0 
7fe288000000-7fe288021000 rw-p 00000000 00:00 0 
7fe288021000-7fe28c000000 ---p 00000000 00:00 0 
7fe28c000000-7fe28c021000 rw-p 00000000 00:00 0 
7fe28c021000-7fe290000000 ---p 00000000 00:00 0 
7fe290000000-7fe290021000 rw-p 00000000 00:00 0 
7fe290021000-7fe294000000 ---p 00000000 00:00 0 
7fe294000000-7fe294021000 rw-p 00000000 00:00 0 
7fe294021000-7fe298000000 ---p 00000000 00:00 0 
7fe298000000-7fe298021000 rw-p 00000000 00:00 0 
7fe298021000-7fe29c000000 ---p 00000000 00:00 0 
7fe29c000000-7fe29c021000 rw-p 00000000 00:00 0 
7fe29c021000-7fe2a0000000 ---p 00000000 00:00 0 
7fe2a0000000-7fe2a0021000 rw-p 00000000 00:00 0 
7fe2a0021000-7fe2a4000000 ---p 00000000 00:00 0 
7fe2a4000000-7fe2a4021000 rw-p 00000000 00:00 0 
7fe2a4021000-7fe2a8000000 ---p 00000000 00:00 0 
7fe2a8000000-7fe2a8021000 rw-p 00000000 00:00 0 
7fe2a8021000-7fe2ac000000 ---p 00000000 00:00 0 
7fe2ac000000-7fe2ac021000 rw-p 00000000 00:00 0 
7fe2ac021000-7fe2b0000000 ---p 00000000 00:00 0 
7fe2b0221000-7fe2b0222000 ---p 00000000 00:00 0 
7fe2b0222000-7fe2b0a22000 rw-p 00000000 00:00 0 
7fe2b0a22000-7fe2b0a23000 ---p 00000000 00:00 0 
7fe2b0a23000-7fe2b0c23000 rw-p 00000000 00:00 0 
7fe2b0c23000-7fe2b0c24000 ---p 00000000 00:00 0 
7fe2b0c24000-7fe2b0e24000 rw-p 00000000 00:00 0 
7fe2b0e24000-7fe2b0e25000 ---p 00000000 00:00 0 
7fe2b0e25000-7fe2b1025000 rw-p 00000000 00:00 0 
7fe2b1025000-7fe2b1026000 ---p 00000000 00:00 0 
7fe2b1026000-7fe2b1226000 rw-p 00000000 00:00 0 
7fe2b1226000-7fe2b1227000 ---p 00000000 00:00 0 
7fe2b1227000-7fe2b1427000 rw-p 00000000 00:00 0 
7fe2b1427000-7fe2b1428000 ---p 00000000 00:00 0 
7fe2b1428000-7fe2b1628000 rw-p 00000000 00:00 0 
7fe2b1628000-7fe2b1629000 ---p 00000000 00:00 0 
7fe2b1629000-7fe2b1829000 rw-p 00000000 00:00 0 
7fe2b1829000-7fe2b182a000 ---p 00000000 00:00 0 
7fe2b182a000-7fe2b1a2a000 rw-p 00000000 00:00 0 
7fe2b1a2a000-7fe2b1a2b000 ---p 00000000 00:00 0 
7fe2b1a2b000-7fe2b1c2b000 rw-p 00000000 00:00 0 
7fe2b1c2b000-7fe2b1c2c000 ---p 00000000 00:00 0 
7fe2b1c2c000-7fe2b1e2c000 rw-p 00000000 00:00 0 
7fe2b1e2c000-7fe2b1e2d000 ---p 00000000 00:00 0 
7fe2b1e2d000-7fe2b202d000 rw-p 00000000 00:00 0 
7fe2b202d000-7fe2b202e000 ---p 00000000 00:00 0 
7fe2b202e000-7fe2b222e000 rw-p 00000000 00:00 0 
7fe2b222e000-7fe2b222f000 ---p 00000000 00:00 0 
7fe2b222f000-7fe2b242f000 rw-p 00000000 00:00 0 
7fe2b242f000-7fe2b2430000 ---p 00000000 00:00 0 
7fe2b2430000-7fe2b2630000 rw-p 00000000 00:00 0 
7fe2b2630000-7fe2b2631000 ---p 00000000 00:00 0 
7fe2b2631000-7fe2b2831000 rw-p 00000000 00:00 0 
7fe2b2831000-7fe2b2832000 ---p 00000000 00:00 0 
7fe2b2832000-7fe2b2a32000 rw-p 00000000 00:00 0 
7fe2b2a32000-7fe2b2a33000 ---p 00000000 00:00 0 
7fe2b2a33000-7fe2b2c33000 rw-p 00000000 00:00 0 
7fe2b2c33000-7fe2b2c34000 ---p 00000000 00:00 0 
7fe2b2c34000-7fe2b2e34000 rw-p 00000000 00:00 0 
7fe2b2e34000-7fe2b2e35000 ---p 00000000 00:00 0 
7fe2b2e35000-7fe2b3035000 rw-p 00000000 00:00 0 
7fe2b3035000-7fe2b3036000 ---p 00000000 00:00 0 
7fe2b3036000-7fe2b3236000 rw-p 00000000 00:00 0 
7fe2b3236000-7fe2b3237000 ---p 00000000 00:00 0 
7fe2b3237000-7fe2b3437000 rw-p 00000000 00:00 0 
7fe2b3437000-7fe2b3438000 ---p 00000000 00:00 0 
7fe2b3438000-7fe2b3638000 rw-p 00000000 00:00 0 
7fe2b3638000-7fe2b3639000 ---p 00000000 00:00 0 
7fe2b3639000-7fe2b3839000 rw-p 00000000 00:00 0 
7fe2b38fd000-7fe2b39fd000 rw-p 00000000 00:00 0 
7fe2b39fd000-7fe2b39fe000 ---p 00000000 00:00 0 
7fe2b39fe000-7fe2b3bfe000 rw-p 00000000 00:00 0 
7fe2b3bfe000-7fe2b3bff000 ---p 00000000 00:00 0 
7fe2b3bff000-7fe2b3dff000 rw-p 00000000 00:00 0 
7fe2b3dff000-7fe2b3e00000 ---p 00000000 00:00 0 
7fe2b3e00000-7fe2b4000000 rw-p 00000000 00:00 0 
7fe2b4000000-7fe2b4021000 rw-p 00000000 00:00 0 
7fe2b4021000-7fe2b8000000 ---p 00000000 00:00 0 
7fe2b801d000-7fe2b801e000 ---p 00000000 00:00 0 
7fe2b801e000-7fe2b821e000 rw-p 00000000 00:00 0 
7fe2b821e000-7fe2b821f000 ---p 00000000 00:00 0 
7fe2b821f000-7fe2b841f000 rw-p 00000000 00:00 0 
7fe2b841f000-7fe2b8420000 ---p 00000000 00:00 0 
7fe2b8420000-7fe2b8620000 rw-p 00000000 00:00 0 
7fe2b8620000-7fe2b8621000 ---p 00000000 00:00 0 
7fe2b8621000-7fe2b8821000 rw-p 00000000 00:00 0 
7fe2b8821000-7fe2b8822000 ---p 00000000 00:00 0 
7fe2b8822000-7fe2b8a22000 rw-p 00000000 00:00 0 
7fe2b8a22000-7fe2b8a23000 ---p 00000000 00:00 0 
7fe2b8a23000-7fe2b8c23000 rw-p 00000000 00:00 0 
7fe2b8c23000-7fe2b8c24000 ---p 00000000 00:00 0 
7fe2b8c24000-7fe2b8e24000 rw-p 00000000 00:00 0 
7fe2b8e24000-7fe2b8e25000 ---p 00000000 00:00 0 
7fe2b8e25000-7fe2b9025000 rw-p 00000000 00:00 0 
7fe2b9025000-7fe2b9026000 ---p 00000000 00:00 0 
7fe2b9026000-7fe2b9226000 rw-p 00000000 00:00 0 
7fe2b9226000-7fe2b9227000 ---p 00000000 00:00 0 
7fe2b9227000-7fe2b9427000 rw-p 00000000 00:00 0 
7fe2b9427000-7fe2b9428000 ---p 00000000 00:00 0 
7fe2b9428000-7fe2b9628000 rw-p 00000000 00:00 0 
7fe2b9628000-7fe2b9629000 ---p 00000000 00:00 0 
7fe2b9629000-7fe2b9829000 rw-p 00000000 00:00 0 
7fe2b9829000-7fe2b982a000 ---p 00000000 00:00 0 
7fe2b982a000-7fe2b9a2a000 rw-p 00000000 00:00 0 
7fe2b9a2a000-7fe2b9a2b000 ---p 00000000 00:00 0 
7fe2b9a2b000-7fe2b9c2b000 rw-p 00000000 00:00 0 
7fe2b9c2b000-7fe2b9c2c000 ---p 00000000 00:00 0 
7fe2b9c2c000-7fe2b9e2c000 rw-p 00000000 00:00 0 
7fe2b9e2c000-7fe2b9e2d000 ---p 00000000 00:00 0 
7fe2b9e2d000-7fe2ba02d000 rw-p 00000000 00:00 0 
7fe2ba02d000-7fe2ba02e000 ---p 00000000 00:00 0 
7fe2ba02e000-7fe2ba22e000 rw-p 00000000 00:00 0 
7fe2ba22e000-7fe2ba22f000 ---p 00000000 00:00 0 
7fe2ba22f000-7fe2ba42f000 rw-p 00000000 00:00 0 
7fe2ba42f000-7fe2ba430000 ---p 00000000 00:00 0 
7fe2ba430000-7fe2ba630000 rw-p 00000000 00:00 0 
7fe2ba630000-7fe2ba631000 ---p 00000000 00:00 0 
7fe2ba631000-7fe2ba831000 rw-p 00000000 00:00 0 
7fe2ba831000-7fe2ba832000 ---p 00000000 00:00 0 
7fe2ba832000-7fe2baa32000 rw-p 00000000 00:00 0 
7fe2baa32000-7fe2baa33000 ---p 00000000 00:00 0 
7fe2baa33000-7fe2bac33000 rw-p 00000000 00:00 0 
7fe2bac33000-7fe2bac34000 ---p 00000000 00:00 0 
7fe2bac34000-7fe2bae34000 rw-p 00000000 00:00 0 
7fe2bae34000-7fe2bae35000 ---p 00000000 00:00 0 
7fe2bae35000-7fe2bb035000 rw-p 00000000 00:00 0 
7fe2bb035000-7fe2bb036000 ---p 00000000 00:00 0 
7fe2bb036000-7fe2bb236000 rw-p 00000000 00:00 0 
7fe2bb236000-7fe2bb237000 ---p 00000000 00:00 0 
7fe2bb237000-7fe2bb437000 rw-p 00000000 00:00 0 
7fe2bb437000-7fe2bb438000 ---p 00000000 00:00 0 
7fe2bb438000-7fe2bb638000 rw-p 00000000 00:00 0 
7fe2bb638000-7fe2bb639000 ---p 00000000 00:00 0 
7fe2bb639000-7fe2bb839000 rw-p 00000000 00:00 0 
7fe2bb839000-7fe2bb83a000 ---p 00000000 00:00 0 
7fe2bb83a000-7fe2bba3a000 rw-p 00000000 00:00 0 
7fe2bba3a000-7fe2bba3b000 ---p 00000000 00:00 0 
7fe2bba3b000-7fe2bbc3b000 rw-p 00000000 00:00 0 
7fe2bbc3b000-7fe2bbc3c000 ---p 00000000 00:00 0 
7fe2bbc3c000-7fe2bbe3c000 rw-p 00000000 00:00 0 
7fe2bbe3c000-7fe2bbe3d000 ---p 00000000 00:00 0 
7fe2bbe3d000-7fe2bc03d000 rw-p 00000000 00:00 0 
7fe2bc03d000-7fe2bc03e000 ---p 00000000 00:00 0 
7fe2bc03e000-7fe2bc23e000 rw-p 00000000 00:00 0 
7fe2bc23e000-7fe2bc23f000 ---p 00000000 00:00 0 
7fe2bc23f000-7fe2bc53f000 rw-p 00000000 00:00 0 
7fe2bc53f000-7fe2bc540000 ---p 00000000 00:00 0 
7fe2bc540000-7fe307a40000 rw-p 00000000 00:00 0 
7fe307a40000-7fe307a45000 r--p 00000000 00:1ba 57165490625               /inspire/hdd/project/multi-agent/zhangweinan-24046/PA/envs/personal/lib/python3.10/site-packages/aiohttp/_websocket/reader_c.cpython-310-x86_64-linux-gnu.so
7fe307a45000-7fe307a6f000 r-xp 00005000 00:1ba 57165490625               /inspire/hdd/project/multi-agent/zhangweinan-24046/PA/envs/personal/lib/python3.10/site-packages/aiohttp/_websocket/reader_c.cpython-310-x86_64-linux-gnu.so
7fe307a6f000-7fe307a75000 r--p 0002f000 00:1ba 57165490625               /inspire/hdd/project/multi-agent/zhangweinan-24046/PA/envs/personal/lib/python3.10/site-packages/aiohttp/_websocket/reader_c.cpython-310-x86_64-linux-gnu.so
7fe307a75000-7fe307a76000 ---p 00035000 00:1ba 57165490625               /inspire/hdd/project/multi-agent/zhangweinan-24046/PA/envs/personal/lib/python3.10/site-packages/aiohttp/_websocket/reader_c.cpython-310-x86_64-linux-gnu.so
7fe307a76000-7fe307a77000 r--p 00035000 00:1ba 57165490625               /inspire/hdd/project/multi-agent/zhangweinan-24046/PA/envs/personal/lib/python3.10/site-packages/aiohttp/_websocket/reader_c.cpython-310-x86_64-linux-gnu.so
7fe307a77000-7fe307a79000 rw-p 00036000 00:1ba 57165490625               /inspire/hdd/project/multi-agent/zhangweinan-24046/PA/envs/personal/lib/python3.10/site-packages/aiohttp/_websocket/reader_c.cpython-310-x86_64-linux-gnu.so
7fe307a79000-7fe307a7a000 rw-p 00000000 00:00 0 
7fe307a7a000-7fe307a82000 r--p 00000000 00:1ba 60747274837               /inspire/hdd/project/multi-agent/zhangweinan-24046/PA/envs/personal/lib/python3.10/site-packages/aiohttp/_http_parser.cpython-310-x86_64-linux-gnu.so
7fe307a82000-7fe307aed000 r-xp 00008000 00:1ba 60747274837               /inspire/hdd/project/multi-agent/zhangweinan-24046/PA/envs/personal/lib/python3.10/site-packages/aiohttp/_http_parser.cpython-310-x86_64-linux-gnu.so
7fe307aed000-7fe307af9000 r--p 00073000 00:1ba 60747274837               /inspire/hdd/project/multi-agent/zhangweinan-24046/PA/envs/personal/lib/python3.10/site-packages/aiohttp/_http_parser.cpython-310-x86_64-linux-gnu.so
7fe307af9000-7fe307afa000 ---p 0007f000 00:1ba 60747274837               /inspire/hdd/project/multi-agent/zhangweinan-24046/PA/envs/personal/lib/python3.10/site-packages/aiohttp/_http_parser.cpython-310-x86_64-linux-gnu.so
7fe307afa000-7fe307afb000 r--p 0007f000 00:1ba 60747274837               /inspire/hdd/project/multi-agent/zhangweinan-24046/PA/envs/personal/lib/python3.10/site-packages/aiohttp/_http_parser.cpython-310-x86_64-linux-gnu.so
7fe307afb000-7fe307afe000 rw-p 00080000 00:1ba 60747274837               /inspire/hdd/project/multi-agent/zhangweinan-24046/PA/envs/personal/lib/python3.10/site-packages/aiohttp/_http_parser.cpython-310-x86_64-linux-gnu.so
7fe307afe000-7fe30e000000 rw-p 00000000 00:00 0 
7fe30e000000-7fe753800000 ---p 00000000 00:00 0 
7fe753800000-7fe753a00000 rw-s 00000000 00:01 166326                     /dev/zero (deleted)
7fe753a00000-7fe753c00000 ---p 00000000 00:00 0 
7fe753c00000-7fe753e00000 rw-s 00000000 00:01 166328                     /dev/zero (deleted)
7fe753e00000-7fe7d1600000 ---p 00000000 00:00 0 
7fe7d1600000-7fe7d1e41000 rw-s 00000000 00:01 166327                     /dev/zero (deleted)
7fe7d1e41000-7febb0000000 ---p 00000000 00:00 0 
7febb0008000-7febb000d000 r--p 00000000 00:1ba 44783681404               /inspire/hdd/project/multi-agent/zhangweinan-24046/PA/envs/personal/lib/python3.10/site-packages/pyarrow/_json.cpython-310-x86_64-linux-gnu.so
7febb000d000-7febb001d000 r-xp 00005000 00:1ba 44783681404               /inspire/hdd/project/multi-agent/zhangweinan-24046/PA/envs/personal/lib/python3.10/site-packages/pyarrow/_json.cpython-310-x86_64-linux-gnu.so
7febb001d000-7febb0022000 r--p 00015000 00:1ba 44783681404               /inspire/hdd/project/multi-agent/zhangweinan-24046/PA/envs/personal/lib/python3.10/site-packages/pyarrow/_json.cpython-310-x86_64-linux-gnu.so
7febb0022000-7febb0023000 r--p 00019000 00:1ba 44783681404               /inspire/hdd/project/multi-agent/zhangweinan-24046/PA/envs/personal/lib/python3.10/site-packages/pyarrow/_json.cpython-310-x86_64-linux-gnu.so
7febb0023000-7febb0025000 rw-p 0001a000 00:1ba 44783681404               /inspire/hdd/project/multi-agent/zhangweinan-24046/PA/envs/personal/lib/python3.10/site-packages/pyarrow/_json.cpython-310-x86_64-linux-gnu.so
7febb0025000-7febb0032000 r--p 00000000 00:1ba 44783681365               /inspire/hdd/project/multi-agent/zhangweinan-24046/PA/envs/personal/lib/python3.10/site-packages/pyarrow/_fs.cpython-310-x86_64-linux-gnu.so
7febb0032000-7febb006d000 r-xp 0000d000 00:1ba 44783681365               /inspire/hdd/project/multi-agent/zhangweinan-24046/PA/envs/personal/lib/python3.10/site-packages/pyarrow/_fs.cpython-310-x86_64-linux-gnu.so
7febb006d000-7febb0082000 r--p 00048000 00:1ba 44783681365               /inspire/hdd/project/multi-agent/zhangweinan-24046/PA/envs/personal/lib/python3.10/site-packages/pyarrow/_fs.cpython-310-x86_64-linux-gnu.so
7febb0082000-7febb0083000 r--p 0005c000 00:1ba 44783681365               /inspire/hdd/project/multi-agent/zhangweinan-24046/PA/envs/personal/lib/python3.10/site-packages/pyarrow/_fs.cpython-310-x86_64-linux-gnu.so
7febb0083000-7febb0086000 rw-p 0005d000 00:1ba 44783681365               /inspire/hdd/project/multi-agent/zhangweinan-24046/PA/envs/personal/lib/python3.10/site-packages/pyarrow/_fs.cpython-310-x86_64-linux-gnu.so
7febb0086000-7febb0088000 rw-p 00000000 00:00 0 
7febb0088000-7febb0097000 r--p 00000000 00:1ba 44783681387               /inspire/hdd/project/multi-agent/zhangweinan-24046/PA/envs/personal/lib/python3.10/site-packages/pyarrow/_parquet.cpython-310-x86_64-linux-gnu.so
7febb0097000-7febb00e4000 r-xp 0000f000 00:1ba 44783681387               /inspire/hdd/project/multi-agent/zhangweinan-24046/PA/envs/personal/lib/python3.10/site-packages/pyarrow/_parquet.cpython-310-x86_64-linux-gnu.so
7febb00e4000-7febb00f7000 r--p 0005c000 00:1ba 44783681387               /inspire/hdd/project/multi-agent/zhangweinan-24046/PA/envs/personal/lib/python3.10/site-packages/pyarrow/_parquet.cpython-310-x86_64-linux-gnu.so
7febb00f7000-7febb00f8000 r--p 0006e000 00:1ba 44783681387               /inspire/hdd/project/multi-agent/zhangweinan-24046/PA/envs/personal/lib/python3.10/site-packages/pyarrow/_parquet.cpython-310-x86_64-linux-gnu.so
7febb00f8000-7febb00fd000 rw-p 0006f000 00:1ba 44783681387               /inspire/hdd/project/multi-agent/zhangweinan-24046/PA/envs/personal/lib/python3.10/site-packages/pyarrow/_parquet.cpython-310-x86_64-linux-gnu.so
7febb00fd000-7febb12ff000 rw-p 00000000 00:00 0 
7febb12ff000-7febb1300000 ---p 00000000 00:00 0 
7febb1300000-7febb1e00000 rw-p 00000000 00:00 0 
7febb1e00000-7febb2000000 rw-s 00000000 00:01 200033                     /dev/zero (deleted)
7febb2000000-7febb2600000 ---p 00000000 00:00 0 
7febb2600000-7febb2800000 rw-s 00000000 00:05 968                        /dev/nvidiactl
7febb2800000-7febb2a00000 rw-s 00000000 00:01 200031                     /dev/zero (deleted)
7febb2a00000-7febb2c00000 rw-s 00000000 00:01 200032                     /dev/zero (deleted)
7febb2c00000-7febb3400000 ---p 00000000 00:00 0 
7febb3400000-7febb3600000 rw-s 00000000 00:05 968                        /dev/nvidiactl
7febb3600000-7febb3800000 ---p 00000000 00:00 0 
7febb3800000-7febb3a00000 rw-s 00000000 00:01 200034                     /dev/zero (deleted)
7febb3a00000-7febb3feb000 rw-s 00000000 00:05 968                        /dev/nvidiactl
7febb3feb000-7febb4000000 ---p 00000000 00:00 0 
7febb4009000-7febb400d000 r--p 00000000 00:1ba 56402458410               /inspire/hdd/project/multi-agent/zhangweinan-24046/PA/envs/personal/lib/python3.10/site-packages/frozenlist/_frozenlist.cpython-310-x86_64-linux-gnu.so
7febb400d000-7febb401c000 r-xp 00004000 00:1ba 56402458410               /inspire/hdd/project/multi-agent/zhangweinan-24046/PA/envs/personal/lib/python3.10/site-packages/frozenlist/_frozenlist.cpython-310-x86_64-linux-gnu.so
7febb401c000-7febb4020000 r--p 00013000 00:1ba 56402458410               /inspire/hdd/project/multi-agent/zhangweinan-24046/PA/envs/personal/lib/python3.10/site-packages/frozenlist/_frozenlist.cpython-310-x86_64-linux-gnu.so
7febb4020000-7febb4021000 r--p 00016000 00:1ba 56402458410               /inspire/hdd/project/multi-agent/zhangweinan-24046/PA/envs/personal/lib/python3.10/site-packages/frozenlist/_frozenlist.cpython-310-x86_64-linux-gnu.so
7febb4021000-7febb4023000 rw-p 00017000 00:1ba 56402458410               /inspire/hdd/project/multi-agent/zhangweinan-24046/PA/envs/personal/lib/python3.10/site-packages/frozenlist/_frozenlist.cpython-310-x86_64-linux-gnu.so
7febb4023000-7febb4027000 r--p 00000000 00:1ba 60793302596               /inspire/hdd/project/multi-agent/zhangweinan-24046/PA/envs/personal/lib/python3.10/site-packages/propcache/_helpers_c.cpython-310-x86_64-linux-gnu.so
7febb4027000-7febb4037000 r-xp 00004000 00:1ba 60793302596               /inspire/hdd/project/multi-agent/zhangweinan-24046/PA/envs/personal/lib/python3.10/site-packages/propcache/_helpers_c.cpython-310-x86_64-linux-gnu.so
7febb4037000-7febb403b000 r--p 00014000 00:1ba 60793302596               /inspire/hdd/project/multi-agent/zhangweinan-24046/PA/envs/personal/lib/python3.10/site-packages/propcache/_helpers_c.cpython-310-x86_64-linux-gnu.so
7febb403b000-7febb403c000 r--p 00017000 00:1ba 60793302596               /inspire/hdd/project/multi-agent/zhangweinan-24046/PA/envs/personal/lib/python3.10/site-packages/propcache/_helpers_c.cpython-310-x86_64-linux-gnu.so
7febb403c000-7febb403d000 rw-p 00018000 00:1ba 60793302596               /inspire/hdd/project/multi-agent/zhangweinan-24046/PA/envs/personal/lib/python3.10/site-packages/propcache/_helpers_c.cpython-310-x86_64-linux-gnu.so
7febb403d000-7febb403e000 rw-p 00000000 00:00 0 
7febb403e000-7febb4042000 r--p 00000000 00:1ba 61034952270               /inspire/hdd/project/multi-agent/zhangweinan-24046/PA/envs/personal/lib/python3.10/site-packages/yarl/_quoting_c.cpython-310-x86_64-linux-gnu.so
7febb4042000-7febb4059000 r-xp 00004000 00:1ba 61034952270               /inspire/hdd/project/multi-agent/zhangweinan-24046/PA/envs/personal/lib/python3.10/site-packages/yarl/_quoting_c.cpython-310-x86_64-linux-gnu.so
7febb4059000-7febb405d000 r--p 0001b000 00:1ba 61034952270               /inspire/hdd/project/multi-agent/zhangweinan-24046/PA/envs/personal/lib/python3.10/site-packages/yarl/_quoting_c.cpython-310-x86_64-linux-gnu.so
7febb405d000-7febb405e000 r--p 0001e000 00:1ba 61034952270               /inspire/hdd/project/multi-agent/zhangweinan-24046/PA/envs/personal/lib/python3.10/site-packages/yarl/_quoting_c.cpython-310-x86_64-linux-gnu.so
7febb405e000-7febb405f000 rw-p 0001f000 00:1ba 61034952270               /inspire/hdd/project/multi-agent/zhangweinan-24046/PA/envs/personal/lib/python3.10/site-packages/yarl/_quoting_c.cpython-310-x86_64-linux-gnu.so
7febb405f000-7febb4060000 rw-p 00000000 00:00 0 
7febb4060000-7febb4061000 rw-s 00000000 00:05 968                        /dev/nvidiactl
7febb4061000-7febb4062000 rw-s 00000000 00:05 968                        /dev/nvidiactl
7febb4062000-7febb4063000 rw-s 00000000 00:05 968                        /dev/nvidiactl
7febb4063000-7febb4064000 rw-s 00000000 00:05 968                        /dev/nvidiactl
7febb4064000-7febb4065000 rw-s 00000000 00:05 968                        /dev/nvidiactl
7febb4065000-7febb4066000 rw-s 00000000 00:05 968                        /dev/nvidiactl
7febb4066000-7febb4067000 rw-s 00000000 00:05 968                        /dev/nvidiactl
7febb4067000-7febb4068000 rw-s 00000000 00:05 968                        /dev/nvidiactl
7febb4068000-7febb4069000 rw-s 00000000 00:05 968                        /dev/nvidiactl
7febb4069000-7febb406a000 rw-s 00000000 00:05 968                        /dev/nvidiactl
7febb406a000-7febb406b000 rw-s 00000000 00:05 968                        /dev/nvidiactl
7febb406b000-7febb406c000 rw-s 00000000 00:05 968                        /dev/nvidiactl
7febb406c000-7febb406d000 rw-s 00000000 00:05 968                        /dev/nvidiactl
7febb406d000-7febb406e000 rw-s 00000000 00:05 968                        /dev/nvidiactl
7febb406e000-7febb406f000 rw-s 00000000 00:05 968                        /dev/nvidiactl
7febb406f000-7febb4070000 rw-s 00000000 00:05 968                        /dev/nvidiactl
7febb4070000-7febb4071000 rw-s 00000000 00:05 968                        /dev/nvidiactl
7febb4071000-7febb4072000 rw-s 00000000 00:05 968                        /dev/nvidiactl
7febb4072000-7febb4073000 rw-s 00000000 00:05 968                        /dev/nvidiactl
7febb4073000-7febb4074000 rw-s 00000000 00:05 968                        /dev/nvidiactl
7febb4074000-7febb5282000 ---p 00000000 00:00 0 
7febb5282000-7febb5a82000 rw-p 00000000 00:00 0 
7febb5a82000-7febb8000000 r--s 00000000 00:1ba 65688886541               /inspire/hdd/project/multi-agent/zhangweinan-24046/PA/OPPU-main/pwab/functions/search/indexes/_2.fdt
7febb8000000-7febb844e000 rw-p 00000000 00:00 0 
7febb844e000-7febbc000000 ---p 00000000 00:00 0 
7febbc004000-7febbc007000 r--p 00000000 00:1ba 60747274847               /inspire/hdd/project/multi-agent/zhangweinan-24046/PA/envs/personal/lib/python3.10/site-packages/aiohttp/_http_writer.cpython-310-x86_64-linux-gnu.so
7febbc007000-7febbc011000 r-xp 00003000 00:1ba 60747274847               /inspire/hdd/project/multi-agent/zhangweinan-24046/PA/envs/personal/lib/python3.10/site-packages/aiohttp/_http_writer.cpython-310-x86_64-linux-gnu.so
7febbc011000-7febbc013000 r--p 0000d000 00:1ba 60747274847               /inspire/hdd/project/multi-agent/zhangweinan-24046/PA/envs/personal/lib/python3.10/site-packages/aiohttp/_http_writer.cpython-310-x86_64-linux-gnu.so
7febbc013000-7febbc014000 r--p 0000e000 00:1ba 60747274847               /inspire/hdd/project/multi-agent/zhangweinan-24046/PA/envs/personal/lib/python3.10/site-packages/aiohttp/_http_writer.cpython-310-x86_64-linux-gnu.so
7febbc014000-7febbc015000 rw-p 0000f000 00:1ba 60747274847               /inspire/hdd/project/multi-agent/zhangweinan-24046/PA/envs/personal/lib/python3.10/site-packages/aiohttp/_http_writer.cpython-310-x86_64-linux-gnu.so
7febbc015000-7febbc319000 rw-p 00000000 00:00 0 
7febbc319000-7febbe07d000 r--s 00000000 00:1ba 65688886547               /inspire/hdd/project/multi-agent/zhangweinan-24046/PA/OPPU-main/pwab/functions/search/indexes/_2.tvd
7febbe07d000-7febbe279000 r--s 00000000 00:1ba 65688886554               /inspire/hdd/project/multi-agent/zhangweinan-24046/PA/OPPU-main/pwab/functions/search/indexes/_2_Lucene90_0.tim
7febbe279000-7febbeb01000 r--s 00000000 00:1ba 65688886553               /inspire/hdd/project/multi-agent/zhangweinan-24046/PA/OPPU-main/pwab/functions/search/indexes/_2_Lucene90_0.pos
7febbeb01000-7febbebaa000 r--p 00000000 00:1ba 27094880155               /inspire/hdd/project/multi-agent/zhangweinan-24046/PA/envs/personal/lib/python3.10/site-packages/onnxruntime/capi/onnxruntime_pybind11_state.cpython-310-x86_64-linux-gnu.so
7febbebaa000-7febbfbfc000 r-xp 000a9000 00:1ba 27094880155               /inspire/hdd/project/multi-agent/zhangweinan-24046/PA/envs/personal/lib/python3.10/site-packages/onnxruntime/capi/onnxruntime_pybind11_state.cpython-310-x86_64-linux-gnu.so
7febbfbfc000-7febbffb9000 r--p 010fb000 00:1ba 27094880155               /inspire/hdd/project/multi-agent/zhangweinan-24046/PA/envs/personal/lib/python3.10/site-packages/onnxruntime/capi/onnxruntime_pybind11_state.cpython-310-x86_64-linux-gnu.so
7febbffb9000-7febbfff6000 r--p 014b8000 00:1ba 27094880155               /inspire/hdd/project/multi-agent/zhangweinan-24046/PA/envs/personal/lib/python3.10/site-packages/onnxruntime/capi/onnxruntime_pybind11_state.cpython-310-x86_64-linux-gnu.so
7febbfff6000-7febbfff8000 rw-p 014f5000 00:1ba 27094880155               /inspire/hdd/project/multi-agent/zhangweinan-24046/PA/envs/personal/lib/python3.10/site-packages/onnxruntime/capi/onnxruntime_pybind11_state.cpython-310-x86_64-linux-gnu.so
7febbfff8000-7febc0000000 rw-p 00000000 00:00 0 
7febc0000000-7febc00ef000 rw-p 00000000 00:00 0 
7febc00ef000-7febc4000000 ---p 00000000 00:00 0 
7febc4000000-7febc4124000 rw-p 00000000 00:00 0 
7febc4124000-7febc8000000 ---p 00000000 00:00 0 
7febc8000000-7febc8427000 rw-p 00000000 00:00 0 
7febc8427000-7febcc000000 ---p 00000000 00:00 0 
7febcc000000-7febcc0ba000 rw-p 00000000 00:00 0 
7febcc0ba000-7febd0000000 ---p 00000000 00:00 0 
7febd0000000-7febd0021000 rw-p 00000000 00:00 0 
7febd0021000-7febd4000000 ---p 00000000 00:00 0 
7febd4000000-7febd4391000 rw-p 00000000 00:00 0 
7febd4391000-7febd8000000 ---p 00000000 00:00 0 
7febd8000000-7febd8176000 rw-p 00000000 00:00 0 
7febd8176000-7febdc000000 ---p 00000000 00:00 0 
7febdc000000-7febdc021000 rw-p 00000000 00:00 0 
7febdc021000-7febe0000000 ---p 00000000 00:00 0 
7febe0000000-7febe041a000 rw-p 00000000 00:00 0 
7febe041a000-7febe4000000 ---p 00000000 00:00 0 
7febe4000000-7febe4180000 rw-p 00000000 00:00 0 
7febe4180000-7febe8000000 ---p 00000000 00:00 0 
7febe8000000-7febe8021000 rw-p 00000000 00:00 0 
7febe8021000-7febec000000 ---p 00000000 00:00 0 
7febec000000-7febec021000 rw-p 00000000 00:00 0 
7febec021000-7febf0000000 ---p 00000000 00:00 0 
7febf0000000-7febf0021000 rw-p 00000000 00:00 0 
7febf0021000-7febf4000000 ---p 00000000 00:00 0 
7febf4000000-7febf4021000 rw-p 00000000 00:00 0 
7febf4021000-7febf8000000 ---p 00000000 00:00 0 
7febf8000000-7febf8021000 rw-p 00000000 00:00 0 
7febf8021000-7febfc000000 ---p 00000000 00:00 0 
7febfc000000-7febfc021000 rw-p 00000000 00:00 0 
7febfc021000-7fec00000000 ---p 00000000 00:00 0 
7fec00000000-7fec00400000 rw-p 00000000 00:00 0 
7fec00400000-7fec00900000 rw-p 00000000 00:00 0 
7fec00900000-7fec00b00000 rw-p 00000000 00:00 0 
7fec00b00000-7fec00f00000 rw-p 00000000 00:00 0 
7fec00f00000-7fec00f70000 rw-p 00000000 00:00 0 
7fec00f70000-7fec01000000 ---p 00000000 00:00 0 
7fec01000000-7fec01170000 rw-p 00000000 00:00 0 
7fec01170000-7fec04000000 ---p 00000000 00:00 0 
7fec04000000-7fec04021000 rw-p 00000000 00:00 0 
7fec04021000-7fec08000000 ---p 00000000 00:00 0 
7fec08005000-7fec08009000 r--p 00000000 00:1ba 60758257469               /inspire/hdd/project/multi-agent/zhangweinan-24046/PA/envs/personal/lib/python3.10/site-packages/multidict/_multidict.cpython-310-x86_64-linux-gnu.so
7fec08009000-7fec08018000 r-xp 00004000 00:1ba 60758257469               /inspire/hdd/project/multi-agent/zhangweinan-24046/PA/envs/personal/lib/python3.10/site-packages/multidict/_multidict.cpython-310-x86_64-linux-gnu.so
7fec08018000-7fec0801b000 r--p 00013000 00:1ba 60758257469               /inspire/hdd/project/multi-agent/zhangweinan-24046/PA/envs/personal/lib/python3.10/site-packages/multidict/_multidict.cpython-310-x86_64-linux-gnu.so
7fec0801b000-7fec0801c000 r--p 00015000 00:1ba 60758257469               /inspire/hdd/project/multi-agent/zhangweinan-24046/PA/envs/personal/lib/python3.10/site-packages/multidict/_multidict.cpython-310-x86_64-linux-gnu.so
7fec0801c000-7fec0801e000 rw-p 00016000 00:1ba 60758257469               /inspire/hdd/project/multi-agent/zhangweinan-24046/PA/envs/personal/lib/python3.10/site-packages/multidict/_multidict.cpython-310-x86_64-linux-gnu.so
7fec0801e000-7fec08024000 r--p 00000000 00:1ba 44783681399               /inspire/hdd/project/multi-agent/zhangweinan-24046/PA/envs/personal/lib/python3.10/site-packages/pyarrow/_s3fs.cpython-310-x86_64-linux-gnu.so
7fec08024000-7fec08041000 r-xp 00006000 00:1ba 44783681399               /inspire/hdd/project/multi-agent/zhangweinan-24046/PA/envs/personal/lib/python3.10/site-packages/pyarrow/_s3fs.cpython-310-x86_64-linux-gnu.so
7fec08041000-7fec08049000 r--p 00023000 00:1ba 44783681399               /inspire/hdd/project/multi-agent/zhangweinan-24046/PA/envs/personal/lib/python3.10/site-packages/pyarrow/_s3fs.cpython-310-x86_64-linux-gnu.so
7fec08049000-7fec0804a000 r--p 0002a000 00:1ba 44783681399               /inspire/hdd/project/multi-agent/zhangweinan-24046/PA/envs/personal/lib/python3.10/site-packages/pyarrow/_s3fs.cpython-310-x86_64-linux-gnu.so
7fec0804a000-7fec0804c000 rw-p 0002b000 00:1ba 44783681399               /inspire/hdd/project/multi-agent/zhangweinan-24046/PA/envs/personal/lib/python3.10/site-packages/pyarrow/_s3fs.cpython-310-x86_64-linux-gnu.so
7fec0804c000-7fec0804d000 rw-p 00000000 00:00 0 
7fec0804d000-7fec08616000 r--s 00000000 00:1ba 65688886550               /inspire/hdd/project/multi-agent/zhangweinan-24046/PA/OPPU-main/pwab/functions/search/indexes/_2_Lucene90_0.doc
7fec08616000-7fec08816000 rw-p 00000000 00:00 0 
7fec08816000-7fec08866000 r--p 00000000 00:1ba 60712229671               /inspire/hdd/project/multi-agent/zhangweinan-24046/PA/envs/personal/lib/python3.10/site-packages/tiktoken/_tiktoken.cpython-310-x86_64-linux-gnu.so
7fec08866000-7fec089e2000 r-xp 00050000 00:1ba 60712229671               /inspire/hdd/project/multi-agent/zhangweinan-24046/PA/envs/personal/lib/python3.10/site-packages/tiktoken/_tiktoken.cpython-310-x86_64-linux-gnu.so
7fec089e2000-7fec08a71000 r--p 001cc000 00:1ba 60712229671               /inspire/hdd/project/multi-agent/zhangweinan-24046/PA/envs/personal/lib/python3.10/site-packages/tiktoken/_tiktoken.cpython-310-x86_64-linux-gnu.so
7fec08a71000-7fec08a72000 ---p 0025b000 00:1ba 60712229671               /inspire/hdd/project/multi-agent/zhangweinan-24046/PA/envs/personal/lib/python3.10/site-packages/tiktoken/_tiktoken.cpython-310-x86_64-linux-gnu.so
7fec08a72000-7fec08ab6000 r--p 0025b000 00:1ba 60712229671               /inspire/hdd/project/multi-agent/zhangweinan-24046/PA/envs/personal/lib/python3.10/site-packages/tiktoken/_tiktoken.cpython-310-x86_64-linux-gnu.so
7fec08ab6000-7fec08ab7000 rw-p 0029f000 00:1ba 60712229671               /inspire/hdd/project/multi-agent/zhangweinan-24046/PA/envs/personal/lib/python3.10/site-packages/tiktoken/_tiktoken.cpython-310-x86_64-linux-gnu.so
7fec08ab7000-7fec08eb7000 rw-p 00000000 00:00 0 
7fec08eb7000-7fec08ec2000 r--p 00000000 00:1ba 61034952324               /inspire/hdd/project/multi-agent/zhangweinan-24046/PA/envs/personal/lib/python3.10/site-packages/jiter/jiter.cpython-310-x86_64-linux-gnu.so
7fec08ec2000-7fec08f36000 r-xp 0000b000 00:1ba 61034952324               /inspire/hdd/project/multi-agent/zhangweinan-24046/PA/envs/personal/lib/python3.10/site-packages/jiter/jiter.cpython-310-x86_64-linux-gnu.so
7fec08f36000-7fec08f56000 r--p 0007f000 00:1ba 61034952324               /inspire/hdd/project/multi-agent/zhangweinan-24046/PA/envs/personal/lib/python3.10/site-packages/jiter/jiter.cpython-310-x86_64-linux-gnu.so
7fec08f56000-7fec08f5d000 r--p 0009e000 00:1ba 61034952324               /inspire/hdd/project/multi-agent/zhangweinan-24046/PA/envs/personal/lib/python3.10/site-packages/jiter/jiter.cpython-310-x86_64-linux-gnu.so
7fec08f5d000-7fec08f5e000 rw-p 000a5000 00:1ba 61034952324               /inspire/hdd/project/multi-agent/zhangweinan-24046/PA/envs/personal/lib/python3.10/site-packages/jiter/jiter.cpython-310-x86_64-linux-gnu.so
7fec08f5e000-7fec09c5e000 rw-p 00000000 00:00 0 
7fec09c5e000-7fec09c6e000 r--p 00000000 00:1ba 8893028423                /inspire/hdd/project/multi-agent/zhangweinan-24046/PA/envs/personal/lib/python3.10/site-packages/regex/_regex.cpython-310-x86_64-linux-gnu.so
7fec09c6e000-7fec09ca5000 r-xp 00010000 00:1ba 8893028423                /inspire/hdd/project/multi-agent/zhangweinan-24046/PA/envs/personal/lib/python3.10/site-packages/regex/_regex.cpython-310-x86_64-linux-gnu.so
7fec09ca5000-7fec09d25000 r--p 00047000 00:1ba 8893028423                /inspire/hdd/project/multi-agent/zhangweinan-24046/PA/envs/personal/lib/python3.10/site-packages/regex/_regex.cpython-310-x86_64-linux-gnu.so
7fec09d25000-7fec09d26000 r--p 000c6000 00:1ba 8893028423                /inspire/hdd/project/multi-agent/zhangweinan-24046/PA/envs/personal/lib/python3.10/site-packages/regex/_regex.cpython-310-x86_64-linux-gnu.so
7fec09d26000-7fec09d2f000 rw-p 000c7000 00:1ba 8893028423                /inspire/hdd/project/multi-agent/zhangweinan-24046/PA/envs/personal/lib/python3.10/site-packages/regex/_regex.cpython-310-x86_64-linux-gnu.so
7fec09d2f000-7fec09f2f000 rw-p 00000000 00:00 0 
7fec09f2f000-7fec09f33000 ---p 00000000 00:00 0 
7fec09f33000-7fec0a02f000 rw-p 00000000 00:00 0 
7fec0a02f000-7fec0a033000 ---p 00000000 00:00 0 
7fec0a033000-7fec0a12f000 rw-p 00000000 00:00 0 
7fec0a12f000-7fec0a133000 ---p 00000000 00:00 0 
7fec0a133000-7fec0a22f000 rw-p 00000000 00:00 0 
7fec0a22f000-7fec0a233000 ---p 00000000 00:00 0 
7fec0a233000-7fec0a32f000 rw-p 00000000 00:00 0 
7fec0a32f000-7fec0a333000 ---p 00000000 00:00 0 
7fec0a333000-7fec0a42f000 rw-p 00000000 00:00 0 
7fec0a42f000-7fec0a433000 ---p 00000000 00:00 0 
7fec0a433000-7fec0a52f000 rw-p 00000000 00:00 0 
7fec0a52f000-7fec0a533000 ---p 00000000 00:00 0 
7fec0a533000-7fec0a62f000 rw-p 00000000 00:00 0 
7fec0a62f000-7fec0a633000 ---p 00000000 00:00 0 
7fec0a633000-7fec0a72f000 rw-p 00000000 00:00 0 
7fec0a72f000-7fec0a734000 r--p 00000000 00:1f2 15606086951               /usr/lib/jvm/java-21-openjdk-amd64/lib/libjsvml.so
7fec0a734000-7fec0a775000 r-xp 00005000 00:1f2 15606086951               /usr/lib/jvm/java-21-openjdk-amd64/lib/libjsvml.so
7fec0a775000-7fec0a7fe000 r--p 00046000 00:1f2 15606086951               /usr/lib/jvm/java-21-openjdk-amd64/lib/libjsvml.so
7fec0a7fe000-7fec0a7ff000 r--p 000ce000 00:1f2 15606086951               /usr/lib/jvm/java-21-openjdk-amd64/lib/libjsvml.so
7fec0a7ff000-7fec0a800000 rw-p 000cf000 00:1f2 15606086951               /usr/lib/jvm/java-21-openjdk-amd64/lib/libjsvml.so
7fec0a800000-7fec0a804000 ---p 00000000 00:00 0 
7fec0a804000-7fec0a900000 rw-p 00000000 00:00 0 
7fec0a900000-7fec0a904000 ---p 00000000 00:00 0 
7fec0a904000-7fec0aa00000 rw-p 00000000 00:00 0 
7fec0aa00000-7fec0aa04000 ---p 00000000 00:00 0 
7fec0aa04000-7fec0ab00000 rw-p 00000000 00:00 0 
7fec0ab00000-7fec0ab04000 ---p 00000000 00:00 0 
7fec0ab04000-7fec0ac00000 rw-p 00000000 00:00 0 
7fec0ac00000-7fec0ac04000 ---p 00000000 00:00 0 
7fec0ac04000-7fec0ad00000 rw-p 00000000 00:00 0 
7fec0ad00000-7fec0ad04000 ---p 00000000 00:00 0 
7fec0ad04000-7fec0ae00000 rw-p 00000000 00:00 0 
7fec0ae00000-7fec0ae04000 ---p 00000000 00:00 0 
7fec0ae04000-7fec0af00000 rw-p 00000000 00:00 0 
7fec0af00000-7fec0af04000 ---p 00000000 00:00 0 
7fec0af04000-7fec0b000000 rw-p 00000000 00:00 0 
7fec0b000000-7fec0b47d000 rw-p 00001000 00:1f2 80725773                  /usr/lib/jvm/java-21-openjdk-amd64/lib/server/classes.jsa
7fec0b47d000-7fec0bc97000 rw-p 0047e000 00:1f2 80725773                  /usr/lib/jvm/java-21-openjdk-amd64/lib/server/classes.jsa
7fec0bc97000-7fec0c000000 ---p 00000000 00:00 0 
7fec0c000000-7fec0c040000 rw-p 00000000 00:00 0 
7fec0c040000-7fec0c080000 rw-p 00000000 00:00 0 
7fec0c080000-7fec0c140000 rw-p 00000000 00:00 0 
7fec0c140000-7fec0c1d0000 rw-p 00000000 00:00 0 
7fec0c1d0000-7fec0c200000 ---p 00000000 00:00 0 
7fec0c200000-7fec0c260000 rw-p 00000000 00:00 0 
7fec0c260000-7fec4c000000 ---p 00000000 00:00 0 
7fec4c000000-7fec4c021000 rw-p 00000000 00:00 0 
7fec4c021000-7fec50000000 ---p 00000000 00:00 0 
7fec50000000-7fec50021000 rw-p 00000000 00:00 0 
7fec50021000-7fec54000000 ---p 00000000 00:00 0 
7fec54000000-7fec54021000 rw-p 00000000 00:00 0 
7fec54021000-7fec58000000 ---p 00000000 00:00 0 
7fec58000000-7fec58021000 rw-p 00000000 00:00 0 
7fec58021000-7fec5c000000 ---p 00000000 00:00 0 
7fec5c000000-7fec5c021000 rw-p 00000000 00:00 0 
7fec5c021000-7fec60000000 ---p 00000000 00:00 0 
7fec6000b000-7fec60010000 r--p 00000000 00:1ba 44783681412               /inspire/hdd/project/multi-agent/zhangweinan-24046/PA/envs/personal/lib/python3.10/site-packages/pyarrow/_gcsfs.cpython-310-x86_64-linux-gnu.so
7fec60010000-7fec6001f000 r-xp 00005000 00:1ba 44783681412               /inspire/hdd/project/multi-agent/zhangweinan-24046/PA/envs/personal/lib/python3.10/site-packages/pyarrow/_gcsfs.cpython-310-x86_64-linux-gnu.so
7fec6001f000-7fec60023000 r--p 00014000 00:1ba 44783681412               /inspire/hdd/project/multi-agent/zhangweinan-24046/PA/envs/personal/lib/python3.10/site-packages/pyarrow/_gcsfs.cpython-310-x86_64-linux-gnu.so
7fec60023000-7fec60024000 ---p 00018000 00:1ba 44783681412               /inspire/hdd/project/multi-agent/zhangweinan-24046/PA/envs/personal/lib/python3.10/site-packages/pyarrow/_gcsfs.cpython-310-x86_64-linux-gnu.so
7fec60024000-7fec60025000 r--p 00018000 00:1ba 44783681412               /inspire/hdd/project/multi-agent/zhangweinan-24046/PA/envs/personal/lib/python3.10/site-packages/pyarrow/_gcsfs.cpython-310-x86_64-linux-gnu.so
7fec60025000-7fec60026000 rw-p 00019000 00:1ba 44783681412               /inspire/hdd/project/multi-agent/zhangweinan-24046/PA/envs/personal/lib/python3.10/site-packages/pyarrow/_gcsfs.cpython-310-x86_64-linux-gnu.so
7fec60026000-7fec60027000 rw-p 00000000 00:00 0 
7fec60027000-7fec6002c000 r--p 00000000 00:1ba 44783681438               /inspire/hdd/project/multi-agent/zhangweinan-24046/PA/envs/personal/lib/python3.10/site-packages/pyarrow/_hdfs.cpython-310-x86_64-linux-gnu.so
7fec6002c000-7fec6003b000 r-xp 00005000 00:1ba 44783681438               /inspire/hdd/project/multi-agent/zhangweinan-24046/PA/envs/personal/lib/python3.10/site-packages/pyarrow/_hdfs.cpython-310-x86_64-linux-gnu.so
7fec6003b000-7fec6003f000 r--p 00014000 00:1ba 44783681438               /inspire/hdd/project/multi-agent/zhangweinan-24046/PA/envs/personal/lib/python3.10/site-packages/pyarrow/_hdfs.cpython-310-x86_64-linux-gnu.so
7fec6003f000-7fec60040000 r--p 00017000 00:1ba 44783681438               /inspire/hdd/project/multi-agent/zhangweinan-24046/PA/envs/personal/lib/python3.10/site-packages/pyarrow/_hdfs.cpython-310-x86_64-linux-gnu.so
7fec60040000-7fec60041000 rw-p 00018000 00:1ba 44783681438               /inspire/hdd/project/multi-agent/zhangweinan-24046/PA/envs/personal/lib/python3.10/site-packages/pyarrow/_hdfs.cpython-310-x86_64-linux-gnu.so
7fec60041000-7fec60042000 rw-p 00000000 00:00 0 
7fec60042000-7fec60043000 ---p 00000000 00:00 0 
7fec60043000-7fec60143000 rw-p 00000000 00:00 0 
7fec60143000-7fec60144000 ---p 00000000 00:00 0 
7fec60144000-7fec60244000 rw-p 00000000 00:00 0 
7fec60244000-7fec60245000 ---p 00000000 00:00 0 
7fec60245000-7fec60345000 rw-p 00000000 00:00 0 
7fec60345000-7fec60346000 ---p 00000000 00:00 0 
7fec60346000-7fec62446000 rw-p 00000000 00:00 0 
7fec62446000-7fec62447000 ---p 00000000 00:00 0 
7fec62447000-7fec62547000 rw-p 00000000 00:00 0 
7fec62547000-7fec62548000 ---p 00000000 00:00 0 
7fec62548000-7fec62648000 rw-p 00000000 00:00 0 
7fec62648000-7fec62649000 ---p 00000000 00:00 0 
7fec62649000-7fec64960000 rw-p 00000000 00:00 0 
7fec64960000-7fec80120000 ---p 00000000 00:00 0 
7fec80120000-7fec80560000 rw-p 00000000 00:00 0 
7fec80560000-7fec83c58000 ---p 00000000 00:00 0 
7fec83c58000-7fec84060000 rw-p 00000000 00:00 0 
7fec84060000-7fec87758000 ---p 00000000 00:00 0 
7fec87758000-7fec87765000 rw-p 00000000 00:00 0 
7fec87765000-7fec87849000 ---p 00000000 00:00 0 
7fec87849000-7fec87851000 rw-p 00000000 00:00 0 
7fec87851000-7fec87932000 ---p 00000000 00:00 0 
7fec87932000-7fec87d12000 rwxp 00000000 00:00 0 
7fec87d12000-7fec8ed49000 ---p 00000000 00:00 0 
7fec8ed49000-7fec8f109000 rwxp 00000000 00:00 0 
7fec8f109000-7fec8f51a000 ---p 00000000 00:00 0 
7fec8f51a000-7fec8f78a000 rwxp 00000000 00:00 0 
7fec8f78a000-7fec96932000 ---p 00000000 00:00 0 
7fec96932000-7fec9ef54000 r--s 00000000 00:1f2 15606086967               /usr/lib/jvm/java-21-openjdk-amd64/lib/modules
7fec9ef54000-7fec9f1f5000 r--p 00000000 00:1f2 80725776                  /usr/lib/jvm/java-21-openjdk-amd64/lib/server/libjvm.so
7fec9f1f5000-7feca0067000 r-xp 002a1000 00:1f2 80725776                  /usr/lib/jvm/java-21-openjdk-amd64/lib/server/libjvm.so
7feca0067000-7feca033f000 r--p 01113000 00:1f2 80725776                  /usr/lib/jvm/java-21-openjdk-amd64/lib/server/libjvm.so
7feca033f000-7feca0340000 ---p 013eb000 00:1f2 80725776                  /usr/lib/jvm/java-21-openjdk-amd64/lib/server/libjvm.so
7feca0340000-7feca0413000 r--p 013eb000 00:1f2 80725776                  /usr/lib/jvm/java-21-openjdk-amd64/lib/server/libjvm.so
7feca0413000-7feca0443000 rw-p 014be000 00:1f2 80725776                  /usr/lib/jvm/java-21-openjdk-amd64/lib/server/libjvm.so
7feca0443000-7feca29a9000 rw-p 00000000 00:00 0 
7feca29af000-7feca98af000 rw-p 00000000 00:00 0 
7feca98af000-7feca98b2000 r--p 00000000 00:1ba 8878308649                /inspire/hdd/project/multi-agent/zhangweinan-24046/PA/envs/personal/lib/python3.10/site-packages/xxhash/_xxhash.cpython-310-x86_64-linux-gnu.so
7feca98b2000-7feca98bd000 r-xp 00003000 00:1ba 8878308649                /inspire/hdd/project/multi-agent/zhangweinan-24046/PA/envs/personal/lib/python3.10/site-packages/xxhash/_xxhash.cpython-310-x86_64-linux-gnu.so
7feca98bd000-7feca98c0000 r--p 0000e000 00:1ba 8878308649                /inspire/hdd/project/multi-agent/zhangweinan-24046/PA/envs/personal/lib/python3.10/site-packages/xxhash/_xxhash.cpython-310-x86_64-linux-gnu.so
7feca98c0000-7feca98c1000 r--p 00010000 00:1ba 8878308649                /inspire/hdd/project/multi-agent/zhangweinan-24046/PA/envs/personal/lib/python3.10/site-packages/xxhash/_xxhash.cpython-310-x86_64-linux-gnu.so
7feca98c1000-7feca98c3000 rw-p 00011000 00:1ba 8878308649                /inspire/hdd/project/multi-agent/zhangweinan-24046/PA/envs/personal/lib/python3.10/site-packages/xxhash/_xxhash.cpython-310-x86_64-linux-gnu.so
7feca98c3000-7feca98ca000 r--p 00000000 00:1ba 43160702974               /inspire/hdd/project/multi-agent/zhangweinan-24046/PA/envs/personal/lib/python3.10/site-packages/jnius/jnius.cpython-310-x86_64-linux-gnu.so
7feca98ca000-7feca9956000 r-xp 00007000 00:1ba 43160702974               /inspire/hdd/project/multi-agent/zhangweinan-24046/PA/envs/personal/lib/python3.10/site-packages/jnius/jnius.cpython-310-x86_64-linux-gnu.so
7feca9956000-7feca9965000 r--p 00093000 00:1ba 43160702974               /inspire/hdd/project/multi-agent/zhangweinan-24046/PA/envs/personal/lib/python3.10/site-packages/jnius/jnius.cpython-310-x86_64-linux-gnu.so
7feca9965000-7feca9966000 ---p 000a2000 00:1ba 43160702974               /inspire/hdd/project/multi-agent/zhangweinan-24046/PA/envs/personal/lib/python3.10/site-packages/jnius/jnius.cpython-310-x86_64-linux-gnu.so
7feca9966000-7feca9967000 r--p 000a2000 00:1ba 43160702974               /inspire/hdd/project/multi-agent/zhangweinan-24046/PA/envs/personal/lib/python3.10/site-packages/jnius/jnius.cpython-310-x86_64-linux-gnu.so
7feca9967000-7feca996b000 rw-p 000a3000 00:1ba 43160702974               /inspire/hdd/project/multi-agent/zhangweinan-24046/PA/envs/personal/lib/python3.10/site-packages/jnius/jnius.cpython-310-x86_64-linux-gnu.so
7feca996b000-7fecace6c000 rw-p 00000000 00:00 0 
7fecace6e000-7fecace71000 r--p 00000000 00:1ba 57165490618               /inspire/hdd/project/multi-agent/zhangweinan-24046/PA/envs/personal/lib/python3.10/site-packages/aiohttp/_websocket/mask.cpython-310-x86_64-linux-gnu.so
7fecace71000-7fecace76000 r-xp 00003000 00:1ba 57165490618               /inspire/hdd/project/multi-agent/zhangweinan-24046/PA/envs/personal/lib/python3.10/site-packages/aiohttp/_websocket/mask.cpython-310-x86_64-linux-gnu.so
7fecace76000-7fecace78000 r--p 00008000 00:1ba 57165490618               /inspire/hdd/project/multi-agent/zhangweinan-24046/PA/envs/personal/lib/python3.10/site-packages/aiohttp/_websocket/mask.cpython-310-x86_64-linux-gnu.so
7fecace78000-7fecace79000 r--p 00009000 00:1ba 57165490618               /inspire/hdd/project/multi-agent/zhangweinan-24046/PA/envs/personal/lib/python3.10/site-packages/aiohttp/_websocket/mask.cpython-310-x86_64-linux-gnu.so
7fecace79000-7fecace7a000 rw-p 0000a000 00:1ba 57165490618               /inspire/hdd/project/multi-agent/zhangweinan-24046/PA/envs/personal/lib/python3.10/site-packages/aiohttp/_websocket/mask.cpython-310-x86_64-linux-gnu.so
7fecace7a000-7fecafc7a000 rw-p 00000000 00:00 0 
7fecafc84000-7fecafc88000 r--p 00000000 00:1ba 44781812820               /inspire/hdd/project/multi-agent/zhangweinan-24046/PA/envs/personal/lib/python3.10/site-packages/pyarrow/_azurefs.cpython-310-x86_64-linux-gnu.so
7fecafc88000-7fecafc94000 r-xp 00004000 00:1ba 44781812820               /inspire/hdd/project/multi-agent/zhangweinan-24046/PA/envs/personal/lib/python3.10/site-packages/pyarrow/_azurefs.cpython-310-x86_64-linux-gnu.so
7fecafc94000-7fecafc98000 r--p 00010000 00:1ba 44781812820               /inspire/hdd/project/multi-agent/zhangweinan-24046/PA/envs/personal/lib/python3.10/site-packages/pyarrow/_azurefs.cpython-310-x86_64-linux-gnu.so
7fecafc98000-7fecafc99000 r--p 00013000 00:1ba 44781812820               /inspire/hdd/project/multi-agent/zhangweinan-24046/PA/envs/personal/lib/python3.10/site-packages/pyarrow/_azurefs.cpython-310-x86_64-linux-gnu.so
7fecafc99000-7fecafc9a000 rw-p 00014000 00:1ba 44781812820               /inspire/hdd/project/multi-agent/zhangweinan-24046/PA/envs/personal/lib/python3.10/site-packages/pyarrow/_azurefs.cpython-310-x86_64-linux-gnu.so
7fecafc9a000-7fecafc9b000 rw-p 00000000 00:00 0 
7fecafc9b000-7fecafcf3000 r--s 00000000 00:1ba 65688886551               /inspire/hdd/project/multi-agent/zhangweinan-24046/PA/OPPU-main/pwab/functions/search/indexes/_2_Lucene90_0.dvd
7fecafcf3000-7fecafcf7000 r--s 00000000 00:1ba 65688886549               /inspire/hdd/project/multi-agent/zhangweinan-24046/PA/OPPU-main/pwab/functions/search/indexes/_2.tvx
7fecafcf7000-7fecafd00000 r--s 00000000 00:1ba 65688886544               /inspire/hdd/project/multi-agent/zhangweinan-24046/PA/OPPU-main/pwab/functions/search/indexes/_2.nvd
7fecafd00000-7fecb4000000 rw-p 00000000 00:00 0 
7fecb4000000-7fecb4021000 rw-p 00000000 00:00 0 
7fecb4021000-7fecb8000000 ---p 00000000 00:00 0 
7fecb8000000-7fecb800e000 r--s 00000000 00:1ba 65688886555               /inspire/hdd/project/multi-agent/zhangweinan-24046/PA/OPPU-main/pwab/functions/search/indexes/_2_Lucene90_0.tip
7fecb800e000-7fecb8010000 r--p 00000000 00:1f2 15606086956               /usr/lib/jvm/java-21-openjdk-amd64/lib/libmanagement_ext.so
7fecb8010000-7fecb8013000 r-xp 00002000 00:1f2 15606086956               /usr/lib/jvm/java-21-openjdk-amd64/lib/libmanagement_ext.so
7fecb8013000-7fecb8014000 r--p 00005000 00:1f2 15606086956               /usr/lib/jvm/java-21-openjdk-amd64/lib/libmanagement_ext.so
7fecb8014000-7fecb8015000 ---p 00006000 00:1f2 15606086956               /usr/lib/jvm/java-21-openjdk-amd64/lib/libmanagement_ext.so
7fecb8015000-7fecb8016000 r--p 00006000 00:1f2 15606086956               /usr/lib/jvm/java-21-openjdk-amd64/lib/libmanagement_ext.so
7fecb8016000-7fecb8017000 rw-p 00007000 00:1f2 15606086956               /usr/lib/jvm/java-21-openjdk-amd64/lib/libmanagement_ext.so
7fecb8017000-7fecb8019000 r--p 00000000 00:1f2 15606086966               /usr/lib/jvm/java-21-openjdk-amd64/lib/libzip.so
7fecb8019000-7fecb801e000 r-xp 00002000 00:1f2 15606086966               /usr/lib/jvm/java-21-openjdk-amd64/lib/libzip.so
7fecb801e000-7fecb8020000 r--p 00007000 00:1f2 15606086966               /usr/lib/jvm/java-21-openjdk-amd64/lib/libzip.so
7fecb8020000-7fecb8021000 r--p 00008000 00:1f2 15606086966               /usr/lib/jvm/java-21-openjdk-amd64/lib/libzip.so
7fecb8021000-7fecb8022000 rw-p 00009000 00:1f2 15606086966               /usr/lib/jvm/java-21-openjdk-amd64/lib/libzip.so
7fecb8022000-7fecb8025000 r--p 00000000 00:1f2 15606086958               /usr/lib/jvm/java-21-openjdk-amd64/lib/libnet.so
7fecb8025000-7fecb802d000 r-xp 00003000 00:1f2 15606086958               /usr/lib/jvm/java-21-openjdk-amd64/lib/libnet.so
7fecb802d000-7fecb802f000 r--p 0000b000 00:1f2 15606086958               /usr/lib/jvm/java-21-openjdk-amd64/lib/libnet.so
7fecb802f000-7fecb8030000 r--p 0000c000 00:1f2 15606086958               /usr/lib/jvm/java-21-openjdk-amd64/lib/libnet.so
7fecb8030000-7fecb8031000 rw-p 0000d000 00:1f2 15606086958               /usr/lib/jvm/java-21-openjdk-amd64/lib/libnet.so
7fecb8031000-7fecb8038000 r--p 00000000 00:1f2 15606086959               /usr/lib/jvm/java-21-openjdk-amd64/lib/libnio.so
7fecb8038000-7fecb8041000 r-xp 00007000 00:1f2 15606086959               /usr/lib/jvm/java-21-openjdk-amd64/lib/libnio.so
7fecb8041000-7fecb8045000 r--p 00010000 00:1f2 15606086959               /usr/lib/jvm/java-21-openjdk-amd64/lib/libnio.so
7fecb8045000-7fecb8046000 ---p 00014000 00:1f2 15606086959               /usr/lib/jvm/java-21-openjdk-amd64/lib/libnio.so
7fecb8046000-7fecb8047000 r--p 00014000 00:1f2 15606086959               /usr/lib/jvm/java-21-openjdk-amd64/lib/libnio.so
7fecb8047000-7fecb8048000 rw-p 00015000 00:1f2 15606086959               /usr/lib/jvm/java-21-openjdk-amd64/lib/libnio.so
7fecb8048000-7fecb8050000 rw-p 00000000 00:00 0 
7fecb8050000-7fecb8058000 ---p 00000000 00:00 0 
7fecb8058000-7fecb8065000 r--p 00000000 00:1f2 15606086944               /usr/lib/jvm/java-21-openjdk-amd64/lib/libjava.so
7fecb8065000-7fecb8073000 r-xp 0000d000 00:1f2 15606086944               /usr/lib/jvm/java-21-openjdk-amd64/lib/libjava.so
7fecb8073000-7fecb8078000 r--p 0001b000 00:1f2 15606086944               /usr/lib/jvm/java-21-openjdk-amd64/lib/libjava.so
7fecb8078000-7fecb8079000 ---p 00020000 00:1f2 15606086944               /usr/lib/jvm/java-21-openjdk-amd64/lib/libjava.so
7fecb8079000-7fecb807a000 r--p 00020000 00:1f2 15606086944               /usr/lib/jvm/java-21-openjdk-amd64/lib/libjava.so
7fecb807a000-7fecb807b000 rw-p 00021000 00:1f2 15606086944               /usr/lib/jvm/java-21-openjdk-amd64/lib/libjava.so
7fecb807b000-7fecb8e7c000 rw-p 00000000 00:00 0 
7fecb8e7c000-7fecb8e81000 r--p 00000000 00:1ba 60714098176               /inspire/hdd/project/multi-agent/zhangweinan-24046/PA/envs/personal/lib/python3.10/site-packages/msgpack/_cmsgpack.cpython-310-x86_64-linux-gnu.so
7fecb8e81000-7fecb8ea0000 r-xp 00005000 00:1ba 60714098176               /inspire/hdd/project/multi-agent/zhangweinan-24046/PA/envs/personal/lib/python3.10/site-packages/msgpack/_cmsgpack.cpython-310-x86_64-linux-gnu.so
7fecb8ea0000-7fecb8ea7000 r--p 00024000 00:1ba 60714098176               /inspire/hdd/project/multi-agent/zhangweinan-24046/PA/envs/personal/lib/python3.10/site-packages/msgpack/_cmsgpack.cpython-310-x86_64-linux-gnu.so
7fecb8ea7000-7fecb8ea8000 r--p 0002b000 00:1ba 60714098176               /inspire/hdd/project/multi-agent/zhangweinan-24046/PA/envs/personal/lib/python3.10/site-packages/msgpack/_cmsgpack.cpython-310-x86_64-linux-gnu.so
7fecb8ea8000-7fecb8eaa000 rw-p 0002c000 00:1ba 60714098176               /inspire/hdd/project/multi-agent/zhangweinan-24046/PA/envs/personal/lib/python3.10/site-packages/msgpack/_cmsgpack.cpython-310-x86_64-linux-gnu.so
7fecb8eaa000-7fecb9aaa000 rw-p 00000000 00:00 0 
7fecb9aaa000-7fecb9aab000 ---p 00000000 00:00 0 
7fecb9aab000-7fecbaaab000 rw-p 00000000 00:00 0 
7fecbaaab000-7fecbaaef000 r--p 00000000 00:1ba 60714098206               /inspire/hdd/project/multi-agent/zhangweinan-24046/PA/envs/personal/lib/python3.10/site-packages/pydantic_core/_pydantic_core.cpython-310-x86_64-linux-gnu.so
7fecbaaef000-7fecbadf8000 r-xp 00044000 00:1ba 60714098206               /inspire/hdd/project/multi-agent/zhangweinan-24046/PA/envs/personal/lib/python3.10/site-packages/pydantic_core/_pydantic_core.cpython-310-x86_64-linux-gnu.so
7fecbadf8000-7fecbaeff000 r--p 0034d000 00:1ba 60714098206               /inspire/hdd/project/multi-agent/zhangweinan-24046/PA/envs/personal/lib/python3.10/site-packages/pydantic_core/_pydantic_core.cpython-310-x86_64-linux-gnu.so
7fecbaeff000-7fecbaf33000 r--p 00453000 00:1ba 60714098206               /inspire/hdd/project/multi-agent/zhangweinan-24046/PA/envs/personal/lib/python3.10/site-packages/pydantic_core/_pydantic_core.cpython-310-x86_64-linux-gnu.so
7fecbaf33000-7fecbaf38000 rw-p 00487000 00:1ba 60714098206               /inspire/hdd/project/multi-agent/zhangweinan-24046/PA/envs/personal/lib/python3.10/site-packages/pydantic_core/_pydantic_core.cpython-310-x86_64-linux-gnu.so
7fecbaf38000-7fecbaf39000 rw-p 00000000 00:00 0 
7fecbaf39000-7fecbaf3d000 r--p 00000000 00:1ba 12926046061               /inspire/hdd/project/multi-agent/zhangweinan-24046/PA/envs/personal/lib/python3.10/site-packages/Cython/StringIOTree.cpython-310-x86_64-linux-gnu.so
7fecbaf3d000-7fecbaf46000 r-xp 00004000 00:1ba 12926046061               /inspire/hdd/project/multi-agent/zhangweinan-24046/PA/envs/personal/lib/python3.10/site-packages/Cython/StringIOTree.cpython-310-x86_64-linux-gnu.so
7fecbaf46000-7fecbaf4a000 r--p 0000d000 00:1ba 12926046061               /inspire/hdd/project/multi-agent/zhangweinan-24046/PA/envs/personal/lib/python3.10/site-packages/Cython/StringIOTree.cpython-310-x86_64-linux-gnu.so
7fecbaf4a000-7fecbaf4b000 r--p 00010000 00:1ba 12926046061               /inspire/hdd/project/multi-agent/zhangweinan-24046/PA/envs/personal/lib/python3.10/site-packages/Cython/StringIOTree.cpython-310-x86_64-linux-gnu.so
7fecbaf4b000-7fecbaf4c000 rw-p 00011000 00:1ba 12926046061               /inspire/hdd/project/multi-agent/zhangweinan-24046/PA/envs/personal/lib/python3.10/site-packages/Cython/StringIOTree.cpython-310-x86_64-linux-gnu.so
7fecbaf4c000-7fecbaf4d000 rw-p 00000000 00:00 0 
7fecbaf4d000-7fecbaf63000 r--p 00000000 00:1ba 61121377055               /inspire/hdd/project/multi-agent/zhangweinan-24046/PA/envs/personal/lib/python3.10/site-packages/Cython/Compiler/Code.cpython-310-x86_64-linux-gnu.so
7fecbaf63000-7fecbb054000 r-xp 00016000 00:1ba 61121377055               /inspire/hdd/project/multi-agent/zhangweinan-24046/PA/envs/personal/lib/python3.10/site-packages/Cython/Compiler/Code.cpython-310-x86_64-linux-gnu.so
7fecbb054000-7fecbb07d000 r--p 00107000 00:1ba 61121377055               /inspire/hdd/project/multi-agent/zhangweinan-24046/PA/envs/personal/lib/python3.10/site-packages/Cython/Compiler/Code.cpython-310-x86_64-linux-gnu.so
7fecbb07d000-7fecbb084000 r--p 0012f000 00:1ba 61121377055               /inspire/hdd/project/multi-agent/zhangweinan-24046/PA/envs/personal/lib/python3.10/site-packages/Cython/Compiler/Code.cpython-310-x86_64-linux-gnu.so
7fecbb084000-7fecbb08c000 rw-p 00136000 00:1ba 61121377055               /inspire/hdd/project/multi-agent/zhangweinan-24046/PA/envs/personal/lib/python3.10/site-packages/Cython/Compiler/Code.cpython-310-x86_64-linux-gnu.so
7fecbb08c000-7fecbb090000 rw-p 00000000 00:00 0 
7fecbb090000-7fecbb095000 r--p 00000000 00:1ba 12927914556               /inspire/hdd/project/multi-agent/zhangweinan-24046/PA/envs/personal/lib/python3.10/site-packages/Cython/Plex/Scanners.cpython-310-x86_64-linux-gnu.so
7fecbb095000-7fecbb0a6000 r-xp 00005000 00:1ba 12927914556               /inspire/hdd/project/multi-agent/zhangweinan-24046/PA/envs/personal/lib/python3.10/site-packages/Cython/Plex/Scanners.cpython-310-x86_64-linux-gnu.so
7fecbb0a6000-7fecbb0ab000 r--p 00016000 00:1ba 12927914556               /inspire/hdd/project/multi-agent/zhangweinan-24046/PA/envs/personal/lib/python3.10/site-packages/Cython/Plex/Scanners.cpython-310-x86_64-linux-gnu.so
7fecbb0ab000-7fecbb0ac000 r--p 0001a000 00:1ba 12927914556               /inspire/hdd/project/multi-agent/zhangweinan-24046/PA/envs/personal/lib/python3.10/site-packages/Cython/Plex/Scanners.cpython-310-x86_64-linux-gnu.so
7fecbb0ac000-7fecbb0ae000 rw-p 0001b000 00:1ba 12927914556               /inspire/hdd/project/multi-agent/zhangweinan-24046/PA/envs/personal/lib/python3.10/site-packages/Cython/Plex/Scanners.cpython-310-x86_64-linux-gnu.so
7fecbb0ae000-7fecbb0b3000 r--p 00000000 00:1ba 12928734500               /inspire/hdd/project/multi-agent/zhangweinan-24046/PA/envs/personal/lib/python3.10/site-packages/Cython/Plex/Machines.cpython-310-x86_64-linux-gnu.so
7fecbb0b3000-7fecbb0c7000 r-xp 00005000 00:1ba 12928734500               /inspire/hdd/project/multi-agent/zhangweinan-24046/PA/envs/personal/lib/python3.10/site-packages/Cython/Plex/Machines.cpython-310-x86_64-linux-gnu.so
7fecbb0c7000-7fecbb0cd000 r--p 00019000 00:1ba 12928734500               /inspire/hdd/project/multi-agent/zhangweinan-24046/PA/envs/personal/lib/python3.10/site-packages/Cython/Plex/Machines.cpython-310-x86_64-linux-gnu.so
7fecbb0cd000-7fecbb0ce000 r--p 0001e000 00:1ba 12928734500               /inspire/hdd/project/multi-agent/zhangweinan-24046/PA/envs/personal/lib/python3.10/site-packages/Cython/Plex/Machines.cpython-310-x86_64-linux-gnu.so
7fecbb0ce000-7fecbb0d0000 rw-p 0001f000 00:1ba 12928734500               /inspire/hdd/project/multi-agent/zhangweinan-24046/PA/envs/personal/lib/python3.10/site-packages/Cython/Plex/Machines.cpython-310-x86_64-linux-gnu.so
7fecbb0d0000-7fecbb0d4000 r--p 00000000 00:1ba 12927914549               /inspire/hdd/project/multi-agent/zhangweinan-24046/PA/envs/personal/lib/python3.10/site-packages/Cython/Plex/Transitions.cpython-310-x86_64-linux-gnu.so
7fecbb0d4000-7fecbb0e4000 r-xp 00004000 00:1ba 12927914549               /inspire/hdd/project/multi-agent/zhangweinan-24046/PA/envs/personal/lib/python3.10/site-packages/Cython/Plex/Transitions.cpython-310-x86_64-linux-gnu.so
7fecbb0e4000-7fecbb0e8000 r--p 00014000 00:1ba 12927914549               /inspire/hdd/project/multi-agent/zhangweinan-24046/PA/envs/personal/lib/python3.10/site-packages/Cython/Plex/Transitions.cpython-310-x86_64-linux-gnu.so
7fecbb0e8000-7fecbb0e9000 r--p 00018000 00:1ba 12927914549               /inspire/hdd/project/multi-agent/zhangweinan-24046/PA/envs/personal/lib/python3.10/site-packages/Cython/Plex/Transitions.cpython-310-x86_64-linux-gnu.so
7fecbb0e9000-7fecbb0ea000 rw-p 00019000 00:1ba 12927914549               /inspire/hdd/project/multi-agent/zhangweinan-24046/PA/envs/personal/lib/python3.10/site-packages/Cython/Plex/Transitions.cpython-310-x86_64-linux-gnu.so
7fecbb0ea000-7fecbb0eb000 rw-p 00000000 00:00 0 
7fecbb0eb000-7fecbb0ef000 r--p 00000000 00:1ba 12926046030               /inspire/hdd/project/multi-agent/zhangweinan-24046/PA/envs/personal/lib/python3.10/site-packages/Cython/Plex/DFA.cpython-310-x86_64-linux-gnu.so
7fecbb0ef000-7fecbb0fb000 r-xp 00004000 00:1ba 12926046030               /inspire/hdd/project/multi-agent/zhangweinan-24046/PA/envs/personal/lib/python3.10/site-packages/Cython/Plex/DFA.cpython-310-x86_64-linux-gnu.so
7fecbb0fb000-7fecbb0fe000 r--p 00010000 00:1ba 12926046030               /inspire/hdd/project/multi-agent/zhangweinan-24046/PA/envs/personal/lib/python3.10/site-packages/Cython/Plex/DFA.cpython-310-x86_64-linux-gnu.so
7fecbb0fe000-7fecbb0ff000 r--p 00013000 00:1ba 12926046030               /inspire/hdd/project/multi-agent/zhangweinan-24046/PA/envs/personal/lib/python3.10/site-packages/Cython/Plex/DFA.cpython-310-x86_64-linux-gnu.so
7fecbb0ff000-7fecbb100000 rw-p 00014000 00:1ba 12926046030               /inspire/hdd/project/multi-agent/zhangweinan-24046/PA/envs/personal/lib/python3.10/site-packages/Cython/Plex/DFA.cpython-310-x86_64-linux-gnu.so
7fecbb100000-7fecbcc00000 rw-p 00000000 00:00 0 
7fecbcc00000-7fecbcca7000 r-xp 00000000 00:1ba 56399770058               /inspire/hdd/project/multi-agent/zhangweinan-24046/PA/envs/personal/lib/python3.10/site-packages/torchvision.libs/libcudart.41118559.so.12
7fecbcca7000-7fecbcea7000 ---p 000a7000 00:1ba 56399770058               /inspire/hdd/project/multi-agent/zhangweinan-24046/PA/envs/personal/lib/python3.10/site-packages/torchvision.libs/libcudart.41118559.so.12
7fecbcea7000-7fecbceac000 r--p 000a7000 00:1ba 56399770058               /inspire/hdd/project/multi-agent/zhangweinan-24046/PA/envs/personal/lib/python3.10/site-packages/torchvision.libs/libcudart.41118559.so.12
7fecbceac000-7fecbcead000 rw-p 000ac000 00:1ba 56399770058               /inspire/hdd/project/multi-agent/zhangweinan-24046/PA/envs/personal/lib/python3.10/site-packages/torchvision.libs/libcudart.41118559.so.12
7fecbcead000-7fecbceaf000 rw-p 00000000 00:00 0 
7fecbceb1000-7fecbceb2000 r--p 00000000 00:1ba 27117894024               /inspire/hdd/project/multi-agent/zhangweinan-24046/PA/envs/personal/lib/python3.10/site-packages/onnxruntime/capi/libonnxruntime_providers_shared.so
7fecbceb2000-7fecbceb3000 r-xp 00001000 00:1ba 27117894024               /inspire/hdd/project/multi-agent/zhangweinan-24046/PA/envs/personal/lib/python3.10/site-packages/onnxruntime/capi/libonnxruntime_providers_shared.so
7fecbceb3000-7fecbceb4000 r--p 00002000 00:1ba 27117894024               /inspire/hdd/project/multi-agent/zhangweinan-24046/PA/envs/personal/lib/python3.10/site-packages/onnxruntime/capi/libonnxruntime_providers_shared.so
7fecbceb4000-7fecbceb5000 r--p 00002000 00:1ba 27117894024               /inspire/hdd/project/multi-agent/zhangweinan-24046/PA/envs/personal/lib/python3.10/site-packages/onnxruntime/capi/libonnxruntime_providers_shared.so
7fecbceb5000-7fecbceb6000 rw-p 00000000 00:00 0 
7fecbceb6000-7fecbcebe000 rw-s 00000000 00:1f2 6457070142                /tmp/hsperfdata_root/3226731 (deleted)
7fecbcebe000-7fecbcec6000 r--p 00000000 00:1ba 61121377259               /inspire/hdd/project/multi-agent/zhangweinan-24046/PA/envs/personal/lib/python3.10/site-packages/Cython/Compiler/Scanning.cpython-310-x86_64-linux-gnu.so
7fecbcec6000-7fecbcef0000 r-xp 00008000 00:1ba 61121377259               /inspire/hdd/project/multi-agent/zhangweinan-24046/PA/envs/personal/lib/python3.10/site-packages/Cython/Compiler/Scanning.cpython-310-x86_64-linux-gnu.so
7fecbcef0000-7fecbcefa000 r--p 00032000 00:1ba 61121377259               /inspire/hdd/project/multi-agent/zhangweinan-24046/PA/envs/personal/lib/python3.10/site-packages/Cython/Compiler/Scanning.cpython-310-x86_64-linux-gnu.so
7fecbcefa000-7fecbcefc000 r--p 0003c000 00:1ba 61121377259               /inspire/hdd/project/multi-agent/zhangweinan-24046/PA/envs/personal/lib/python3.10/site-packages/Cython/Compiler/Scanning.cpython-310-x86_64-linux-gnu.so
7fecbcefc000-7fecbceff000 rw-p 0003e000 00:1ba 61121377259               /inspire/hdd/project/multi-agent/zhangweinan-24046/PA/envs/personal/lib/python3.10/site-packages/Cython/Compiler/Scanning.cpython-310-x86_64-linux-gnu.so
7fecbceff000-7fecbd000000 rw-p 00000000 00:00 0 
7fecbd000000-7fecbd65b000 r-xp 00000000 00:1ba 56399770059               /inspire/hdd/project/multi-agent/zhangweinan-24046/PA/envs/personal/lib/python3.10/site-packages/torchvision.libs/libnvjpeg.02b6d700.so.12
7fecbd65b000-7fecbd85b000 ---p 0065b000 00:1ba 56399770059               /inspire/hdd/project/multi-agent/zhangweinan-24046/PA/envs/personal/lib/python3.10/site-packages/torchvision.libs/libnvjpeg.02b6d700.so.12
7fecbd85b000-7fecbd868000 r--p 0065b000 00:1ba 56399770059               /inspire/hdd/project/multi-agent/zhangweinan-24046/PA/envs/personal/lib/python3.10/site-packages/torchvision.libs/libnvjpeg.02b6d700.so.12
7fecbd868000-7fecbd869000 rw-p 00668000 00:1ba 56399770059               /inspire/hdd/project/multi-agent/zhangweinan-24046/PA/envs/personal/lib/python3.10/site-packages/torchvision.libs/libnvjpeg.02b6d700.so.12
7fecbd869000-7fecbd86e000 rw-p 00000000 00:00 0 
7fecbd86f000-7fecbd871000 r--p 00000000 00:1f2 15606086954               /usr/lib/jvm/java-21-openjdk-amd64/lib/libmanagement.so
7fecbd871000-7fecbd872000 r-xp 00002000 00:1f2 15606086954               /usr/lib/jvm/java-21-openjdk-amd64/lib/libmanagement.so
7fecbd872000-7fecbd873000 r--p 00003000 00:1f2 15606086954               /usr/lib/jvm/java-21-openjdk-amd64/lib/libmanagement.so
7fecbd873000-7fecbd874000 r--p 00003000 00:1f2 15606086954               /usr/lib/jvm/java-21-openjdk-amd64/lib/libmanagement.so
7fecbd874000-7fecbd875000 rw-p 00004000 00:1f2 15606086954               /usr/lib/jvm/java-21-openjdk-amd64/lib/libmanagement.so
7fecbd875000-7fecbd877000 r--p 00000000 00:1f2 15606086947               /usr/lib/jvm/java-21-openjdk-amd64/lib/libjimage.so
7fecbd877000-7fecbd87a000 r-xp 00002000 00:1f2 15606086947               /usr/lib/jvm/java-21-openjdk-amd64/lib/libjimage.so
7fecbd87a000-7fecbd87b000 r--p 00005000 00:1f2 15606086947               /usr/lib/jvm/java-21-openjdk-amd64/lib/libjimage.so
7fecbd87b000-7fecbd87c000 ---p 00006000 00:1f2 15606086947               /usr/lib/jvm/java-21-openjdk-amd64/lib/libjimage.so
7fecbd87c000-7fecbd87d000 r--p 00006000 00:1f2 15606086947               /usr/lib/jvm/java-21-openjdk-amd64/lib/libjimage.so
7fecbd87d000-7fecbd87e000 rw-p 00007000 00:1f2 15606086947               /usr/lib/jvm/java-21-openjdk-amd64/lib/libjimage.so
7fecbd87e000-7fecbd882000 r--p 00000000 00:1ba 12926046129               /inspire/hdd/project/multi-agent/zhangweinan-24046/PA/envs/personal/lib/python3.10/site-packages/Cython/Plex/Actions.cpython-310-x86_64-linux-gnu.so
7fecbd882000-7fecbd88a000 r-xp 00004000 00:1ba 12926046129               /inspire/hdd/project/multi-agent/zhangweinan-24046/PA/envs/personal/lib/python3.10/site-packages/Cython/Plex/Actions.cpython-310-x86_64-linux-gnu.so
7fecbd88a000-7fecbd88d000 r--p 0000c000 00:1ba 12926046129               /inspire/hdd/project/multi-agent/zhangweinan-24046/PA/envs/personal/lib/python3.10/site-packages/Cython/Plex/Actions.cpython-310-x86_64-linux-gnu.so
7fecbd88d000-7fecbd88e000 r--p 0000f000 00:1ba 12926046129               /inspire/hdd/project/multi-agent/zhangweinan-24046/PA/envs/personal/lib/python3.10/site-packages/Cython/Plex/Actions.cpython-310-x86_64-linux-gnu.so
7fecbd88e000-7fecbd890000 rw-p 00010000 00:1ba 12926046129               /inspire/hdd/project/multi-agent/zhangweinan-24046/PA/envs/personal/lib/python3.10/site-packages/Cython/Plex/Actions.cpython-310-x86_64-linux-gnu.so
7fecbd890000-7fecbd897000 r--p 00000000 00:1ba 12927914524               /inspire/hdd/project/multi-agent/zhangweinan-24046/PA/envs/personal/lib/python3.10/site-packages/Cython/Utils.cpython-310-x86_64-linux-gnu.so
7fecbd897000-7fecbd8c9000 r-xp 00007000 00:1ba 12927914524               /inspire/hdd/project/multi-agent/zhangweinan-24046/PA/envs/personal/lib/python3.10/site-packages/Cython/Utils.cpython-310-x86_64-linux-gnu.so
7fecbd8c9000-7fecbd8d2000 r--p 00039000 00:1ba 12927914524               /inspire/hdd/project/multi-agent/zhangweinan-24046/PA/envs/personal/lib/python3.10/site-packages/Cython/Utils.cpython-310-x86_64-linux-gnu.so
7fecbd8d2000-7fecbd8d4000 r--p 00042000 00:1ba 12927914524               /inspire/hdd/project/multi-agent/zhangweinan-24046/PA/envs/personal/lib/python3.10/site-packages/Cython/Utils.cpython-310-x86_64-linux-gnu.so
7fecbd8d4000-7fecbd8d7000 rw-p 00044000 00:1ba 12927914524               /inspire/hdd/project/multi-agent/zhangweinan-24046/PA/envs/personal/lib/python3.10/site-packages/Cython/Utils.cpython-310-x86_64-linux-gnu.so
7fecbd8d7000-7fecbd8d8000 rw-p 00000000 00:00 0 
7fecbd8d8000-7fecbd8dd000 r--p 00000000 00:1ba 60863164180               /inspire/hdd/project/multi-agent/zhangweinan-24046/PA/envs/personal/lib/python3.10/lib-dynload/pyexpat.cpython-310-x86_64-linux-gnu.so
7fecbd8dd000-7fecbd909000 r-xp 00005000 00:1ba 60863164180               /inspire/hdd/project/multi-agent/zhangweinan-24046/PA/envs/personal/lib/python3.10/lib-dynload/pyexpat.cpython-310-x86_64-linux-gnu.so
7fecbd909000-7fecbd915000 r--p 00031000 00:1ba 60863164180               /inspire/hdd/project/multi-agent/zhangweinan-24046/PA/envs/personal/lib/python3.10/lib-dynload/pyexpat.cpython-310-x86_64-linux-gnu.so
7fecbd915000-7fecbd917000 r--p 0003d000 00:1ba 60863164180               /inspire/hdd/project/multi-agent/zhangweinan-24046/PA/envs/personal/lib/python3.10/lib-dynload/pyexpat.cpython-310-x86_64-linux-gnu.so
7fecbd917000-7fecbd919000 rw-p 0003f000 00:1ba 60863164180               /inspire/hdd/project/multi-agent/zhangweinan-24046/PA/envs/personal/lib/python3.10/lib-dynload/pyexpat.cpython-310-x86_64-linux-gnu.so
7fecbd919000-7fecbd91e000 r--p 00000000 00:1ba 60861295839               /inspire/hdd/project/multi-agent/zhangweinan-24046/PA/envs/personal/lib/python3.10/lib-dynload/_elementtree.cpython-310-x86_64-linux-gnu.so
7fecbd91e000-7fecbd927000 r-xp 00005000 00:1ba 60861295839               /inspire/hdd/project/multi-agent/zhangweinan-24046/PA/envs/personal/lib/python3.10/lib-dynload/_elementtree.cpython-310-x86_64-linux-gnu.so
7fecbd927000-7fecbd92b000 r--p 0000e000 00:1ba 60861295839               /inspire/hdd/project/multi-agent/zhangweinan-24046/PA/envs/personal/lib/python3.10/lib-dynload/_elementtree.cpython-310-x86_64-linux-gnu.so
7fecbd92b000-7fecbd92c000 r--p 00011000 00:1ba 60861295839               /inspire/hdd/project/multi-agent/zhangweinan-24046/PA/envs/personal/lib/python3.10/lib-dynload/_elementtree.cpython-310-x86_64-linux-gnu.so
7fecbd92c000-7fecbd92e000 rw-p 00012000 00:1ba 60861295839               /inspire/hdd/project/multi-agent/zhangweinan-24046/PA/envs/personal/lib/python3.10/lib-dynload/_elementtree.cpython-310-x86_64-linux-gnu.so
7fecbd92e000-7fecbd931000 r--p 00000000 00:1ba 56399770057               /inspire/hdd/project/multi-agent/zhangweinan-24046/PA/envs/personal/lib/python3.10/site-packages/torchvision.libs/libz.d13a2644.so.1
7fecbd931000-7fecbd943000 r-xp 00003000 00:1ba 56399770057               /inspire/hdd/project/multi-agent/zhangweinan-24046/PA/envs/personal/lib/python3.10/site-packages/torchvision.libs/libz.d13a2644.so.1
7fecbd943000-7fecbd94a000 r--p 00015000 00:1ba 56399770057               /inspire/hdd/project/multi-agent/zhangweinan-24046/PA/envs/personal/lib/python3.10/site-packages/torchvision.libs/libz.d13a2644.so.1
7fecbd94a000-7fecbd94b000 r--p 0001b000 00:1ba 56399770057               /inspire/hdd/project/multi-agent/zhangweinan-24046/PA/envs/personal/lib/python3.10/site-packages/torchvision.libs/libz.d13a2644.so.1
7fecbd94b000-7fecbd94c000 rw-p 0001c000 00:1ba 56399770057               /inspire/hdd/project/multi-agent/zhangweinan-24046/PA/envs/personal/lib/python3.10/site-packages/torchvision.libs/libz.d13a2644.so.1
7fecbd94c000-7fecbd94f000 r--p 00000000 00:1ba 56399770061               /inspire/hdd/project/multi-agent/zhangweinan-24046/PA/envs/personal/lib/python3.10/site-packages/torchvision.libs/libwebp.54a0d02a.so.7
7fecbd94f000-7fecbd9d9000 r-xp 00003000 00:1ba 56399770061               /inspire/hdd/project/multi-agent/zhangweinan-24046/PA/envs/personal/lib/python3.10/site-packages/torchvision.libs/libwebp.54a0d02a.so.7
7fecbd9d9000-7fecbd9ec000 r--p 0008d000 00:1ba 56399770061               /inspire/hdd/project/multi-agent/zhangweinan-24046/PA/envs/personal/lib/python3.10/site-packages/torchvision.libs/libwebp.54a0d02a.so.7
7fecbd9ec000-7fecbd9ed000 r--p 000a0000 00:1ba 56399770061               /inspire/hdd/project/multi-agent/zhangweinan-24046/PA/envs/personal/lib/python3.10/site-packages/torchvision.libs/libwebp.54a0d02a.so.7
7fecbd9ed000-7fecbd9ee000 rw-p 000a1000 00:1ba 56399770061               /inspire/hdd/project/multi-agent/zhangweinan-24046/PA/envs/personal/lib/python3.10/site-packages/torchvision.libs/libwebp.54a0d02a.so.7
7fecbd9ee000-7fecbd9ef000 rw-p 00000000 00:00 0 
7fecbd9ef000-7fecbd9f0000 rw-p 000ad000 00:1ba 56399770061               /inspire/hdd/project/multi-agent/zhangweinan-24046/PA/envs/personal/lib/python3.10/site-packages/torchvision.libs/libwebp.54a0d02a.so.7
7fecbd9f0000-7fecbd9f5000 r--p 00000000 00:1ba 56399770062               /inspire/hdd/project/multi-agent/zhangweinan-24046/PA/envs/personal/lib/python3.10/site-packages/torchvision.libs/libjpeg.1c1c4b09.so.8
7fecbd9f5000-7fecbda4a000 r-xp 00005000 00:1ba 56399770062               /inspire/hdd/project/multi-agent/zhangweinan-24046/PA/envs/personal/lib/python3.10/site-packages/torchvision.libs/libjpeg.1c1c4b09.so.8
7fecbda4a000-7fecbda85000 r--p 0005a000 00:1ba 56399770062               /inspire/hdd/project/multi-agent/zhangweinan-24046/PA/envs/personal/lib/python3.10/site-packages/torchvision.libs/libjpeg.1c1c4b09.so.8
7fecbda85000-7fecbda86000 r--p 00094000 00:1ba 56399770062               /inspire/hdd/project/multi-agent/zhangweinan-24046/PA/envs/personal/lib/python3.10/site-packages/torchvision.libs/libjpeg.1c1c4b09.so.8
7fecbda86000-7fecbda87000 rw-p 00095000 00:1ba 56399770062               /inspire/hdd/project/multi-agent/zhangweinan-24046/PA/envs/personal/lib/python3.10/site-packages/torchvision.libs/libjpeg.1c1c4b09.so.8
7fecbda87000-7fecbda8d000 r--p 00000000 00:1ba 56399770056               /inspire/hdd/project/multi-agent/zhangweinan-24046/PA/envs/personal/lib/python3.10/site-packages/torchvision.libs/libpng16.0364a1db.so.16
7fecbda8d000-7fecbdab6000 r-xp 00006000 00:1ba 56399770056               /inspire/hdd/project/multi-agent/zhangweinan-24046/PA/envs/personal/lib/python3.10/site-packages/torchvision.libs/libpng16.0364a1db.so.16
7fecbdab6000-7fecbdac1000 r--p 0002f000 00:1ba 56399770056               /inspire/hdd/project/multi-agent/zhangweinan-24046/PA/envs/personal/lib/python3.10/site-packages/torchvision.libs/libpng16.0364a1db.so.16
7fecbdac1000-7fecbdac2000 ---p 0003a000 00:1ba 56399770056               /inspire/hdd/project/multi-agent/zhangweinan-24046/PA/envs/personal/lib/python3.10/site-packages/torchvision.libs/libpng16.0364a1db.so.16
7fecbdac2000-7fecbdac3000 r--p 0003a000 00:1ba 56399770056               /inspire/hdd/project/multi-agent/zhangweinan-24046/PA/envs/personal/lib/python3.10/site-packages/torchvision.libs/libpng16.0364a1db.so.16
7fecbdac3000-7fecbdac4000 rw-p 0003b000 00:1ba 56399770056               /inspire/hdd/project/multi-agent/zhangweinan-24046/PA/envs/personal/lib/python3.10/site-packages/torchvision.libs/libpng16.0364a1db.so.16
7fecbdac4000-7fecbdac7000 rw-p 00042000 00:1ba 56399770056               /inspire/hdd/project/multi-agent/zhangweinan-24046/PA/envs/personal/lib/python3.10/site-packages/torchvision.libs/libpng16.0364a1db.so.16
7fecbdac7000-7fecbdadd000 r--p 00000000 00:1ba 56335285489               /inspire/hdd/project/multi-agent/zhangweinan-24046/PA/envs/personal/lib/python3.10/site-packages/torchvision/image.so
7fecbdadd000-7fecbdb09000 r-xp 00016000 00:1ba 56335285489               /inspire/hdd/project/multi-agent/zhangweinan-24046/PA/envs/personal/lib/python3.10/site-packages/torchvision/image.so
7fecbdb09000-7fecbdb1a000 r--p 00042000 00:1ba 56335285489               /inspire/hdd/project/multi-agent/zhangweinan-24046/PA/envs/personal/lib/python3.10/site-packages/torchvision/image.so
7fecbdb1a000-7fecbdb1b000 r--p 00053000 00:1ba 56335285489               /inspire/hdd/project/multi-agent/zhangweinan-24046/PA/envs/personal/lib/python3.10/site-packages/torchvision/image.so
7fecbdb1b000-7fecbdb1c000 rw-p 00054000 00:1ba 56335285489               /inspire/hdd/project/multi-agent/zhangweinan-24046/PA/envs/personal/lib/python3.10/site-packages/torchvision/image.so
7fecbdb1c000-7fecbdb1d000 rw-p 00000000 00:00 0 
7fecbdb1d000-7fecbdb29000 rw-p 0006b000 00:1ba 56335285489               /inspire/hdd/project/multi-agent/zhangweinan-24046/PA/envs/personal/lib/python3.10/site-packages/torchvision/image.so
7fecbdb29000-7fecbdb34000 rw-p 00077000 00:1ba 56335285489               /inspire/hdd/project/multi-agent/zhangweinan-24046/PA/envs/personal/lib/python3.10/site-packages/torchvision/image.so
7fecbdb34000-7fecbdb3f000 rw-p 00082000 00:1ba 56335285489               /inspire/hdd/project/multi-agent/zhangweinan-24046/PA/envs/personal/lib/python3.10/site-packages/torchvision/image.so
7fecbdb3f000-7fecbdb4a000 rw-p 0008d000 00:1ba 56335285489               /inspire/hdd/project/multi-agent/zhangweinan-24046/PA/envs/personal/lib/python3.10/site-packages/torchvision/image.so
7fecbdb4a000-7fecbdb55000 rw-p 00098000 00:1ba 56335285489               /inspire/hdd/project/multi-agent/zhangweinan-24046/PA/envs/personal/lib/python3.10/site-packages/torchvision/image.so
7fecbdb55000-7fecbdb5b000 r--p 00000000 00:1ba 70128038877               /inspire/hdd/project/multi-agent/zhangweinan-24046/PA/envs/personal/lib/libpng16.so.16.39.0
7fecbdb5b000-7fecbdb84000 r-xp 00006000 00:1ba 70128038877               /inspire/hdd/project/multi-agent/zhangweinan-24046/PA/envs/personal/lib/libpng16.so.16.39.0
7fecbdb84000-7fecbdb8f000 r--p 0002f000 00:1ba 70128038877               /inspire/hdd/project/multi-agent/zhangweinan-24046/PA/envs/personal/lib/libpng16.so.16.39.0
7fecbdb8f000-7fecbdb90000 ---p 0003a000 00:1ba 70128038877               /inspire/hdd/project/multi-agent/zhangweinan-24046/PA/envs/personal/lib/libpng16.so.16.39.0
7fecbdb90000-7fecbdb91000 r--p 0003a000 00:1ba 70128038877               /inspire/hdd/project/multi-agent/zhangweinan-24046/PA/envs/personal/lib/libpng16.so.16.39.0
7fecbdb91000-7fecbdb92000 rw-p 0003b000 00:1ba 70128038877               /inspire/hdd/project/multi-agent/zhangweinan-24046/PA/envs/personal/lib/libpng16.so.16.39.0
7fecbdb92000-7fecbdba0000 r--p 00000000 00:1ba 70129907418               /inspire/hdd/project/multi-agent/zhangweinan-24046/PA/envs/personal/lib/libfreetype.so.6.20.2
7fecbdba0000-7fecbdc1b000 r-xp 0000e000 00:1ba 70129907418               /inspire/hdd/project/multi-agent/zhangweinan-24046/PA/envs/personal/lib/libfreetype.so.6.20.2
7fecbdc1b000-7fecbdc43000 r--p 00089000 00:1ba 70129907418               /inspire/hdd/project/multi-agent/zhangweinan-24046/PA/envs/personal/lib/libfreetype.so.6.20.2
7fecbdc43000-7fecbdc4b000 r--p 000b1000 00:1ba 70129907418               /inspire/hdd/project/multi-agent/zhangweinan-24046/PA/envs/personal/lib/libfreetype.so.6.20.2
7fecbdc4b000-7fecbdc4c000 rw-p 000b9000 00:1ba 70129907418               /inspire/hdd/project/multi-agent/zhangweinan-24046/PA/envs/personal/lib/libfreetype.so.6.20.2
7fecbdc4c000-7fecbdd4c000 rw-p 00000000 00:00 0 
7fecbdd4c000-7fecbddb8000 r--p 00000000 00:1ba 56335285484               /inspire/hdd/project/multi-agent/zhangweinan-24046/PA/envs/personal/lib/python3.10/site-packages/torchvision/_C.so
7fecbddb8000-7fecbdecf000 r-xp 0006c000 00:1ba 56335285484               /inspire/hdd/project/multi-agent/zhangweinan-24046/PA/envs/personal/lib/python3.10/site-packages/torchvision/_C.so
7fecbdecf000-7fecbe416000 r--p 00183000 00:1ba 56335285484               /inspire/hdd/project/multi-agent/zhangweinan-24046/PA/envs/personal/lib/python3.10/site-packages/torchvision/_C.so
7fecbe416000-7fecbe419000 r--p 006c9000 00:1ba 56335285484               /inspire/hdd/project/multi-agent/zhangweinan-24046/PA/envs/personal/lib/python3.10/site-packages/torchvision/_C.so
7fecbe419000-7fecbe41e000 rw-p 006cc000 00:1ba 56335285484               /inspire/hdd/project/multi-agent/zhangweinan-24046/PA/envs/personal/lib/python3.10/site-packages/torchvision/_C.so
7fecbe41e000-7fecbe81f000 rw-p 00000000 00:00 0 
7fecbe81f000-7fecbe82b000 r--p 00000000 00:1ba 56431898081               /inspire/hdd/project/multi-agent/zhangweinan-24046/PA/envs/personal/lib/python3.10/site-packages/safetensors/_safetensors_rust.cpython-310-x86_64-linux-gnu.so
7fecbe82b000-7fecbe8b1000 r-xp 0000c000 00:1ba 56431898081               /inspire/hdd/project/multi-agent/zhangweinan-24046/PA/envs/personal/lib/python3.10/site-packages/safetensors/_safetensors_rust.cpython-310-x86_64-linux-gnu.so
7fecbe8b1000-7fecbe8d8000 r--p 00092000 00:1ba 56431898081               /inspire/hdd/project/multi-agent/zhangweinan-24046/PA/envs/personal/lib/python3.10/site-packages/safetensors/_safetensors_rust.cpython-310-x86_64-linux-gnu.so
7fecbe8d8000-7fecbe8df000 r--p 000b8000 00:1ba 56431898081               /inspire/hdd/project/multi-agent/zhangweinan-24046/PA/envs/personal/lib/python3.10/site-packages/safetensors/_safetensors_rust.cpython-310-x86_64-linux-gnu.so
7fecbe8df000-7fecbe8e0000 rw-p 000bf000 00:1ba 56431898081               /inspire/hdd/project/multi-agent/zhangweinan-24046/PA/envs/personal/lib/python3.10/site-packages/safetensors/_safetensors_rust.cpython-310-x86_64-linux-gnu.so
7fecbe8e0000-7fecbe8e6000 r--p 00000000 00:1ba 70088436721               /inspire/hdd/project/multi-agent/zhangweinan-24046/PA/envs/personal/lib/python3.10/site-packages/sklearn/metrics/_pairwise_fast.cpython-310-x86_64-linux-gnu.so
7fecbe8e6000-7fecbe916000 r-xp 00006000 00:1ba 70088436721               /inspire/hdd/project/multi-agent/zhangweinan-24046/PA/envs/personal/lib/python3.10/site-packages/sklearn/metrics/_pairwise_fast.cpython-310-x86_64-linux-gnu.so
7fecbe916000-7fecbe91e000 r--p 00036000 00:1ba 70088436721               /inspire/hdd/project/multi-agent/zhangweinan-24046/PA/envs/personal/lib/python3.10/site-packages/sklearn/metrics/_pairwise_fast.cpython-310-x86_64-linux-gnu.so
7fecbe91e000-7fecbe920000 r--p 0003d000 00:1ba 70088436721               /inspire/hdd/project/multi-agent/zhangweinan-24046/PA/envs/personal/lib/python3.10/site-packages/sklearn/metrics/_pairwise_fast.cpython-310-x86_64-linux-gnu.so
7fecbe920000-7fecbe922000 rw-p 0003f000 00:1ba 70088436721               /inspire/hdd/project/multi-agent/zhangweinan-24046/PA/envs/personal/lib/python3.10/site-packages/sklearn/metrics/_pairwise_fast.cpython-310-x86_64-linux-gnu.so
7fecbe922000-7fecbe923000 rw-p 00000000 00:00 0 
7fecbe923000-7fecbe926000 rw-p 0004a000 00:1ba 70088436721               /inspire/hdd/project/multi-agent/zhangweinan-24046/PA/envs/personal/lib/python3.10/site-packages/sklearn/metrics/_pairwise_fast.cpython-310-x86_64-linux-gnu.so
7fecbe926000-7fecbe928000 rw-p 0004d000 00:1ba 70088436721               /inspire/hdd/project/multi-agent/zhangweinan-24046/PA/envs/personal/lib/python3.10/site-packages/sklearn/metrics/_pairwise_fast.cpython-310-x86_64-linux-gnu.so
7fecbe928000-7fecbe92e000 r--p 00000000 00:1ba 70092173569               /inspire/hdd/project/multi-agent/zhangweinan-24046/PA/envs/personal/lib/python3.10/site-packages/sklearn/metrics/_pairwise_distances_reduction/_radius_neighbors_classmode.cpython-310-x86_64-linux-gnu.so
7fecbe92e000-7fecbe95b000 r-xp 00006000 00:1ba 70092173569               /inspire/hdd/project/multi-agent/zhangweinan-24046/PA/envs/personal/lib/python3.10/site-packages/sklearn/metrics/_pairwise_distances_reduction/_radius_neighbors_classmode.cpython-310-x86_64-linux-gnu.so
7fecbe95b000-7fecbe964000 r--p 00033000 00:1ba 70092173569               /inspire/hdd/project/multi-agent/zhangweinan-24046/PA/envs/personal/lib/python3.10/site-packages/sklearn/metrics/_pairwise_distances_reduction/_radius_neighbors_classmode.cpython-310-x86_64-linux-gnu.so
7fecbe964000-7fecbe966000 r--p 0003b000 00:1ba 70092173569               /inspire/hdd/project/multi-agent/zhangweinan-24046/PA/envs/personal/lib/python3.10/site-packages/sklearn/metrics/_pairwise_distances_reduction/_radius_neighbors_classmode.cpython-310-x86_64-linux-gnu.so
7fecbe966000-7fecbe968000 rw-p 0003d000 00:1ba 70092173569               /inspire/hdd/project/multi-agent/zhangweinan-24046/PA/envs/personal/lib/python3.10/site-packages/sklearn/metrics/_pairwise_distances_reduction/_radius_neighbors_classmode.cpython-310-x86_64-linux-gnu.so
7fecbe968000-7fecbe969000 rw-p 00000000 00:00 0 
7fecbe969000-7fecbe96c000 rw-p 0004e000 00:1ba 70092173569               /inspire/hdd/project/multi-agent/zhangweinan-24046/PA/envs/personal/lib/python3.10/site-packages/sklearn/metrics/_pairwise_distances_reduction/_radius_neighbors_classmode.cpython-310-x86_64-linux-gnu.so
7fecbe96c000-7fecbe96e000 rw-p 00051000 00:1ba 70092173569               /inspire/hdd/project/multi-agent/zhangweinan-24046/PA/envs/personal/lib/python3.10/site-packages/sklearn/metrics/_pairwise_distances_reduction/_radius_neighbors_classmode.cpython-310-x86_64-linux-gnu.so
7fecbe96e000-7fecbea6e000 rw-p 00000000 00:00 0 
7fecbea6e000-7fecbea76000 r--p 00000000 00:1ba 70090305278               /inspire/hdd/project/multi-agent/zhangweinan-24046/PA/envs/personal/lib/python3.10/site-packages/sklearn/metrics/_pairwise_distances_reduction/_radius_neighbors.cpython-310-x86_64-linux-gnu.so
7fecbea76000-7fecbeaad000 r-xp 00008000 00:1ba 70090305278               /inspire/hdd/project/multi-agent/zhangweinan-24046/PA/envs/personal/lib/python3.10/site-packages/sklearn/metrics/_pairwise_distances_reduction/_radius_neighbors.cpython-310-x86_64-linux-gnu.so
7fecbeaad000-7fecbeab9000 r--p 0003f000 00:1ba 70090305278               /inspire/hdd/project/multi-agent/zhangweinan-24046/PA/envs/personal/lib/python3.10/site-packages/sklearn/metrics/_pairwise_distances_reduction/_radius_neighbors.cpython-310-x86_64-linux-gnu.so
7fecbeab9000-7fecbeabb000 r--p 0004a000 00:1ba 70090305278               /inspire/hdd/project/multi-agent/zhangweinan-24046/PA/envs/personal/lib/python3.10/site-packages/sklearn/metrics/_pairwise_distances_reduction/_radius_neighbors.cpython-310-x86_64-linux-gnu.so
7fecbeabb000-7fecbeabe000 rw-p 0004c000 00:1ba 70090305278               /inspire/hdd/project/multi-agent/zhangweinan-24046/PA/envs/personal/lib/python3.10/site-packages/sklearn/metrics/_pairwise_distances_reduction/_radius_neighbors.cpython-310-x86_64-linux-gnu.so
7fecbeabe000-7fecbeabf000 rw-p 00000000 00:00 0 
7fecbeabf000-7fecbeac1000 rw-p 00063000 00:1ba 70090305278               /inspire/hdd/project/multi-agent/zhangweinan-24046/PA/envs/personal/lib/python3.10/site-packages/sklearn/metrics/_pairwise_distances_reduction/_radius_neighbors.cpython-310-x86_64-linux-gnu.so
7fecbeac1000-7fecbeac3000 rw-p 00065000 00:1ba 70090305278               /inspire/hdd/project/multi-agent/zhangweinan-24046/PA/envs/personal/lib/python3.10/site-packages/sklearn/metrics/_pairwise_distances_reduction/_radius_neighbors.cpython-310-x86_64-linux-gnu.so
7fecbeac3000-7fecbeac9000 r--p 00000000 00:1ba 70090305118               /inspire/hdd/project/multi-agent/zhangweinan-24046/PA/envs/personal/lib/python3.10/site-packages/sklearn/metrics/_pairwise_distances_reduction/_argkmin_classmode.cpython-310-x86_64-linux-gnu.so
7fecbeac9000-7fecbeaf3000 r-xp 00006000 00:1ba 70090305118               /inspire/hdd/project/multi-agent/zhangweinan-24046/PA/envs/personal/lib/python3.10/site-packages/sklearn/metrics/_pairwise_distances_reduction/_argkmin_classmode.cpython-310-x86_64-linux-gnu.so
7fecbeaf3000-7fecbeafc000 r--p 00030000 00:1ba 70090305118               /inspire/hdd/project/multi-agent/zhangweinan-24046/PA/envs/personal/lib/python3.10/site-packages/sklearn/metrics/_pairwise_distances_reduction/_argkmin_classmode.cpython-310-x86_64-linux-gnu.so
7fecbeafc000-7fecbeafd000 ---p 00039000 00:1ba 70090305118               /inspire/hdd/project/multi-agent/zhangweinan-24046/PA/envs/personal/lib/python3.10/site-packages/sklearn/metrics/_pairwise_distances_reduction/_argkmin_classmode.cpython-310-x86_64-linux-gnu.so
7fecbeafd000-7fecbeafe000 r--p 00039000 00:1ba 70090305118               /inspire/hdd/project/multi-agent/zhangweinan-24046/PA/envs/personal/lib/python3.10/site-packages/sklearn/metrics/_pairwise_distances_reduction/_argkmin_classmode.cpython-310-x86_64-linux-gnu.so
7fecbeafe000-7fecbeb00000 rw-p 0003a000 00:1ba 70090305118               /inspire/hdd/project/multi-agent/zhangweinan-24046/PA/envs/personal/lib/python3.10/site-packages/sklearn/metrics/_pairwise_distances_reduction/_argkmin_classmode.cpython-310-x86_64-linux-gnu.so
7fecbeb00000-7fecbeb01000 rw-p 00000000 00:00 0 
7fecbeb01000-7fecbeb04000 rw-p 00049000 00:1ba 70090305118               /inspire/hdd/project/multi-agent/zhangweinan-24046/PA/envs/personal/lib/python3.10/site-packages/sklearn/metrics/_pairwise_distances_reduction/_argkmin_classmode.cpython-310-x86_64-linux-gnu.so
7fecbeb04000-7fecbeb06000 rw-p 0004c000 00:1ba 70090305118               /inspire/hdd/project/multi-agent/zhangweinan-24046/PA/envs/personal/lib/python3.10/site-packages/sklearn/metrics/_pairwise_distances_reduction/_argkmin_classmode.cpython-310-x86_64-linux-gnu.so
7fecbeb06000-7fecbeb0e000 r--p 00000000 00:1ba 70090305274               /inspire/hdd/project/multi-agent/zhangweinan-24046/PA/envs/personal/lib/python3.10/site-packages/sklearn/metrics/_pairwise_distances_reduction/_middle_term_computer.cpython-310-x86_64-linux-gnu.so
7fecbeb0e000-7fecbeb5a000 r-xp 00008000 00:1ba 70090305274               /inspire/hdd/project/multi-agent/zhangweinan-24046/PA/envs/personal/lib/python3.10/site-packages/sklearn/metrics/_pairwise_distances_reduction/_middle_term_computer.cpython-310-x86_64-linux-gnu.so
7fecbeb5a000-7fecbeb69000 r--p 00054000 00:1ba 70090305274               /inspire/hdd/project/multi-agent/zhangweinan-24046/PA/envs/personal/lib/python3.10/site-packages/sklearn/metrics/_pairwise_distances_reduction/_middle_term_computer.cpython-310-x86_64-linux-gnu.so
7fecbeb69000-7fecbeb6b000 r--p 00062000 00:1ba 70090305274               /inspire/hdd/project/multi-agent/zhangweinan-24046/PA/envs/personal/lib/python3.10/site-packages/sklearn/metrics/_pairwise_distances_reduction/_middle_term_computer.cpython-310-x86_64-linux-gnu.so
7fecbeb6b000-7fecbeb6e000 rw-p 00064000 00:1ba 70090305274               /inspire/hdd/project/multi-agent/zhangweinan-24046/PA/envs/personal/lib/python3.10/site-packages/sklearn/metrics/_pairwise_distances_reduction/_middle_term_computer.cpython-310-x86_64-linux-gnu.so
7fecbeb6e000-7fecbeb6f000 rw-p 00000000 00:00 0 
7fecbeb6f000-7fecbeb76000 r--p 00000000 00:1ba 8962890145                /inspire/hdd/project/multi-agent/zhangweinan-24046/PA/envs/personal/lib/python3.10/site-packages/sklearn/utils/_cython_blas.cpython-310-x86_64-linux-gnu.so
7fecbeb76000-7fecbebca000 r-xp 00007000 00:1ba 8962890145                /inspire/hdd/project/multi-agent/zhangweinan-24046/PA/envs/personal/lib/python3.10/site-packages/sklearn/utils/_cython_blas.cpython-310-x86_64-linux-gnu.so
7fecbebca000-7fecbebd6000 r--p 0005b000 00:1ba 8962890145                /inspire/hdd/project/multi-agent/zhangweinan-24046/PA/envs/personal/lib/python3.10/site-packages/sklearn/utils/_cython_blas.cpython-310-x86_64-linux-gnu.so
7fecbebd6000-7fecbebd8000 r--p 00066000 00:1ba 8962890145                /inspire/hdd/project/multi-agent/zhangweinan-24046/PA/envs/personal/lib/python3.10/site-packages/sklearn/utils/_cython_blas.cpython-310-x86_64-linux-gnu.so
7fecbebd8000-7fecbebda000 rw-p 00068000 00:1ba 8962890145                /inspire/hdd/project/multi-agent/zhangweinan-24046/PA/envs/personal/lib/python3.10/site-packages/sklearn/utils/_cython_blas.cpython-310-x86_64-linux-gnu.so
7fecbebda000-7fecbebdb000 rw-p 00000000 00:00 0 
7fecbebdb000-7fecbebe2000 r--p 00000000 00:1ba 70090305217               /inspire/hdd/project/multi-agent/zhangweinan-24046/PA/envs/personal/lib/python3.10/site-packages/sklearn/metrics/_pairwise_distances_reduction/_datasets_pair.cpython-310-x86_64-linux-gnu.so
7fecbebe2000-7fecbec2c000 r-xp 00007000 00:1ba 70090305217               /inspire/hdd/project/multi-agent/zhangweinan-24046/PA/envs/personal/lib/python3.10/site-packages/sklearn/metrics/_pairwise_distances_reduction/_datasets_pair.cpython-310-x86_64-linux-gnu.so
7fecbec2c000-7fecbec3b000 r--p 00051000 00:1ba 70090305217               /inspire/hdd/project/multi-agent/zhangweinan-24046/PA/envs/personal/lib/python3.10/site-packages/sklearn/metrics/_pairwise_distances_reduction/_datasets_pair.cpython-310-x86_64-linux-gnu.so
7fecbec3b000-7fecbec3d000 r--p 0005f000 00:1ba 70090305217               /inspire/hdd/project/multi-agent/zhangweinan-24046/PA/envs/personal/lib/python3.10/site-packages/sklearn/metrics/_pairwise_distances_reduction/_datasets_pair.cpython-310-x86_64-linux-gnu.so
7fecbec3d000-7fecbec40000 rw-p 00061000 00:1ba 70090305217               /inspire/hdd/project/multi-agent/zhangweinan-24046/PA/envs/personal/lib/python3.10/site-packages/sklearn/metrics/_pairwise_distances_reduction/_datasets_pair.cpython-310-x86_64-linux-gnu.so
7fecbec40000-7fecbec42000 rw-p 00000000 00:00 0 
7fecbec42000-7fecbec49000 r--p 00000000 00:1ba 70090305165               /inspire/hdd/project/multi-agent/zhangweinan-24046/PA/envs/personal/lib/python3.10/site-packages/sklearn/metrics/_pairwise_distances_reduction/_base.cpython-310-x86_64-linux-gnu.so
7fecbec49000-7fecbec7b000 r-xp 00007000 00:1ba 70090305165               /inspire/hdd/project/multi-agent/zhangweinan-24046/PA/envs/personal/lib/python3.10/site-packages/sklearn/metrics/_pairwise_distances_reduction/_base.cpython-310-x86_64-linux-gnu.so
7fecbec7b000-7fecbec85000 r--p 00039000 00:1ba 70090305165               /inspire/hdd/project/multi-agent/zhangweinan-24046/PA/envs/personal/lib/python3.10/site-packages/sklearn/metrics/_pairwise_distances_reduction/_base.cpython-310-x86_64-linux-gnu.so
7fecbec85000-7fecbec87000 r--p 00042000 00:1ba 70090305165               /inspire/hdd/project/multi-agent/zhangweinan-24046/PA/envs/personal/lib/python3.10/site-packages/sklearn/metrics/_pairwise_distances_reduction/_base.cpython-310-x86_64-linux-gnu.so
7fecbec87000-7fecbec89000 rw-p 00044000 00:1ba 70090305165               /inspire/hdd/project/multi-agent/zhangweinan-24046/PA/envs/personal/lib/python3.10/site-packages/sklearn/metrics/_pairwise_distances_reduction/_base.cpython-310-x86_64-linux-gnu.so
7fecbec89000-7fecbec8a000 rw-p 00000000 00:00 0 
7fecbec8a000-7fecbec8d000 rw-p 00058000 00:1ba 70090305165               /inspire/hdd/project/multi-agent/zhangweinan-24046/PA/envs/personal/lib/python3.10/site-packages/sklearn/metrics/_pairwise_distances_reduction/_base.cpython-310-x86_64-linux-gnu.so
7fecbec8d000-7fecbec8f000 rw-p 0005b000 00:1ba 70090305165               /inspire/hdd/project/multi-agent/zhangweinan-24046/PA/envs/personal/lib/python3.10/site-packages/sklearn/metrics/_pairwise_distances_reduction/_base.cpython-310-x86_64-linux-gnu.so
7fecbec8f000-7fecbec96000 r--p 00000000 00:1ba 70090305109               /inspire/hdd/project/multi-agent/zhangweinan-24046/PA/envs/personal/lib/python3.10/site-packages/sklearn/metrics/_pairwise_distances_reduction/_argkmin.cpython-310-x86_64-linux-gnu.so
7fecbec96000-7fecbeccd000 r-xp 00007000 00:1ba 70090305109               /inspire/hdd/project/multi-agent/zhangweinan-24046/PA/envs/personal/lib/python3.10/site-packages/sklearn/metrics/_pairwise_distances_reduction/_argkmin.cpython-310-x86_64-linux-gnu.so
7fecbeccd000-7fecbecd8000 r--p 0003e000 00:1ba 70090305109               /inspire/hdd/project/multi-agent/zhangweinan-24046/PA/envs/personal/lib/python3.10/site-packages/sklearn/metrics/_pairwise_distances_reduction/_argkmin.cpython-310-x86_64-linux-gnu.so
7fecbecd8000-7fecbecda000 r--p 00048000 00:1ba 70090305109               /inspire/hdd/project/multi-agent/zhangweinan-24046/PA/envs/personal/lib/python3.10/site-packages/sklearn/metrics/_pairwise_distances_reduction/_argkmin.cpython-310-x86_64-linux-gnu.so
7fecbecda000-7fecbecdd000 rw-p 0004a000 00:1ba 70090305109               /inspire/hdd/project/multi-agent/zhangweinan-24046/PA/envs/personal/lib/python3.10/site-packages/sklearn/metrics/_pairwise_distances_reduction/_argkmin.cpython-310-x86_64-linux-gnu.so
7fecbecdd000-7fecbecde000 rw-p 00000000 00:00 0 
7fecbecde000-7fecbece1000 rw-p 00060000 00:1ba 70090305109               /inspire/hdd/project/multi-agent/zhangweinan-24046/PA/envs/personal/lib/python3.10/site-packages/sklearn/metrics/_pairwise_distances_reduction/_argkmin.cpython-310-x86_64-linux-gnu.so
7fecbece1000-7fecbece3000 rw-p 00063000 00:1ba 70090305109               /inspire/hdd/project/multi-agent/zhangweinan-24046/PA/envs/personal/lib/python3.10/site-packages/sklearn/metrics/_pairwise_distances_reduction/_argkmin.cpython-310-x86_64-linux-gnu.so
7fecbece3000-7fecbecee000 r--p 00000000 00:1ba 70088436710               /inspire/hdd/project/multi-agent/zhangweinan-24046/PA/envs/personal/lib/python3.10/site-packages/sklearn/metrics/_dist_metrics.cpython-310-x86_64-linux-gnu.so
7fecbecee000-7fecbed61000 r-xp 0000b000 00:1ba 70088436710               /inspire/hdd/project/multi-agent/zhangweinan-24046/PA/envs/personal/lib/python3.10/site-packages/sklearn/metrics/_dist_metrics.cpython-310-x86_64-linux-gnu.so
7fecbed61000-7fecbed79000 r--p 0007e000 00:1ba 70088436710               /inspire/hdd/project/multi-agent/zhangweinan-24046/PA/envs/personal/lib/python3.10/site-packages/sklearn/metrics/_dist_metrics.cpython-310-x86_64-linux-gnu.so
7fecbed79000-7fecbed7b000 r--p 00095000 00:1ba 70088436710               /inspire/hdd/project/multi-agent/zhangweinan-24046/PA/envs/personal/lib/python3.10/site-packages/sklearn/metrics/_dist_metrics.cpython-310-x86_64-linux-gnu.so
7fecbed7b000-7fecbed82000 rw-p 00097000 00:1ba 70088436710               /inspire/hdd/project/multi-agent/zhangweinan-24046/PA/envs/personal/lib/python3.10/site-packages/sklearn/metrics/_dist_metrics.cpython-310-x86_64-linux-gnu.so
7fecbed82000-7fecbed85000 rw-p 00000000 00:00 0 
7fecbed85000-7fecbed8c000 r--p 00000000 00:1ba 60861295746               /inspire/hdd/project/multi-agent/zhangweinan-24046/PA/envs/personal/lib/python3.10/site-packages/sklearn/preprocessing/_target_encoder_fast.cpython-310-x86_64-linux-gnu.so
7fecbed8c000-7fecbedef000 r-xp 00007000 00:1ba 60861295746               /inspire/hdd/project/multi-agent/zhangweinan-24046/PA/envs/personal/lib/python3.10/site-packages/sklearn/preprocessing/_target_encoder_fast.cpython-310-x86_64-linux-gnu.so
7fecbedef000-7fecbedf9000 r--p 0006a000 00:1ba 60861295746               /inspire/hdd/project/multi-agent/zhangweinan-24046/PA/envs/personal/lib/python3.10/site-packages/sklearn/preprocessing/_target_encoder_fast.cpython-310-x86_64-linux-gnu.so
7fecbedf9000-7fecbedfa000 ---p 00074000 00:1ba 60861295746               /inspire/hdd/project/multi-agent/zhangweinan-24046/PA/envs/personal/lib/python3.10/site-packages/sklearn/preprocessing/_target_encoder_fast.cpython-310-x86_64-linux-gnu.so
7fecbedfa000-7fecbedfc000 r--p 00074000 00:1ba 60861295746               /inspire/hdd/project/multi-agent/zhangweinan-24046/PA/envs/personal/lib/python3.10/site-packages/sklearn/preprocessing/_target_encoder_fast.cpython-310-x86_64-linux-gnu.so
7fecbedfc000-7fecbedfe000 rw-p 00076000 00:1ba 60861295746               /inspire/hdd/project/multi-agent/zhangweinan-24046/PA/envs/personal/lib/python3.10/site-packages/sklearn/preprocessing/_target_encoder_fast.cpython-310-x86_64-linux-gnu.so
7fecbedfe000-7fecbee00000 rw-p 00000000 00:00 0 
7fecbee00000-7fecbee25000 r-xp 00000000 00:1ba 70082011059               /inspire/hdd/project/multi-agent/zhangweinan-24046/PA/envs/personal/lib/python3.10/site-packages/scikit_learn.libs/libgomp-a34b3233.so.1.0.0
7fecbee25000-7fecbf024000 ---p 00025000 00:1ba 70082011059               /inspire/hdd/project/multi-agent/zhangweinan-24046/PA/envs/personal/lib/python3.10/site-packages/scikit_learn.libs/libgomp-a34b3233.so.1.0.0
7fecbf024000-7fecbf025000 r--p 00024000 00:1ba 70082011059               /inspire/hdd/project/multi-agent/zhangweinan-24046/PA/envs/personal/lib/python3.10/site-packages/scikit_learn.libs/libgomp-a34b3233.so.1.0.0
7fecbf025000-7fecbf026000 rw-p 00025000 00:1ba 70082011059               /inspire/hdd/project/multi-agent/zhangweinan-24046/PA/envs/personal/lib/python3.10/site-packages/scikit_learn.libs/libgomp-a34b3233.so.1.0.0
7fecbf026000-7fecbf02a000 rw-p 00026000 00:1ba 70082011059               /inspire/hdd/project/multi-agent/zhangweinan-24046/PA/envs/personal/lib/python3.10/site-packages/scikit_learn.libs/libgomp-a34b3233.so.1.0.0
7fecbf02a000-7fecbf02b000 r--p 00000000 00:1ba 60861295864               /inspire/hdd/project/multi-agent/zhangweinan-24046/PA/envs/personal/lib/python3.10/lib-dynload/_statistics.cpython-310-x86_64-linux-gnu.so
7fecbf02b000-7fecbf02c000 r-xp 00001000 00:1ba 60861295864               /inspire/hdd/project/multi-agent/zhangweinan-24046/PA/envs/personal/lib/python3.10/lib-dynload/_statistics.cpython-310-x86_64-linux-gnu.so
7fecbf02c000-7fecbf02d000 r--p 00002000 00:1ba 60861295864               /inspire/hdd/project/multi-agent/zhangweinan-24046/PA/envs/personal/lib/python3.10/lib-dynload/_statistics.cpython-310-x86_64-linux-gnu.so
7fecbf02d000-7fecbf02e000 r--p 00002000 00:1ba 60861295864               /inspire/hdd/project/multi-agent/zhangweinan-24046/PA/envs/personal/lib/python3.10/lib-dynload/_statistics.cpython-310-x86_64-linux-gnu.so
7fecbf02e000-7fecbf02f000 rw-p 00003000 00:1ba 60861295864               /inspire/hdd/project/multi-agent/zhangweinan-24046/PA/envs/personal/lib/python3.10/lib-dynload/_statistics.cpython-310-x86_64-linux-gnu.so
7fecbf02f000-7fecbf030000 r--p 00000000 00:1ba 56399770060               /inspire/hdd/project/multi-agent/zhangweinan-24046/PA/envs/personal/lib/python3.10/site-packages/torchvision.libs/libsharpyuv.5c41a003.so.0
7fecbf030000-7fecbf035000 r-xp 00001000 00:1ba 56399770060               /inspire/hdd/project/multi-agent/zhangweinan-24046/PA/envs/personal/lib/python3.10/site-packages/torchvision.libs/libsharpyuv.5c41a003.so.0
7fecbf035000-7fecbf036000 r--p 00006000 00:1ba 56399770060               /inspire/hdd/project/multi-agent/zhangweinan-24046/PA/envs/personal/lib/python3.10/site-packages/torchvision.libs/libsharpyuv.5c41a003.so.0
7fecbf036000-7fecbf037000 r--p 00006000 00:1ba 56399770060               /inspire/hdd/project/multi-agent/zhangweinan-24046/PA/envs/personal/lib/python3.10/site-packages/torchvision.libs/libsharpyuv.5c41a003.so.0
7fecbf037000-7fecbf038000 rw-p 00007000 00:1ba 56399770060               /inspire/hdd/project/multi-agent/zhangweinan-24046/PA/envs/personal/lib/python3.10/site-packages/torchvision.libs/libsharpyuv.5c41a003.so.0
7fecbf038000-7fecbf039000 rw-p 00000000 00:00 0 
7fecbf039000-7fecbf03c000 r--p 00000000 00:1ba 60972336167               /inspire/hdd/project/multi-agent/zhangweinan-24046/PA/envs/personal/lib/python3.10/site-packages/PIL/_imagingft.cpython-310-x86_64-linux-gnu.so
7fecbf03c000-7fecbf03f000 r-xp 00003000 00:1ba 60972336167               /inspire/hdd/project/multi-agent/zhangweinan-24046/PA/envs/personal/lib/python3.10/site-packages/PIL/_imagingft.cpython-310-x86_64-linux-gnu.so
7fecbf03f000-7fecbf041000 r--p 00006000 00:1ba 60972336167               /inspire/hdd/project/multi-agent/zhangweinan-24046/PA/envs/personal/lib/python3.10/site-packages/PIL/_imagingft.cpython-310-x86_64-linux-gnu.so
7fecbf041000-7fecbf042000 r--p 00007000 00:1ba 60972336167               /inspire/hdd/project/multi-agent/zhangweinan-24046/PA/envs/personal/lib/python3.10/site-packages/PIL/_imagingft.cpython-310-x86_64-linux-gnu.so
7fecbf042000-7fecbf043000 rw-p 00008000 00:1ba 60972336167               /inspire/hdd/project/multi-agent/zhangweinan-24046/PA/envs/personal/lib/python3.10/site-packages/PIL/_imagingft.cpython-310-x86_64-linux-gnu.so
7fecbf043000-7fecbf048000 r--p 00000000 00:1ba 8962890188                /inspire/hdd/project/multi-agent/zhangweinan-24046/PA/envs/personal/lib/python3.10/site-packages/sklearn/utils/_vector_sentinel.cpython-310-x86_64-linux-gnu.so
7fecbf048000-7fecbf05b000 r-xp 00005000 00:1ba 8962890188                /inspire/hdd/project/multi-agent/zhangweinan-24046/PA/envs/personal/lib/python3.10/site-packages/sklearn/utils/_vector_sentinel.cpython-310-x86_64-linux-gnu.so
7fecbf05b000-7fecbf060000 r--p 00018000 00:1ba 8962890188                /inspire/hdd/project/multi-agent/zhangweinan-24046/PA/envs/personal/lib/python3.10/site-packages/sklearn/utils/_vector_sentinel.cpython-310-x86_64-linux-gnu.so
7fecbf060000-7fecbf061000 ---p 0001d000 00:1ba 8962890188                /inspire/hdd/project/multi-agent/zhangweinan-24046/PA/envs/personal/lib/python3.10/site-packages/sklearn/utils/_vector_sentinel.cpython-310-x86_64-linux-gnu.so
7fecbf061000-7fecbf062000 r--p 0001d000 00:1ba 8962890188                /inspire/hdd/project/multi-agent/zhangweinan-24046/PA/envs/personal/lib/python3.10/site-packages/sklearn/utils/_vector_sentinel.cpython-310-x86_64-linux-gnu.so
7fecbf062000-7fecbf064000 rw-p 0001e000 00:1ba 8962890188                /inspire/hdd/project/multi-agent/zhangweinan-24046/PA/envs/personal/lib/python3.10/site-packages/sklearn/utils/_vector_sentinel.cpython-310-x86_64-linux-gnu.so
7fecbf064000-7fecbf066000 r--p 00000000 00:1ba 8962890178                /inspire/hdd/project/multi-agent/zhangweinan-24046/PA/envs/personal/lib/python3.10/site-packages/sklearn/utils/_sorting.cpython-310-x86_64-linux-gnu.so
7fecbf066000-7fecbf068000 r-xp 00002000 00:1ba 8962890178                /inspire/hdd/project/multi-agent/zhangweinan-24046/PA/envs/personal/lib/python3.10/site-packages/sklearn/utils/_sorting.cpython-310-x86_64-linux-gnu.so
7fecbf068000-7fecbf069000 r--p 00004000 00:1ba 8962890178                /inspire/hdd/project/multi-agent/zhangweinan-24046/PA/envs/personal/lib/python3.10/site-packages/sklearn/utils/_sorting.cpython-310-x86_64-linux-gnu.so
7fecbf069000-7fecbf06a000 r--p 00004000 00:1ba 8962890178                /inspire/hdd/project/multi-agent/zhangweinan-24046/PA/envs/personal/lib/python3.10/site-packages/sklearn/utils/_sorting.cpython-310-x86_64-linux-gnu.so
7fecbf06a000-7fecbf06b000 rw-p 00005000 00:1ba 8962890178                /inspire/hdd/project/multi-agent/zhangweinan-24046/PA/envs/personal/lib/python3.10/site-packages/sklearn/utils/_sorting.cpython-310-x86_64-linux-gnu.so
7fecbf06b000-7fecbf06d000 r--p 00000000 00:1ba 8962890152                /inspire/hdd/project/multi-agent/zhangweinan-24046/PA/envs/personal/lib/python3.10/site-packages/sklearn/utils/_heap.cpython-310-x86_64-linux-gnu.so
7fecbf06d000-7fecbf06e000 r-xp 00002000 00:1ba 8962890152                /inspire/hdd/project/multi-agent/zhangweinan-24046/PA/envs/personal/lib/python3.10/site-packages/sklearn/utils/_heap.cpython-310-x86_64-linux-gnu.so
7fecbf06e000-7fecbf06f000 r--p 00003000 00:1ba 8962890152                /inspire/hdd/project/multi-agent/zhangweinan-24046/PA/envs/personal/lib/python3.10/site-packages/sklearn/utils/_heap.cpython-310-x86_64-linux-gnu.so
7fecbf06f000-7fecbf070000 r--p 00003000 00:1ba 8962890152                /inspire/hdd/project/multi-agent/zhangweinan-24046/PA/envs/personal/lib/python3.10/site-packages/sklearn/utils/_heap.cpython-310-x86_64-linux-gnu.so
7fecbf070000-7fecbf071000 rw-p 00004000 00:1ba 8962890152                /inspire/hdd/project/multi-agent/zhangweinan-24046/PA/envs/personal/lib/python3.10/site-packages/sklearn/utils/_heap.cpython-310-x86_64-linux-gnu.so
7fecbf071000-7fecbf078000 r--p 00000000 00:1ba 60861295737               /inspire/hdd/project/multi-agent/zhangweinan-24046/PA/envs/personal/lib/python3.10/site-packages/sklearn/preprocessing/_csr_polynomial_expansion.cpython-310-x86_64-linux-gnu.so
7fecbf078000-7fecbf0d1000 r-xp 00007000 00:1ba 60861295737               /inspire/hdd/project/multi-agent/zhangweinan-24046/PA/envs/personal/lib/python3.10/site-packages/sklearn/preprocessing/_csr_polynomial_expansion.cpython-310-x86_64-linux-gnu.so
7fecbf0d1000-7fecbf0db000 r--p 00060000 00:1ba 60861295737               /inspire/hdd/project/multi-agent/zhangweinan-24046/PA/envs/personal/lib/python3.10/site-packages/sklearn/preprocessing/_csr_polynomial_expansion.cpython-310-x86_64-linux-gnu.so
7fecbf0db000-7fecbf0dd000 r--p 00069000 00:1ba 60861295737               /inspire/hdd/project/multi-agent/zhangweinan-24046/PA/envs/personal/lib/python3.10/site-packages/sklearn/preprocessing/_csr_polynomial_expansion.cpython-310-x86_64-linux-gnu.so
7fecbf0dd000-7fecbf0df000 rw-p 0006b000 00:1ba 60861295737               /inspire/hdd/project/multi-agent/zhangweinan-24046/PA/envs/personal/lib/python3.10/site-packages/sklearn/preprocessing/_csr_polynomial_expansion.cpython-310-x86_64-linux-gnu.so
7fecbf0df000-7fecbf0e0000 rw-p 00000000 00:00 0 
7fecbf0e0000-7fecbf0e6000 r--p 00000000 00:1ba 69612765844               /inspire/hdd/project/multi-agent/zhangweinan-24046/PA/envs/personal/lib/python3.10/site-packages/sklearn/metrics/cluster/_expected_mutual_info_fast.cpython-310-x86_64-linux-gnu.so
7fecbf0e6000-7fecbf10c000 r-xp 00006000 00:1ba 69612765844               /inspire/hdd/project/multi-agent/zhangweinan-24046/PA/envs/personal/lib/python3.10/site-packages/sklearn/metrics/cluster/_expected_mutual_info_fast.cpython-310-x86_64-linux-gnu.so
7fecbf10c000-7fecbf113000 r--p 0002c000 00:1ba 69612765844               /inspire/hdd/project/multi-agent/zhangweinan-24046/PA/envs/personal/lib/python3.10/site-packages/sklearn/metrics/cluster/_expected_mutual_info_fast.cpython-310-x86_64-linux-gnu.so
7fecbf113000-7fecbf114000 ---p 00033000 00:1ba 69612765844               /inspire/hdd/project/multi-agent/zhangweinan-24046/PA/envs/personal/lib/python3.10/site-packages/sklearn/metrics/cluster/_expected_mutual_info_fast.cpython-310-x86_64-linux-gnu.so
7fecbf114000-7fecbf115000 r--p 00033000 00:1ba 69612765844               /inspire/hdd/project/multi-agent/zhangweinan-24046/PA/envs/personal/lib/python3.10/site-packages/sklearn/metrics/cluster/_expected_mutual_info_fast.cpython-310-x86_64-linux-gnu.so
7fecbf115000-7fecbf117000 rw-p 00034000 00:1ba 69612765844               /inspire/hdd/project/multi-agent/zhangweinan-24046/PA/envs/personal/lib/python3.10/site-packages/sklearn/metrics/cluster/_expected_mutual_info_fast.cpython-310-x86_64-linux-gnu.so
7fecbf117000-7fecbf118000 rw-p 00000000 00:00 0 
7fecbf118000-7fecbf11e000 r--p 00000000 00:1ba 8962890207                /inspire/hdd/project/multi-agent/zhangweinan-24046/PA/envs/personal/lib/python3.10/site-packages/sklearn/utils/murmurhash.cpython-310-x86_64-linux-gnu.so
7fecbf11e000-7fecbf144000 r-xp 00006000 00:1ba 8962890207                /inspire/hdd/project/multi-agent/zhangweinan-24046/PA/envs/personal/lib/python3.10/site-packages/sklearn/utils/murmurhash.cpython-310-x86_64-linux-gnu.so
7fecbf144000-7fecbf14c000 r--p 0002c000 00:1ba 8962890207                /inspire/hdd/project/multi-agent/zhangweinan-24046/PA/envs/personal/lib/python3.10/site-packages/sklearn/utils/murmurhash.cpython-310-x86_64-linux-gnu.so
7fecbf14c000-7fecbf14d000 ---p 00034000 00:1ba 8962890207                /inspire/hdd/project/multi-agent/zhangweinan-24046/PA/envs/personal/lib/python3.10/site-packages/sklearn/utils/murmurhash.cpython-310-x86_64-linux-gnu.so
7fecbf14d000-7fecbf14e000 r--p 00034000 00:1ba 8962890207                /inspire/hdd/project/multi-agent/zhangweinan-24046/PA/envs/personal/lib/python3.10/site-packages/sklearn/utils/murmurhash.cpython-310-x86_64-linux-gnu.so
7fecbf14e000-7fecbf150000 rw-p 00035000 00:1ba 8962890207                /inspire/hdd/project/multi-agent/zhangweinan-24046/PA/envs/personal/lib/python3.10/site-packages/sklearn/utils/murmurhash.cpython-310-x86_64-linux-gnu.so
7fecbf150000-7fecbf251000 rw-p 00000000 00:00 0 
7fecbf251000-7fecbf258000 r--p 00000000 00:1ba 8962890214                /inspire/hdd/project/multi-agent/zhangweinan-24046/PA/envs/personal/lib/python3.10/site-packages/sklearn/utils/sparsefuncs_fast.cpython-310-x86_64-linux-gnu.so
7fecbf258000-7fecbf307000 r-xp 00007000 00:1ba 8962890214                /inspire/hdd/project/multi-agent/zhangweinan-24046/PA/envs/personal/lib/python3.10/site-packages/sklearn/utils/sparsefuncs_fast.cpython-310-x86_64-linux-gnu.so
7fecbf307000-7fecbf316000 r--p 000b6000 00:1ba 8962890214                /inspire/hdd/project/multi-agent/zhangweinan-24046/PA/envs/personal/lib/python3.10/site-packages/sklearn/utils/sparsefuncs_fast.cpython-310-x86_64-linux-gnu.so
7fecbf316000-7fecbf318000 r--p 000c4000 00:1ba 8962890214                /inspire/hdd/project/multi-agent/zhangweinan-24046/PA/envs/personal/lib/python3.10/site-packages/sklearn/utils/sparsefuncs_fast.cpython-310-x86_64-linux-gnu.so
7fecbf318000-7fecbf31a000 rw-p 000c6000 00:1ba 8962890214                /inspire/hdd/project/multi-agent/zhangweinan-24046/PA/envs/personal/lib/python3.10/site-packages/sklearn/utils/sparsefuncs_fast.cpython-310-x86_64-linux-gnu.so
7fecbf31a000-7fecbf31c000 rw-p 00000000 00:00 0 
7fecbf31c000-7fecbf322000 r--p 00000000 00:1ba 8962890156                /inspire/hdd/project/multi-agent/zhangweinan-24046/PA/envs/personal/lib/python3.10/site-packages/sklearn/utils/_isfinite.cpython-310-x86_64-linux-gnu.so
7fecbf322000-7fecbf348000 r-xp 00006000 00:1ba 8962890156                /inspire/hdd/project/multi-agent/zhangweinan-24046/PA/envs/personal/lib/python3.10/site-packages/sklearn/utils/_isfinite.cpython-310-x86_64-linux-gnu.so
7fecbf348000-7fecbf350000 r--p 0002c000 00:1ba 8962890156                /inspire/hdd/project/multi-agent/zhangweinan-24046/PA/envs/personal/lib/python3.10/site-packages/sklearn/utils/_isfinite.cpython-310-x86_64-linux-gnu.so
7fecbf350000-7fecbf351000 r--p 00033000 00:1ba 8962890156                /inspire/hdd/project/multi-agent/zhangweinan-24046/PA/envs/personal/lib/python3.10/site-packages/sklearn/utils/_isfinite.cpython-310-x86_64-linux-gnu.so
7fecbf351000-7fecbf353000 rw-p 00034000 00:1ba 8962890156                /inspire/hdd/project/multi-agent/zhangweinan-24046/PA/envs/personal/lib/python3.10/site-packages/sklearn/utils/_isfinite.cpython-310-x86_64-linux-gnu.so
7fecbf353000-7fecbf454000 rw-p 00000000 00:00 0 
7fecbf454000-7fecbf458000 r--p 00000000 00:1ba 60980630479               /inspire/hdd/project/multi-agent/zhangweinan-24046/PA/envs/personal/lib/python3.10/site-packages/pandas/_libs/testing.cpython-310-x86_64-linux-gnu.so
7fecbf458000-7fecbf46e000 r-xp 00004000 00:1ba 60980630479               /inspire/hdd/project/multi-agent/zhangweinan-24046/PA/envs/personal/lib/python3.10/site-packages/pandas/_libs/testing.cpython-310-x86_64-linux-gnu.so
7fecbf46e000-7fecbf471000 r--p 0001a000 00:1ba 60980630479               /inspire/hdd/project/multi-agent/zhangweinan-24046/PA/envs/personal/lib/python3.10/site-packages/pandas/_libs/testing.cpython-310-x86_64-linux-gnu.so
7fecbf471000-7fecbf472000 ---p 0001d000 00:1ba 60980630479               /inspire/hdd/project/multi-agent/zhangweinan-24046/PA/envs/personal/lib/python3.10/site-packages/pandas/_libs/testing.cpython-310-x86_64-linux-gnu.so
7fecbf472000-7fecbf473000 r--p 0001d000 00:1ba 60980630479               /inspire/hdd/project/multi-agent/zhangweinan-24046/PA/envs/personal/lib/python3.10/site-packages/pandas/_libs/testing.cpython-310-x86_64-linux-gnu.so
7fecbf473000-7fecbf474000 rw-p 0001e000 00:1ba 60980630479               /inspire/hdd/project/multi-agent/zhangweinan-24046/PA/envs/personal/lib/python3.10/site-packages/pandas/_libs/testing.cpython-310-x86_64-linux-gnu.so
7fecbf474000-7fecbf574000 rw-p 00000000 00:00 0 
7fecbf574000-7fecbf57b000 r--p 00000000 00:1ba 60980630489               /inspire/hdd/project/multi-agent/zhangweinan-24046/PA/envs/personal/lib/python3.10/site-packages/pandas/_libs/parsers.cpython-310-x86_64-linux-gnu.so
7fecbf57b000-7fecbf5f4000 r-xp 00007000 00:1ba 60980630489               /inspire/hdd/project/multi-agent/zhangweinan-24046/PA/envs/personal/lib/python3.10/site-packages/pandas/_libs/parsers.cpython-310-x86_64-linux-gnu.so
7fecbf5f4000-7fecbf602000 r--p 00080000 00:1ba 60980630489               /inspire/hdd/project/multi-agent/zhangweinan-24046/PA/envs/personal/lib/python3.10/site-packages/pandas/_libs/parsers.cpython-310-x86_64-linux-gnu.so
7fecbf602000-7fecbf603000 r--p 0008d000 00:1ba 60980630489               /inspire/hdd/project/multi-agent/zhangweinan-24046/PA/envs/personal/lib/python3.10/site-packages/pandas/_libs/parsers.cpython-310-x86_64-linux-gnu.so
7fecbf603000-7fecbf606000 rw-p 0008e000 00:1ba 60980630489               /inspire/hdd/project/multi-agent/zhangweinan-24046/PA/envs/personal/lib/python3.10/site-packages/pandas/_libs/parsers.cpython-310-x86_64-linux-gnu.so
7fecbf606000-7fecbf708000 rw-p 00000000 00:00 0 
7fecbf708000-7fecbf710000 r--p 00000000 00:1ba 60980630485               /inspire/hdd/project/multi-agent/zhangweinan-24046/PA/envs/personal/lib/python3.10/site-packages/pandas/_libs/groupby.cpython-310-x86_64-linux-gnu.so
7fecbf710000-7fecbf954000 r-xp 00008000 00:1ba 60980630485               /inspire/hdd/project/multi-agent/zhangweinan-24046/PA/envs/personal/lib/python3.10/site-packages/pandas/_libs/groupby.cpython-310-x86_64-linux-gnu.so
7fecbf954000-7fecbf97e000 r--p 0024c000 00:1ba 60980630485               /inspire/hdd/project/multi-agent/zhangweinan-24046/PA/envs/personal/lib/python3.10/site-packages/pandas/_libs/groupby.cpython-310-x86_64-linux-gnu.so
7fecbf97e000-7fecbf97f000 r--p 00275000 00:1ba 60980630485               /inspire/hdd/project/multi-agent/zhangweinan-24046/PA/envs/personal/lib/python3.10/site-packages/pandas/_libs/groupby.cpython-310-x86_64-linux-gnu.so
7fecbf97f000-7fecbf984000 rw-p 00276000 00:1ba 60980630485               /inspire/hdd/project/multi-agent/zhangweinan-24046/PA/envs/personal/lib/python3.10/site-packages/pandas/_libs/groupby.cpython-310-x86_64-linux-gnu.so
7fecbf984000-7fecbf988000 rw-p 00000000 00:00 0 
7fecbf988000-7fecbf98d000 r--p 00000000 00:1ba 60980630505               /inspire/hdd/project/multi-agent/zhangweinan-24046/PA/envs/personal/lib/python3.10/site-packages/pandas/_libs/reshape.cpython-310-x86_64-linux-gnu.so
7fecbf98d000-7fecbf9c8000 r-xp 00005000 00:1ba 60980630505               /inspire/hdd/project/multi-agent/zhangweinan-24046/PA/envs/personal/lib/python3.10/site-packages/pandas/_libs/reshape.cpython-310-x86_64-linux-gnu.so
7fecbf9c8000-7fecbf9d1000 r--p 00040000 00:1ba 60980630505               /inspire/hdd/project/multi-agent/zhangweinan-24046/PA/envs/personal/lib/python3.10/site-packages/pandas/_libs/reshape.cpython-310-x86_64-linux-gnu.so
7fecbf9d1000-7fecbf9d2000 r--p 00048000 00:1ba 60980630505               /inspire/hdd/project/multi-agent/zhangweinan-24046/PA/envs/personal/lib/python3.10/site-packages/pandas/_libs/reshape.cpython-310-x86_64-linux-gnu.so
7fecbf9d2000-7fecbf9d5000 rw-p 00049000 00:1ba 60980630505               /inspire/hdd/project/multi-agent/zhangweinan-24046/PA/envs/personal/lib/python3.10/site-packages/pandas/_libs/reshape.cpython-310-x86_64-linux-gnu.so
7fecbf9d5000-7fecbfad5000 rw-p 00000000 00:00 0 
7fecbfad5000-7fecbfada000 r--p 00000000 00:1ba 60722392445               /inspire/hdd/project/multi-agent/zhangweinan-24046/PA/envs/personal/lib/python3.10/site-packages/pandas/_libs/window/indexers.cpython-310-x86_64-linux-gnu.so
7fecbfada000-7fecbfb00000 r-xp 00005000 00:1ba 60722392445               /inspire/hdd/project/multi-agent/zhangweinan-24046/PA/envs/personal/lib/python3.10/site-packages/pandas/_libs/window/indexers.cpython-310-x86_64-linux-gnu.so
7fecbfb00000-7fecbfb08000 r--p 0002b000 00:1ba 60722392445               /inspire/hdd/project/multi-agent/zhangweinan-24046/PA/envs/personal/lib/python3.10/site-packages/pandas/_libs/window/indexers.cpython-310-x86_64-linux-gnu.so
7fecbfb08000-7fecbfb09000 r--p 00032000 00:1ba 60722392445               /inspire/hdd/project/multi-agent/zhangweinan-24046/PA/envs/personal/lib/python3.10/site-packages/pandas/_libs/window/indexers.cpython-310-x86_64-linux-gnu.so
7fecbfb09000-7fecbfb0b000 rw-p 00033000 00:1ba 60722392445               /inspire/hdd/project/multi-agent/zhangweinan-24046/PA/envs/personal/lib/python3.10/site-packages/pandas/_libs/window/indexers.cpython-310-x86_64-linux-gnu.so
7fecbfb0b000-7fecbfb0c000 rw-p 00000000 00:00 0 
7fecbfb0c000-7fecbfb12000 r--p 00000000 00:1ba 60722392442               /inspire/hdd/project/multi-agent/zhangweinan-24046/PA/envs/personal/lib/python3.10/site-packages/pandas/_libs/window/aggregations.cpython-310-x86_64-linux-gnu.so
7fecbfb12000-7fecbfb62000 r-xp 00006000 00:1ba 60722392442               /inspire/hdd/project/multi-agent/zhangweinan-24046/PA/envs/personal/lib/python3.10/site-packages/pandas/_libs/window/aggregations.cpython-310-x86_64-linux-gnu.so
7fecbfb62000-7fecbfb6d000 r--p 00056000 00:1ba 60722392442               /inspire/hdd/project/multi-agent/zhangweinan-24046/PA/envs/personal/lib/python3.10/site-packages/pandas/_libs/window/aggregations.cpython-310-x86_64-linux-gnu.so
7fecbfb6d000-7fecbfb6e000 r--p 00060000 00:1ba 60722392442               /inspire/hdd/project/multi-agent/zhangweinan-24046/PA/envs/personal/lib/python3.10/site-packages/pandas/_libs/window/aggregations.cpython-310-x86_64-linux-gnu.so
7fecbfb6e000-7fecbfb70000 rw-p 00061000 00:1ba 60722392442               /inspire/hdd/project/multi-agent/zhangweinan-24046/PA/envs/personal/lib/python3.10/site-packages/pandas/_libs/window/aggregations.cpython-310-x86_64-linux-gnu.so
7fecbfb70000-7fecbfc71000 rw-p 00000000 00:00 0 
7fecbfc71000-7fecbfc77000 r--p 00000000 00:1ba 60980630491               /inspire/hdd/project/multi-agent/zhangweinan-24046/PA/envs/personal/lib/python3.10/site-packages/pandas/_libs/join.cpython-310-x86_64-linux-gnu.so
7fecbfc77000-7fecbfdb4000 r-xp 00006000 00:1ba 60980630491               /inspire/hdd/project/multi-agent/zhangweinan-24046/PA/envs/personal/lib/python3.10/site-packages/pandas/_libs/join.cpython-310-x86_64-linux-gnu.so
7fecbfdb4000-7fecbfdc4000 r--p 00143000 00:1ba 60980630491               /inspire/hdd/project/multi-agent/zhangweinan-24046/PA/envs/personal/lib/python3.10/site-packages/pandas/_libs/join.cpython-310-x86_64-linux-gnu.so
7fecbfdc4000-7fecbfdc5000 r--p 00152000 00:1ba 60980630491               /inspire/hdd/project/multi-agent/zhangweinan-24046/PA/envs/personal/lib/python3.10/site-packages/pandas/_libs/join.cpython-310-x86_64-linux-gnu.so
7fecbfdc5000-7fecbfdc8000 rw-p 00153000 00:1ba 60980630491               /inspire/hdd/project/multi-agent/zhangweinan-24046/PA/envs/personal/lib/python3.10/site-packages/pandas/_libs/join.cpython-310-x86_64-linux-gnu.so
7fecbfdc8000-7fecbfdca000 rw-p 00000000 00:00 0 
7fecbfdca000-7fecbfdcf000 r--p 00000000 00:1ba 60982498833               /inspire/hdd/project/multi-agent/zhangweinan-24046/PA/envs/personal/lib/python3.10/site-packages/pandas/_libs/writers.cpython-310-x86_64-linux-gnu.so
7fecbfdcf000-7fecbfdfe000 r-xp 00005000 00:1ba 60982498833               /inspire/hdd/project/multi-agent/zhangweinan-24046/PA/envs/personal/lib/python3.10/site-packages/pandas/_libs/writers.cpython-310-x86_64-linux-gnu.so
7fecbfdfe000-7fecbfe06000 r--p 00034000 00:1ba 60982498833               /inspire/hdd/project/multi-agent/zhangweinan-24046/PA/envs/personal/lib/python3.10/site-packages/pandas/_libs/writers.cpython-310-x86_64-linux-gnu.so
7fecbfe06000-7fecbfe07000 ---p 0003c000 00:1ba 60982498833               /inspire/hdd/project/multi-agent/zhangweinan-24046/PA/envs/personal/lib/python3.10/site-packages/pandas/_libs/writers.cpython-310-x86_64-linux-gnu.so
7fecbfe07000-7fecbfe08000 r--p 0003c000 00:1ba 60982498833               /inspire/hdd/project/multi-agent/zhangweinan-24046/PA/envs/personal/lib/python3.10/site-packages/pandas/_libs/writers.cpython-310-x86_64-linux-gnu.so
7fecbfe08000-7fecbfe0a000 rw-p 0003d000 00:1ba 60982498833               /inspire/hdd/project/multi-agent/zhangweinan-24046/PA/envs/personal/lib/python3.10/site-packages/pandas/_libs/writers.cpython-310-x86_64-linux-gnu.so
7fecbfe0a000-7fecbff0b000 rw-p 00000000 00:00 0 
7fecbff0b000-7fecbff15000 r--p 00000000 00:1ba 60980630503               /inspire/hdd/project/multi-agent/zhangweinan-24046/PA/envs/personal/lib/python3.10/site-packages/pandas/_libs/index.cpython-310-x86_64-linux-gnu.so
7fecbff15000-7fecbffdb000 r-xp 0000a000 00:1ba 60980630503               /inspire/hdd/project/multi-agent/zhangweinan-24046/PA/envs/personal/lib/python3.10/site-packages/pandas/_libs/index.cpython-310-x86_64-linux-gnu.so
7fecbffdb000-7fecbfff4000 r--p 000d0000 00:1ba 60980630503               /inspire/hdd/project/multi-agent/zhangweinan-24046/PA/envs/personal/lib/python3.10/site-packages/pandas/_libs/index.cpython-310-x86_64-linux-gnu.so
7fecbfff4000-7fecbfff5000 r--p 000e8000 00:1ba 60980630503               /inspire/hdd/project/multi-agent/zhangweinan-24046/PA/envs/personal/lib/python3.10/site-packages/pandas/_libs/index.cpython-310-x86_64-linux-gnu.so
7fecbfff5000-7fecbfffd000 rw-p 000e9000 00:1ba 60980630503               /inspire/hdd/project/multi-agent/zhangweinan-24046/PA/envs/personal/lib/python3.10/site-packages/pandas/_libs/index.cpython-310-x86_64-linux-gnu.so
7fecbfffd000-7fecc0000000 rw-p 00000000 00:00 0 
7fecc0000000-7fecc0021000 rw-p 00000000 00:00 0 
7fecc0021000-7fecc4000000 ---p 00000000 00:00 0 
7fecc4002000-7fecc4005000 r--p 00000000 00:1ba 8962890162                /inspire/hdd/project/multi-agent/zhangweinan-24046/PA/envs/personal/lib/python3.10/site-packages/sklearn/utils/_openmp_helpers.cpython-310-x86_64-linux-gnu.so
7fecc4005000-7fecc400c000 r-xp 00003000 00:1ba 8962890162                /inspire/hdd/project/multi-agent/zhangweinan-24046/PA/envs/personal/lib/python3.10/site-packages/sklearn/utils/_openmp_helpers.cpython-310-x86_64-linux-gnu.so
7fecc400c000-7fecc400e000 r--p 0000a000 00:1ba 8962890162                /inspire/hdd/project/multi-agent/zhangweinan-24046/PA/envs/personal/lib/python3.10/site-packages/sklearn/utils/_openmp_helpers.cpython-310-x86_64-linux-gnu.so
7fecc400e000-7fecc400f000 ---p 0000c000 00:1ba 8962890162                /inspire/hdd/project/multi-agent/zhangweinan-24046/PA/envs/personal/lib/python3.10/site-packages/sklearn/utils/_openmp_helpers.cpython-310-x86_64-linux-gnu.so
7fecc400f000-7fecc4010000 r--p 0000c000 00:1ba 8962890162                /inspire/hdd/project/multi-agent/zhangweinan-24046/PA/envs/personal/lib/python3.10/site-packages/sklearn/utils/_openmp_helpers.cpython-310-x86_64-linux-gnu.so
7fecc4010000-7fecc4011000 rw-p 0000d000 00:1ba 8962890162                /inspire/hdd/project/multi-agent/zhangweinan-24046/PA/envs/personal/lib/python3.10/site-packages/sklearn/utils/_openmp_helpers.cpython-310-x86_64-linux-gnu.so
7fecc4011000-7fecc4013000 rw-p 00011000 00:1ba 8962890162                /inspire/hdd/project/multi-agent/zhangweinan-24046/PA/envs/personal/lib/python3.10/site-packages/sklearn/utils/_openmp_helpers.cpython-310-x86_64-linux-gnu.so
7fecc4013000-7fecc4014000 rw-p 00013000 00:1ba 8962890162                /inspire/hdd/project/multi-agent/zhangweinan-24046/PA/envs/personal/lib/python3.10/site-packages/sklearn/utils/_openmp_helpers.cpython-310-x86_64-linux-gnu.so
7fecc4014000-7fecc4016000 r--p 00000000 00:1ba 60980630467               /inspire/hdd/project/multi-agent/zhangweinan-24046/PA/envs/personal/lib/python3.10/site-packages/pandas/_libs/json.cpython-310-x86_64-linux-gnu.so
7fecc4016000-7fecc401f000 r-xp 00002000 00:1ba 60980630467               /inspire/hdd/project/multi-agent/zhangweinan-24046/PA/envs/personal/lib/python3.10/site-packages/pandas/_libs/json.cpython-310-x86_64-linux-gnu.so
7fecc401f000-7fecc4023000 r--p 0000b000 00:1ba 60980630467               /inspire/hdd/project/multi-agent/zhangweinan-24046/PA/envs/personal/lib/python3.10/site-packages/pandas/_libs/json.cpython-310-x86_64-linux-gnu.so
7fecc4023000-7fecc4024000 r--p 0000e000 00:1ba 60980630467               /inspire/hdd/project/multi-agent/zhangweinan-24046/PA/envs/personal/lib/python3.10/site-packages/pandas/_libs/json.cpython-310-x86_64-linux-gnu.so
7fecc4024000-7fecc4025000 rw-p 0000f000 00:1ba 60980630467               /inspire/hdd/project/multi-agent/zhangweinan-24046/PA/envs/personal/lib/python3.10/site-packages/pandas/_libs/json.cpython-310-x86_64-linux-gnu.so
7fecc4025000-7fecc4028000 r--p 00000000 00:1ba 60982498832               /inspire/hdd/project/multi-agent/zhangweinan-24046/PA/envs/personal/lib/python3.10/site-packages/pandas/_libs/indexing.cpython-310-x86_64-linux-gnu.so
7fecc4028000-7fecc4031000 r-xp 00003000 00:1ba 60982498832               /inspire/hdd/project/multi-agent/zhangweinan-24046/PA/envs/personal/lib/python3.10/site-packages/pandas/_libs/indexing.cpython-310-x86_64-linux-gnu.so
7fecc4031000-7fecc4034000 r--p 0000c000 00:1ba 60982498832               /inspire/hdd/project/multi-agent/zhangweinan-24046/PA/envs/personal/lib/python3.10/site-packages/pandas/_libs/indexing.cpython-310-x86_64-linux-gnu.so
7fecc4034000-7fecc4035000 r--p 0000e000 00:1ba 60982498832               /inspire/hdd/project/multi-agent/zhangweinan-24046/PA/envs/personal/lib/python3.10/site-packages/pandas/_libs/indexing.cpython-310-x86_64-linux-gnu.so
7fecc4035000-7fecc4036000 rw-p 0000f000 00:1ba 60982498832               /inspire/hdd/project/multi-agent/zhangweinan-24046/PA/envs/personal/lib/python3.10/site-packages/pandas/_libs/indexing.cpython-310-x86_64-linux-gnu.so
7fecc4036000-7fecc4136000 rw-p 00000000 00:00 0 
7fecc4136000-7fecc413c000 r--p 00000000 00:1ba 60980630474               /inspire/hdd/project/multi-agent/zhangweinan-24046/PA/envs/personal/lib/python3.10/site-packages/pandas/_libs/internals.cpython-310-x86_64-linux-gnu.so
7fecc413c000-7fecc418b000 r-xp 00006000 00:1ba 60980630474               /inspire/hdd/project/multi-agent/zhangweinan-24046/PA/envs/personal/lib/python3.10/site-packages/pandas/_libs/internals.cpython-310-x86_64-linux-gnu.so
7fecc418b000-7fecc4198000 r--p 00055000 00:1ba 60980630474               /inspire/hdd/project/multi-agent/zhangweinan-24046/PA/envs/personal/lib/python3.10/site-packages/pandas/_libs/internals.cpython-310-x86_64-linux-gnu.so
7fecc4198000-7fecc4199000 r--p 00061000 00:1ba 60980630474               /inspire/hdd/project/multi-agent/zhangweinan-24046/PA/envs/personal/lib/python3.10/site-packages/pandas/_libs/internals.cpython-310-x86_64-linux-gnu.so
7fecc4199000-7fecc419c000 rw-p 00062000 00:1ba 60980630474               /inspire/hdd/project/multi-agent/zhangweinan-24046/PA/envs/personal/lib/python3.10/site-packages/pandas/_libs/internals.cpython-310-x86_64-linux-gnu.so
7fecc419c000-7fecc419e000 rw-p 00000000 00:00 0 
7fecc419e000-7fecc41a4000 r--p 00000000 00:1ba 60980630465               /inspire/hdd/project/multi-agent/zhangweinan-24046/PA/envs/personal/lib/python3.10/site-packages/pandas/_libs/sparse.cpython-310-x86_64-linux-gnu.so
7fecc41a4000-7fecc427b000 r-xp 00006000 00:1ba 60980630465               /inspire/hdd/project/multi-agent/zhangweinan-24046/PA/envs/personal/lib/python3.10/site-packages/pandas/_libs/sparse.cpython-310-x86_64-linux-gnu.so
7fecc427b000-7fecc428c000 r--p 000dd000 00:1ba 60980630465               /inspire/hdd/project/multi-agent/zhangweinan-24046/PA/envs/personal/lib/python3.10/site-packages/pandas/_libs/sparse.cpython-310-x86_64-linux-gnu.so
7fecc428c000-7fecc428d000 r--p 000ed000 00:1ba 60980630465               /inspire/hdd/project/multi-agent/zhangweinan-24046/PA/envs/personal/lib/python3.10/site-packages/pandas/_libs/sparse.cpython-310-x86_64-linux-gnu.so
7fecc428d000-7fecc4290000 rw-p 000ee000 00:1ba 60980630465               /inspire/hdd/project/multi-agent/zhangweinan-24046/PA/envs/personal/lib/python3.10/site-packages/pandas/_libs/sparse.cpython-310-x86_64-linux-gnu.so
7fecc4290000-7fecc4292000 rw-p 00000000 00:00 0 
7fecc4292000-7fecc4297000 r--p 00000000 00:1ba 60980630495               /inspire/hdd/project/multi-agent/zhangweinan-24046/PA/envs/personal/lib/python3.10/site-packages/pandas/_libs/tslib.cpython-310-x86_64-linux-gnu.so
7fecc4297000-7fecc42d9000 r-xp 00005000 00:1ba 60980630495               /inspire/hdd/project/multi-agent/zhangweinan-24046/PA/envs/personal/lib/python3.10/site-packages/pandas/_libs/tslib.cpython-310-x86_64-linux-gnu.so
7fecc42d9000-7fecc42e3000 r--p 00047000 00:1ba 60980630495               /inspire/hdd/project/multi-agent/zhangweinan-24046/PA/envs/personal/lib/python3.10/site-packages/pandas/_libs/tslib.cpython-310-x86_64-linux-gnu.so
7fecc42e3000-7fecc42e4000 r--p 00050000 00:1ba 60980630495               /inspire/hdd/project/multi-agent/zhangweinan-24046/PA/envs/personal/lib/python3.10/site-packages/pandas/_libs/tslib.cpython-310-x86_64-linux-gnu.so
7fecc42e4000-7fecc42e6000 rw-p 00051000 00:1ba 60980630495               /inspire/hdd/project/multi-agent/zhangweinan-24046/PA/envs/personal/lib/python3.10/site-packages/pandas/_libs/tslib.cpython-310-x86_64-linux-gnu.so
7fecc42e6000-7fecc43e7000 rw-p 00000000 00:00 0 
7fecc43e7000-7fecc43eb000 r--p 00000000 00:1ba 60980630502               /inspire/hdd/project/multi-agent/zhangweinan-24046/PA/envs/personal/lib/python3.10/site-packages/pandas/_libs/arrays.cpython-310-x86_64-linux-gnu.so
7fecc43eb000-7fecc4401000 r-xp 00004000 00:1ba 60980630502               /inspire/hdd/project/multi-agent/zhangweinan-24046/PA/envs/personal/lib/python3.10/site-packages/pandas/_libs/arrays.cpython-310-x86_64-linux-gnu.so
7fecc4401000-7fecc4405000 r--p 0001a000 00:1ba 60980630502               /inspire/hdd/project/multi-agent/zhangweinan-24046/PA/envs/personal/lib/python3.10/site-packages/pandas/_libs/arrays.cpython-310-x86_64-linux-gnu.so
7fecc4405000-7fecc4406000 ---p 0001e000 00:1ba 60980630502               /inspire/hdd/project/multi-agent/zhangweinan-24046/PA/envs/personal/lib/python3.10/site-packages/pandas/_libs/arrays.cpython-310-x86_64-linux-gnu.so
7fecc4406000-7fecc4407000 r--p 0001e000 00:1ba 60980630502               /inspire/hdd/project/multi-agent/zhangweinan-24046/PA/envs/personal/lib/python3.10/site-packages/pandas/_libs/arrays.cpython-310-x86_64-linux-gnu.so
7fecc4407000-7fecc4409000 rw-p 0001f000 00:1ba 60980630502               /inspire/hdd/project/multi-agent/zhangweinan-24046/PA/envs/personal/lib/python3.10/site-packages/pandas/_libs/arrays.cpython-310-x86_64-linux-gnu.so
7fecc4409000-7fecc440e000 r--p 00000000 00:1ba 60980630473               /inspire/hdd/project/multi-agent/zhangweinan-24046/PA/envs/personal/lib/python3.10/site-packages/pandas/_libs/hashing.cpython-310-x86_64-linux-gnu.so
7fecc440e000-7fecc4435000 r-xp 00005000 00:1ba 60980630473               /inspire/hdd/project/multi-agent/zhangweinan-24046/PA/envs/personal/lib/python3.10/site-packages/pandas/_libs/hashing.cpython-310-x86_64-linux-gnu.so
7fecc4435000-7fecc443d000 r--p 0002c000 00:1ba 60980630473               /inspire/hdd/project/multi-agent/zhangweinan-24046/PA/envs/personal/lib/python3.10/site-packages/pandas/_libs/hashing.cpython-310-x86_64-linux-gnu.so
7fecc443d000-7fecc443e000 r--p 00033000 00:1ba 60980630473               /inspire/hdd/project/multi-agent/zhangweinan-24046/PA/envs/personal/lib/python3.10/site-packages/pandas/_libs/hashing.cpython-310-x86_64-linux-gnu.so
7fecc443e000-7fecc4440000 rw-p 00034000 00:1ba 60980630473               /inspire/hdd/project/multi-agent/zhangweinan-24046/PA/envs/personal/lib/python3.10/site-packages/pandas/_libs/hashing.cpython-310-x86_64-linux-gnu.so
7fecc4440000-7fecc4541000 rw-p 00000000 00:00 0 
7fecc4541000-7fecc4546000 r--p 00000000 00:1ba 60980630461               /inspire/hdd/project/multi-agent/zhangweinan-24046/PA/envs/personal/lib/python3.10/site-packages/pandas/_libs/ops.cpython-310-x86_64-linux-gnu.so
7fecc4546000-7fecc4578000 r-xp 00005000 00:1ba 60980630461               /inspire/hdd/project/multi-agent/zhangweinan-24046/PA/envs/personal/lib/python3.10/site-packages/pandas/_libs/ops.cpython-310-x86_64-linux-gnu.so
7fecc4578000-7fecc4580000 r--p 00037000 00:1ba 60980630461               /inspire/hdd/project/multi-agent/zhangweinan-24046/PA/envs/personal/lib/python3.10/site-packages/pandas/_libs/ops.cpython-310-x86_64-linux-gnu.so
7fecc4580000-7fecc4581000 ---p 0003f000 00:1ba 60980630461               /inspire/hdd/project/multi-agent/zhangweinan-24046/PA/envs/personal/lib/python3.10/site-packages/pandas/_libs/ops.cpython-310-x86_64-linux-gnu.so
7fecc4581000-7fecc4582000 r--p 0003f000 00:1ba 60980630461               /inspire/hdd/project/multi-agent/zhangweinan-24046/PA/envs/personal/lib/python3.10/site-packages/pandas/_libs/ops.cpython-310-x86_64-linux-gnu.so
7fecc4582000-7fecc4584000 rw-p 00040000 00:1ba 60980630461               /inspire/hdd/project/multi-agent/zhangweinan-24046/PA/envs/personal/lib/python3.10/site-packages/pandas/_libs/ops.cpython-310-x86_64-linux-gnu.so
7fecc4584000-7fecc4685000 rw-p 00000000 00:00 0 
7fecc4685000-7fecc46b3000 r--p 00000000 00:1ba 44783681435               /inspire/hdd/project/multi-agent/zhangweinan-24046/PA/envs/personal/lib/python3.10/site-packages/pyarrow/_compute.cpython-310-x86_64-linux-gnu.so
7fecc46b3000-7fecc4750000 r-xp 0002e000 00:1ba 44783681435               /inspire/hdd/project/multi-agent/zhangweinan-24046/PA/envs/personal/lib/python3.10/site-packages/pyarrow/_compute.cpython-310-x86_64-linux-gnu.so
7fecc4750000-7fecc477f000 r--p 000cb000 00:1ba 44783681435               /inspire/hdd/project/multi-agent/zhangweinan-24046/PA/envs/personal/lib/python3.10/site-packages/pyarrow/_compute.cpython-310-x86_64-linux-gnu.so
7fecc477f000-7fecc4782000 r--p 000f9000 00:1ba 44783681435               /inspire/hdd/project/multi-agent/zhangweinan-24046/PA/envs/personal/lib/python3.10/site-packages/pyarrow/_compute.cpython-310-x86_64-linux-gnu.so
7fecc4782000-7fecc478f000 rw-p 000fc000 00:1ba 44783681435               /inspire/hdd/project/multi-agent/zhangweinan-24046/PA/envs/personal/lib/python3.10/site-packages/pyarrow/_compute.cpython-310-x86_64-linux-gnu.so
7fecc478f000-7fecc4793000 rw-p 00000000 00:00 0 
7fecc4793000-7fecc479b000 r--p 00000000 00:1ba 60980630478               /inspire/hdd/project/multi-agent/zhangweinan-24046/PA/envs/personal/lib/python3.10/site-packages/pandas/_libs/lib.cpython-310-x86_64-linux-gnu.so
7fecc479b000-7fecc4857000 r-xp 00008000 00:1ba 60980630478               /inspire/hdd/project/multi-agent/zhangweinan-24046/PA/envs/personal/lib/python3.10/site-packages/pandas/_libs/lib.cpython-310-x86_64-linux-gnu.so
7fecc4857000-7fecc4870000 r--p 000c4000 00:1ba 60980630478               /inspire/hdd/project/multi-agent/zhangweinan-24046/PA/envs/personal/lib/python3.10/site-packages/pandas/_libs/lib.cpython-310-x86_64-linux-gnu.so
7fecc4870000-7fecc4871000 ---p 000dd000 00:1ba 60980630478               /inspire/hdd/project/multi-agent/zhangweinan-24046/PA/envs/personal/lib/python3.10/site-packages/pandas/_libs/lib.cpython-310-x86_64-linux-gnu.so
7fecc4871000-7fecc4872000 r--p 000dd000 00:1ba 60980630478               /inspire/hdd/project/multi-agent/zhangweinan-24046/PA/envs/personal/lib/python3.10/site-packages/pandas/_libs/lib.cpython-310-x86_64-linux-gnu.so
7fecc4872000-7fecc4878000 rw-p 000de000 00:1ba 60980630478               /inspire/hdd/project/multi-agent/zhangweinan-24046/PA/envs/personal/lib/python3.10/site-packages/pandas/_libs/lib.cpython-310-x86_64-linux-gnu.so
7fecc4878000-7fecc497b000 rw-p 00000000 00:00 0 
7fecc497b000-7fecc4984000 r--p 00000000 00:1ba 60982498835               /inspire/hdd/project/multi-agent/zhangweinan-24046/PA/envs/personal/lib/python3.10/site-packages/pandas/_libs/algos.cpython-310-x86_64-linux-gnu.so
7fecc4984000-7fecc4b6a000 r-xp 00009000 00:1ba 60982498835               /inspire/hdd/project/multi-agent/zhangweinan-24046/PA/envs/personal/lib/python3.10/site-packages/pandas/_libs/algos.cpython-310-x86_64-linux-gnu.so
7fecc4b6a000-7fecc4b8e000 r--p 001ef000 00:1ba 60982498835               /inspire/hdd/project/multi-agent/zhangweinan-24046/PA/envs/personal/lib/python3.10/site-packages/pandas/_libs/algos.cpython-310-x86_64-linux-gnu.so
7fecc4b8e000-7fecc4b8f000 r--p 00212000 00:1ba 60982498835               /inspire/hdd/project/multi-agent/zhangweinan-24046/PA/envs/personal/lib/python3.10/site-packages/pandas/_libs/algos.cpython-310-x86_64-linux-gnu.so
7fecc4b8f000-7fecc4b94000 rw-p 00213000 00:1ba 60982498835               /inspire/hdd/project/multi-agent/zhangweinan-24046/PA/envs/personal/lib/python3.10/site-packages/pandas/_libs/algos.cpython-310-x86_64-linux-gnu.so
7fecc4b94000-7fecc4b98000 rw-p 00000000 00:00 0 
7fecc4b98000-7fecc4b9b000 r--p 00000000 00:1ba 60980630468               /inspire/hdd/project/multi-agent/zhangweinan-24046/PA/envs/personal/lib/python3.10/site-packages/pandas/_libs/ops_dispatch.cpython-310-x86_64-linux-gnu.so
7fecc4b9b000-7fecc4ba4000 r-xp 00003000 00:1ba 60980630468               /inspire/hdd/project/multi-agent/zhangweinan-24046/PA/envs/personal/lib/python3.10/site-packages/pandas/_libs/ops_dispatch.cpython-310-x86_64-linux-gnu.so
7fecc4ba4000-7fecc4ba6000 r--p 0000c000 00:1ba 60980630468               /inspire/hdd/project/multi-agent/zhangweinan-24046/PA/envs/personal/lib/python3.10/site-packages/pandas/_libs/ops_dispatch.cpython-310-x86_64-linux-gnu.so
7fecc4ba6000-7fecc4ba7000 r--p 0000d000 00:1ba 60980630468               /inspire/hdd/project/multi-agent/zhangweinan-24046/PA/envs/personal/lib/python3.10/site-packages/pandas/_libs/ops_dispatch.cpython-310-x86_64-linux-gnu.so
7fecc4ba7000-7fecc4ba8000 rw-p 0000e000 00:1ba 60980630468               /inspire/hdd/project/multi-agent/zhangweinan-24046/PA/envs/personal/lib/python3.10/site-packages/pandas/_libs/ops_dispatch.cpython-310-x86_64-linux-gnu.so
7fecc4ba8000-7fecc4bad000 r--p 00000000 00:1ba 60982498822               /inspire/hdd/project/multi-agent/zhangweinan-24046/PA/envs/personal/lib/python3.10/site-packages/pandas/_libs/tslibs/vectorized.cpython-310-x86_64-linux-gnu.so
7fecc4bad000-7fecc4bda000 r-xp 00005000 00:1ba 60982498822               /inspire/hdd/project/multi-agent/zhangweinan-24046/PA/envs/personal/lib/python3.10/site-packages/pandas/_libs/tslibs/vectorized.cpython-310-x86_64-linux-gnu.so
7fecc4bda000-7fecc4be3000 r--p 00032000 00:1ba 60982498822               /inspire/hdd/project/multi-agent/zhangweinan-24046/PA/envs/personal/lib/python3.10/site-packages/pandas/_libs/tslibs/vectorized.cpython-310-x86_64-linux-gnu.so
7fecc4be3000-7fecc4be4000 r--p 0003a000 00:1ba 60982498822               /inspire/hdd/project/multi-agent/zhangweinan-24046/PA/envs/personal/lib/python3.10/site-packages/pandas/_libs/tslibs/vectorized.cpython-310-x86_64-linux-gnu.so
7fecc4be4000-7fecc4be6000 rw-p 0003b000 00:1ba 60982498822               /inspire/hdd/project/multi-agent/zhangweinan-24046/PA/envs/personal/lib/python3.10/site-packages/pandas/_libs/tslibs/vectorized.cpython-310-x86_64-linux-gnu.so
7fecc4be6000-7fecc4be7000 rw-p 00000000 00:00 0 
7fecc4be7000-7fecc4bed000 r--p 00000000 00:1ba 60980630521               /inspire/hdd/project/multi-agent/zhangweinan-24046/PA/envs/personal/lib/python3.10/site-packages/pandas/_libs/tslibs/period.cpython-310-x86_64-linux-gnu.so
7fecc4bed000-7fecc4c4d000 r-xp 00006000 00:1ba 60980630521               /inspire/hdd/project/multi-agent/zhangweinan-24046/PA/envs/personal/lib/python3.10/site-packages/pandas/_libs/tslibs/period.cpython-310-x86_64-linux-gnu.so
7fecc4c4d000-7fecc4c66000 r--p 00066000 00:1ba 60980630521               /inspire/hdd/project/multi-agent/zhangweinan-24046/PA/envs/personal/lib/python3.10/site-packages/pandas/_libs/tslibs/period.cpython-310-x86_64-linux-gnu.so
7fecc4c66000-7fecc4c67000 r--p 0007e000 00:1ba 60980630521               /inspire/hdd/project/multi-agent/zhangweinan-24046/PA/envs/personal/lib/python3.10/site-packages/pandas/_libs/tslibs/period.cpython-310-x86_64-linux-gnu.so
7fecc4c67000-7fecc4c6a000 rw-p 0007f000 00:1ba 60980630521               /inspire/hdd/project/multi-agent/zhangweinan-24046/PA/envs/personal/lib/python3.10/site-packages/pandas/_libs/tslibs/period.cpython-310-x86_64-linux-gnu.so
7fecc4c6a000-7fecc4c6c000 rw-p 00000000 00:00 0 
7fecc4c6c000-7fecc4c71000 r--p 00000000 00:1ba 60980630526               /inspire/hdd/project/multi-agent/zhangweinan-24046/PA/envs/personal/lib/python3.10/site-packages/pandas/_libs/tslibs/strptime.cpython-310-x86_64-linux-gnu.so
7fecc4c71000-7fecc4cc3000 r-xp 00005000 00:1ba 60980630526               /inspire/hdd/project/multi-agent/zhangweinan-24046/PA/envs/personal/lib/python3.10/site-packages/pandas/_libs/tslibs/strptime.cpython-310-x86_64-linux-gnu.so
7fecc4cc3000-7fecc4cce000 r--p 00057000 00:1ba 60980630526               /inspire/hdd/project/multi-agent/zhangweinan-24046/PA/envs/personal/lib/python3.10/site-packages/pandas/_libs/tslibs/strptime.cpython-310-x86_64-linux-gnu.so
7fecc4cce000-7fecc4ccf000 r--p 00061000 00:1ba 60980630526               /inspire/hdd/project/multi-agent/zhangweinan-24046/PA/envs/personal/lib/python3.10/site-packages/pandas/_libs/tslibs/strptime.cpython-310-x86_64-linux-gnu.so
7fecc4ccf000-7fecc4cd1000 rw-p 00062000 00:1ba 60980630526               /inspire/hdd/project/multi-agent/zhangweinan-24046/PA/envs/personal/lib/python3.10/site-packages/pandas/_libs/tslibs/strptime.cpython-310-x86_64-linux-gnu.so
7fecc4cd1000-7fecc4cd3000 rw-p 00000000 00:00 0 
7fecc4cd3000-7fecc4cd9000 r--p 00000000 00:1ba 60980630512               /inspire/hdd/project/multi-agent/zhangweinan-24046/PA/envs/personal/lib/python3.10/site-packages/pandas/_libs/tslibs/parsing.cpython-310-x86_64-linux-gnu.so
7fecc4cd9000-7fecc4d32000 r-xp 00006000 00:1ba 60980630512               /inspire/hdd/project/multi-agent/zhangweinan-24046/PA/envs/personal/lib/python3.10/site-packages/pandas/_libs/tslibs/parsing.cpython-310-x86_64-linux-gnu.so
7fecc4d32000-7fecc4d40000 r--p 0005f000 00:1ba 60980630512               /inspire/hdd/project/multi-agent/zhangweinan-24046/PA/envs/personal/lib/python3.10/site-packages/pandas/_libs/tslibs/parsing.cpython-310-x86_64-linux-gnu.so
7fecc4d40000-7fecc4d41000 r--p 0006c000 00:1ba 60980630512               /inspire/hdd/project/multi-agent/zhangweinan-24046/PA/envs/personal/lib/python3.10/site-packages/pandas/_libs/tslibs/parsing.cpython-310-x86_64-linux-gnu.so
7fecc4d41000-7fecc4d44000 rw-p 0006d000 00:1ba 60980630512               /inspire/hdd/project/multi-agent/zhangweinan-24046/PA/envs/personal/lib/python3.10/site-packages/pandas/_libs/tslibs/parsing.cpython-310-x86_64-linux-gnu.so
7fecc4d44000-7fecc4d45000 rw-p 00000000 00:00 0 
7fecc4d45000-7fecc4d49000 r--p 00000000 00:1ba 60980630484               /inspire/hdd/project/multi-agent/zhangweinan-24046/PA/envs/personal/lib/python3.10/site-packages/pandas/_libs/properties.cpython-310-x86_64-linux-gnu.so
7fecc4d49000-7fecc4d57000 r-xp 00004000 00:1ba 60980630484               /inspire/hdd/project/multi-agent/zhangweinan-24046/PA/envs/personal/lib/python3.10/site-packages/pandas/_libs/properties.cpython-310-x86_64-linux-gnu.so
7fecc4d57000-7fecc4d5a000 r--p 00012000 00:1ba 60980630484               /inspire/hdd/project/multi-agent/zhangweinan-24046/PA/envs/personal/lib/python3.10/site-packages/pandas/_libs/properties.cpython-310-x86_64-linux-gnu.so
7fecc4d5a000-7fecc4d5b000 r--p 00014000 00:1ba 60980630484               /inspire/hdd/project/multi-agent/zhangweinan-24046/PA/envs/personal/lib/python3.10/site-packages/pandas/_libs/properties.cpython-310-x86_64-linux-gnu.so
7fecc4d5b000-7fecc4d5c000 rw-p 00015000 00:1ba 60980630484               /inspire/hdd/project/multi-agent/zhangweinan-24046/PA/envs/personal/lib/python3.10/site-packages/pandas/_libs/properties.cpython-310-x86_64-linux-gnu.so
7fecc4d5c000-7fecc4d5d000 rw-p 00000000 00:00 0 
7fecc4d5d000-7fecc4d62000 r--p 00000000 00:1ba 60980630522               /inspire/hdd/project/multi-agent/zhangweinan-24046/PA/envs/personal/lib/python3.10/site-packages/pandas/_libs/tslibs/tzconversion.cpython-310-x86_64-linux-gnu.so
7fecc4d62000-7fecc4da4000 r-xp 00005000 00:1ba 60980630522               /inspire/hdd/project/multi-agent/zhangweinan-24046/PA/envs/personal/lib/python3.10/site-packages/pandas/_libs/tslibs/tzconversion.cpython-310-x86_64-linux-gnu.so
7fecc4da4000-7fecc4dae000 r--p 00047000 00:1ba 60980630522               /inspire/hdd/project/multi-agent/zhangweinan-24046/PA/envs/personal/lib/python3.10/site-packages/pandas/_libs/tslibs/tzconversion.cpython-310-x86_64-linux-gnu.so
7fecc4dae000-7fecc4daf000 r--p 00050000 00:1ba 60980630522               /inspire/hdd/project/multi-agent/zhangweinan-24046/PA/envs/personal/lib/python3.10/site-packages/pandas/_libs/tslibs/tzconversion.cpython-310-x86_64-linux-gnu.so
7fecc4daf000-7fecc4db1000 rw-p 00051000 00:1ba 60980630522               /inspire/hdd/project/multi-agent/zhangweinan-24046/PA/envs/personal/lib/python3.10/site-packages/pandas/_libs/tslibs/tzconversion.cpython-310-x86_64-linux-gnu.so
7fecc4db1000-7fecc4db2000 rw-p 00000000 00:00 0 
7fecc4db2000-7fecc4db7000 r--p 00000000 00:1ba 60980630527               /inspire/hdd/project/multi-agent/zhangweinan-24046/PA/envs/personal/lib/python3.10/site-packages/pandas/_libs/tslibs/fields.cpython-310-x86_64-linux-gnu.so
7fecc4db7000-7fecc4df9000 r-xp 00005000 00:1ba 60980630527               /inspire/hdd/project/multi-agent/zhangweinan-24046/PA/envs/personal/lib/python3.10/site-packages/pandas/_libs/tslibs/fields.cpython-310-x86_64-linux-gnu.so
7fecc4df9000-7fecc4e03000 r--p 00047000 00:1ba 60980630527               /inspire/hdd/project/multi-agent/zhangweinan-24046/PA/envs/personal/lib/python3.10/site-packages/pandas/_libs/tslibs/fields.cpython-310-x86_64-linux-gnu.so
7fecc4e03000-7fecc4e04000 ---p 00051000 00:1ba 60980630527               /inspire/hdd/project/multi-agent/zhangweinan-24046/PA/envs/personal/lib/python3.10/site-packages/pandas/_libs/tslibs/fields.cpython-310-x86_64-linux-gnu.so
7fecc4e04000-7fecc4e05000 r--p 00051000 00:1ba 60980630527               /inspire/hdd/project/multi-agent/zhangweinan-24046/PA/envs/personal/lib/python3.10/site-packages/pandas/_libs/tslibs/fields.cpython-310-x86_64-linux-gnu.so
7fecc4e05000-7fecc4e07000 rw-p 00052000 00:1ba 60980630527               /inspire/hdd/project/multi-agent/zhangweinan-24046/PA/envs/personal/lib/python3.10/site-packages/pandas/_libs/tslibs/fields.cpython-310-x86_64-linux-gnu.so
7fecc4e07000-7fecc5108000 rw-p 00000000 00:00 0 
7fecc5108000-7fecc510d000 r--p 00000000 00:1ba 60980630520               /inspire/hdd/project/multi-agent/zhangweinan-24046/PA/envs/personal/lib/python3.10/site-packages/pandas/_libs/tslibs/timezones.cpython-310-x86_64-linux-gnu.so
7fecc510d000-7fecc5144000 r-xp 00005000 00:1ba 60980630520               /inspire/hdd/project/multi-agent/zhangweinan-24046/PA/envs/personal/lib/python3.10/site-packages/pandas/_libs/tslibs/timezones.cpython-310-x86_64-linux-gnu.so
7fecc5144000-7fecc514d000 r--p 0003c000 00:1ba 60980630520               /inspire/hdd/project/multi-agent/zhangweinan-24046/PA/envs/personal/lib/python3.10/site-packages/pandas/_libs/tslibs/timezones.cpython-310-x86_64-linux-gnu.so
7fecc514d000-7fecc514e000 ---p 00045000 00:1ba 60980630520               /inspire/hdd/project/multi-agent/zhangweinan-24046/PA/envs/personal/lib/python3.10/site-packages/pandas/_libs/tslibs/timezones.cpython-310-x86_64-linux-gnu.so
7fecc514e000-7fecc514f000 r--p 00045000 00:1ba 60980630520               /inspire/hdd/project/multi-agent/zhangweinan-24046/PA/envs/personal/lib/python3.10/site-packages/pandas/_libs/tslibs/timezones.cpython-310-x86_64-linux-gnu.so
7fecc514f000-7fecc5151000 rw-p 00046000 00:1ba 60980630520               /inspire/hdd/project/multi-agent/zhangweinan-24046/PA/envs/personal/lib/python3.10/site-packages/pandas/_libs/tslibs/timezones.cpython-310-x86_64-linux-gnu.so
7fecc5151000-7fecc5152000 rw-p 00000000 00:00 0 
7fecc5152000-7fecc5159000 r--p 00000000 00:1ba 60980630524               /inspire/hdd/project/multi-agent/zhangweinan-24046/PA/envs/personal/lib/python3.10/site-packages/pandas/_libs/tslibs/timedeltas.cpython-310-x86_64-linux-gnu.so
7fecc5159000-7fecc51d9000 r-xp 00007000 00:1ba 60980630524               /inspire/hdd/project/multi-agent/zhangweinan-24046/PA/envs/personal/lib/python3.10/site-packages/pandas/_libs/tslibs/timedeltas.cpython-310-x86_64-linux-gnu.so
7fecc51d9000-7fecc51ee000 r--p 00087000 00:1ba 60980630524               /inspire/hdd/project/multi-agent/zhangweinan-24046/PA/envs/personal/lib/python3.10/site-packages/pandas/_libs/tslibs/timedeltas.cpython-310-x86_64-linux-gnu.so
7fecc51ee000-7fecc51ef000 r--p 0009b000 00:1ba 60980630524               /inspire/hdd/project/multi-agent/zhangweinan-24046/PA/envs/personal/lib/python3.10/site-packages/pandas/_libs/tslibs/timedeltas.cpython-310-x86_64-linux-gnu.so
7fecc51ef000-7fecc51f2000 rw-p 0009c000 00:1ba 60980630524               /inspire/hdd/project/multi-agent/zhangweinan-24046/PA/envs/personal/lib/python3.10/site-packages/pandas/_libs/tslibs/timedeltas.cpython-310-x86_64-linux-gnu.so
7fecc51f2000-7fecc51f4000 rw-p 00000000 00:00 0 
7fecc51f4000-7fecc51f8000 r--p 00000000 00:1ba 60980630511               /inspire/hdd/project/multi-agent/zhangweinan-24046/PA/envs/personal/lib/python3.10/site-packages/pandas/_libs/tslibs/nattype.cpython-310-x86_64-linux-gnu.so
7fecc51f8000-7fecc521f000 r-xp 00004000 00:1ba 60980630511               /inspire/hdd/project/multi-agent/zhangweinan-24046/PA/envs/personal/lib/python3.10/site-packages/pandas/_libs/tslibs/nattype.cpython-310-x86_64-linux-gnu.so
7fecc521f000-7fecc522c000 r--p 0002b000 00:1ba 60980630511               /inspire/hdd/project/multi-agent/zhangweinan-24046/PA/envs/personal/lib/python3.10/site-packages/pandas/_libs/tslibs/nattype.cpython-310-x86_64-linux-gnu.so
7fecc522c000-7fecc522d000 r--p 00037000 00:1ba 60980630511               /inspire/hdd/project/multi-agent/zhangweinan-24046/PA/envs/personal/lib/python3.10/site-packages/pandas/_libs/tslibs/nattype.cpython-310-x86_64-linux-gnu.so
7fecc522d000-7fecc522f000 rw-p 00038000 00:1ba 60980630511               /inspire/hdd/project/multi-agent/zhangweinan-24046/PA/envs/personal/lib/python3.10/site-packages/pandas/_libs/tslibs/nattype.cpython-310-x86_64-linux-gnu.so
7fecc522f000-7fecc5230000 rw-p 00000000 00:00 0 
7fecc5230000-7fecc5237000 r--p 00000000 00:1ba 60982498821               /inspire/hdd/project/multi-agent/zhangweinan-24046/PA/envs/personal/lib/python3.10/site-packages/pandas/_libs/tslibs/timestamps.cpython-310-x86_64-linux-gnu.so
7fecc5237000-7fecc52ac000 r-xp 00007000 00:1ba 60982498821               /inspire/hdd/project/multi-agent/zhangweinan-24046/PA/envs/personal/lib/python3.10/site-packages/pandas/_libs/tslibs/timestamps.cpython-310-x86_64-linux-gnu.so
7fecc52ac000-7fecc52ce000 r--p 0007c000 00:1ba 60982498821               /inspire/hdd/project/multi-agent/zhangweinan-24046/PA/envs/personal/lib/python3.10/site-packages/pandas/_libs/tslibs/timestamps.cpython-310-x86_64-linux-gnu.so
7fecc52ce000-7fecc52cf000 r--p 0009d000 00:1ba 60982498821               /inspire/hdd/project/multi-agent/zhangweinan-24046/PA/envs/personal/lib/python3.10/site-packages/pandas/_libs/tslibs/timestamps.cpython-310-x86_64-linux-gnu.so
7fecc52cf000-7fecc52d2000 rw-p 0009e000 00:1ba 60982498821               /inspire/hdd/project/multi-agent/zhangweinan-24046/PA/envs/personal/lib/python3.10/site-packages/pandas/_libs/tslibs/timestamps.cpython-310-x86_64-linux-gnu.so
7fecc52d2000-7fecc52d5000 rw-p 00000000 00:00 0 
7fecc52d5000-7fecc52e0000 r--p 00000000 00:1ba 60980630514               /inspire/hdd/project/multi-agent/zhangweinan-24046/PA/envs/personal/lib/python3.10/site-packages/pandas/_libs/tslibs/offsets.cpython-310-x86_64-linux-gnu.so
7fecc52e0000-7fecc53c4000 r-xp 0000b000 00:1ba 60980630514               /inspire/hdd/project/multi-agent/zhangweinan-24046/PA/envs/personal/lib/python3.10/site-packages/pandas/_libs/tslibs/offsets.cpython-310-x86_64-linux-gnu.so
7fecc53c4000-7fecc53ea000 r--p 000ef000 00:1ba 60980630514               /inspire/hdd/project/multi-agent/zhangweinan-24046/PA/envs/personal/lib/python3.10/site-packages/pandas/_libs/tslibs/offsets.cpython-310-x86_64-linux-gnu.so
7fecc53ea000-7fecc53eb000 r--p 00114000 00:1ba 60980630514               /inspire/hdd/project/multi-agent/zhangweinan-24046/PA/envs/personal/lib/python3.10/site-packages/pandas/_libs/tslibs/offsets.cpython-310-x86_64-linux-gnu.so
7fecc53eb000-7fecc53f5000 rw-p 00115000 00:1ba 60980630514               /inspire/hdd/project/multi-agent/zhangweinan-24046/PA/envs/personal/lib/python3.10/site-packages/pandas/_libs/tslibs/offsets.cpython-310-x86_64-linux-gnu.so
7fecc53f5000-7fecc53f9000 rw-p 00000000 00:00 0 
7fecc53f9000-7fecc53fe000 r--p 00000000 00:1ba 60980630519               /inspire/hdd/project/multi-agent/zhangweinan-24046/PA/envs/personal/lib/python3.10/site-packages/pandas/_libs/tslibs/conversion.cpython-310-x86_64-linux-gnu.so
7fecc53fe000-7fecc5438000 r-xp 00005000 00:1ba 60980630519               /inspire/hdd/project/multi-agent/zhangweinan-24046/PA/envs/personal/lib/python3.10/site-packages/pandas/_libs/tslibs/conversion.cpython-310-x86_64-linux-gnu.so
7fecc5438000-7fecc5442000 r--p 0003f000 00:1ba 60980630519               /inspire/hdd/project/multi-agent/zhangweinan-24046/PA/envs/personal/lib/python3.10/site-packages/pandas/_libs/tslibs/conversion.cpython-310-x86_64-linux-gnu.so
7fecc5442000-7fecc5443000 r--p 00048000 00:1ba 60980630519               /inspire/hdd/project/multi-agent/zhangweinan-24046/PA/envs/personal/lib/python3.10/site-packages/pandas/_libs/tslibs/conversion.cpython-310-x86_64-linux-gnu.so
7fecc5443000-7fecc5445000 rw-p 00049000 00:1ba 60980630519               /inspire/hdd/project/multi-agent/zhangweinan-24046/PA/envs/personal/lib/python3.10/site-packages/pandas/_libs/tslibs/conversion.cpython-310-x86_64-linux-gnu.so
7fecc5445000-7fecc5446000 rw-p 00000000 00:00 0 
7fecc5446000-7fecc544a000 r--p 00000000 00:1ba 60982498828               /inspire/hdd/project/multi-agent/zhangweinan-24046/PA/envs/personal/lib/python3.10/site-packages/pandas/_libs/tslibs/np_datetime.cpython-310-x86_64-linux-gnu.so
7fecc544a000-7fecc5465000 r-xp 00004000 00:1ba 60982498828               /inspire/hdd/project/multi-agent/zhangweinan-24046/PA/envs/personal/lib/python3.10/site-packages/pandas/_libs/tslibs/np_datetime.cpython-310-x86_64-linux-gnu.so
7fecc5465000-7fecc546a000 r--p 0001f000 00:1ba 60982498828               /inspire/hdd/project/multi-agent/zhangweinan-24046/PA/envs/personal/lib/python3.10/site-packages/pandas/_libs/tslibs/np_datetime.cpython-310-x86_64-linux-gnu.so
7fecc546a000-7fecc546b000 r--p 00023000 00:1ba 60982498828               /inspire/hdd/project/multi-agent/zhangweinan-24046/PA/envs/personal/lib/python3.10/site-packages/pandas/_libs/tslibs/np_datetime.cpython-310-x86_64-linux-gnu.so
7fecc546b000-7fecc546c000 rw-p 00024000 00:1ba 60982498828               /inspire/hdd/project/multi-agent/zhangweinan-24046/PA/envs/personal/lib/python3.10/site-packages/pandas/_libs/tslibs/np_datetime.cpython-310-x86_64-linux-gnu.so
7fecc546c000-7fecc556d000 rw-p 00000000 00:00 0 
7fecc556d000-7fecc557d000 r--p 00000000 00:1ba 60980630490               /inspire/hdd/project/multi-agent/zhangweinan-24046/PA/envs/personal/lib/python3.10/site-packages/pandas/_libs/hashtable.cpython-310-x86_64-linux-gnu.so
7fecc557d000-7fecc5731000 r-xp 00010000 00:1ba 60980630490               /inspire/hdd/project/multi-agent/zhangweinan-24046/PA/envs/personal/lib/python3.10/site-packages/pandas/_libs/hashtable.cpython-310-x86_64-linux-gnu.so
7fecc5731000-7fecc576e000 r--p 001c4000 00:1ba 60980630490               /inspire/hdd/project/multi-agent/zhangweinan-24046/PA/envs/personal/lib/python3.10/site-packages/pandas/_libs/hashtable.cpython-310-x86_64-linux-gnu.so
7fecc576e000-7fecc576f000 ---p 00201000 00:1ba 60980630490               /inspire/hdd/project/multi-agent/zhangweinan-24046/PA/envs/personal/lib/python3.10/site-packages/pandas/_libs/hashtable.cpython-310-x86_64-linux-gnu.so
7fecc576f000-7fecc5770000 r--p 00201000 00:1ba 60980630490               /inspire/hdd/project/multi-agent/zhangweinan-24046/PA/envs/personal/lib/python3.10/site-packages/pandas/_libs/hashtable.cpython-310-x86_64-linux-gnu.so
7fecc5770000-7fecc577e000 rw-p 00202000 00:1ba 60980630490               /inspire/hdd/project/multi-agent/zhangweinan-24046/PA/envs/personal/lib/python3.10/site-packages/pandas/_libs/hashtable.cpython-310-x86_64-linux-gnu.so
7fecc577e000-7fecc5786000 rw-p 00000000 00:00 0 
7fecc5786000-7fecc5790000 r--p 00000000 00:1ba 60980630470               /inspire/hdd/project/multi-agent/zhangweinan-24046/PA/envs/personal/lib/python3.10/site-packages/pandas/_libs/interval.cpython-310-x86_64-linux-gnu.so
7fecc5790000-7fecc58cf000 r-xp 0000a000 00:1ba 60980630470               /inspire/hdd/project/multi-agent/zhangweinan-24046/PA/envs/personal/lib/python3.10/site-packages/pandas/_libs/interval.cpython-310-x86_64-linux-gnu.so
7fecc58cf000-7fecc58f4000 r--p 00149000 00:1ba 60980630470               /inspire/hdd/project/multi-agent/zhangweinan-24046/PA/envs/personal/lib/python3.10/site-packages/pandas/_libs/interval.cpython-310-x86_64-linux-gnu.so
7fecc58f4000-7fecc58f5000 r--p 0016d000 00:1ba 60980630470               /inspire/hdd/project/multi-agent/zhangweinan-24046/PA/envs/personal/lib/python3.10/site-packages/pandas/_libs/interval.cpython-310-x86_64-linux-gnu.so
7fecc58f5000-7fecc58fc000 rw-p 0016e000 00:1ba 60980630470               /inspire/hdd/project/multi-agent/zhangweinan-24046/PA/envs/personal/lib/python3.10/site-packages/pandas/_libs/interval.cpython-310-x86_64-linux-gnu.so
7fecc58fc000-7fecc59ff000 rw-p 00000000 00:00 0 
7fecc59ff000-7fecc5a00000 ---p 00000000 00:00 0 
7fecc5a00000-7fecc6200000 rw-p 00000000 00:00 0 
7fecc6200000-7fecc6a00000 rw-p 00000000 00:00 0 
7fecc6a03000-7fecc6a05000 r--p 00000000 00:1ba 60863164186               /inspire/hdd/project/multi-agent/zhangweinan-24046/PA/envs/personal/lib/python3.10/lib-dynload/_zoneinfo.cpython-310-x86_64-linux-gnu.so
7fecc6a05000-7fecc6a0a000 r-xp 00002000 00:1ba 60863164186               /inspire/hdd/project/multi-agent/zhangweinan-24046/PA/envs/personal/lib/python3.10/lib-dynload/_zoneinfo.cpython-310-x86_64-linux-gnu.so
7fecc6a0a000-7fecc6a0b000 r--p 00007000 00:1ba 60863164186               /inspire/hdd/project/multi-agent/zhangweinan-24046/PA/envs/personal/lib/python3.10/lib-dynload/_zoneinfo.cpython-310-x86_64-linux-gnu.so
7fecc6a0b000-7fecc6a0c000 r--p 00008000 00:1ba 60863164186               /inspire/hdd/project/multi-agent/zhangweinan-24046/PA/envs/personal/lib/python3.10/lib-dynload/_zoneinfo.cpython-310-x86_64-linux-gnu.so
7fecc6a0c000-7fecc6a0d000 rw-p 00009000 00:1ba 60863164186               /inspire/hdd/project/multi-agent/zhangweinan-24046/PA/envs/personal/lib/python3.10/lib-dynload/_zoneinfo.cpython-310-x86_64-linux-gnu.so
7fecc6a0d000-7fecc6a10000 r--p 00000000 00:1ba 60982498824               /inspire/hdd/project/multi-agent/zhangweinan-24046/PA/envs/personal/lib/python3.10/site-packages/pandas/_libs/tslibs/base.cpython-310-x86_64-linux-gnu.so
7fecc6a10000-7fecc6a18000 r-xp 00003000 00:1ba 60982498824               /inspire/hdd/project/multi-agent/zhangweinan-24046/PA/envs/personal/lib/python3.10/site-packages/pandas/_libs/tslibs/base.cpython-310-x86_64-linux-gnu.so
7fecc6a18000-7fecc6a1a000 r--p 0000b000 00:1ba 60982498824               /inspire/hdd/project/multi-agent/zhangweinan-24046/PA/envs/personal/lib/python3.10/site-packages/pandas/_libs/tslibs/base.cpython-310-x86_64-linux-gnu.so
7fecc6a1a000-7fecc6a1b000 ---p 0000d000 00:1ba 60982498824               /inspire/hdd/project/multi-agent/zhangweinan-24046/PA/envs/personal/lib/python3.10/site-packages/pandas/_libs/tslibs/base.cpython-310-x86_64-linux-gnu.so
7fecc6a1b000-7fecc6a1c000 r--p 0000d000 00:1ba 60982498824               /inspire/hdd/project/multi-agent/zhangweinan-24046/PA/envs/personal/lib/python3.10/site-packages/pandas/_libs/tslibs/base.cpython-310-x86_64-linux-gnu.so
7fecc6a1c000-7fecc6a1d000 rw-p 0000e000 00:1ba 60982498824               /inspire/hdd/project/multi-agent/zhangweinan-24046/PA/envs/personal/lib/python3.10/site-packages/pandas/_libs/tslibs/base.cpython-310-x86_64-linux-gnu.so
7fecc6a1d000-7fecc6a20000 r--p 00000000 00:1ba 60980630510               /inspire/hdd/project/multi-agent/zhangweinan-24046/PA/envs/personal/lib/python3.10/site-packages/pandas/_libs/tslibs/ccalendar.cpython-310-x86_64-linux-gnu.so
7fecc6a20000-7fecc6a32000 r-xp 00003000 00:1ba 60980630510               /inspire/hdd/project/multi-agent/zhangweinan-24046/PA/envs/personal/lib/python3.10/site-packages/pandas/_libs/tslibs/ccalendar.cpython-310-x86_64-linux-gnu.so
7fecc6a32000-7fecc6a35000 r--p 00015000 00:1ba 60980630510               /inspire/hdd/project/multi-agent/zhangweinan-24046/PA/envs/personal/lib/python3.10/site-packages/pandas/_libs/tslibs/ccalendar.cpython-310-x86_64-linux-gnu.so
7fecc6a35000-7fecc6a36000 r--p 00017000 00:1ba 60980630510               /inspire/hdd/project/multi-agent/zhangweinan-24046/PA/envs/personal/lib/python3.10/site-packages/pandas/_libs/tslibs/ccalendar.cpython-310-x86_64-linux-gnu.so
7fecc6a36000-7fecc6a37000 rw-p 00018000 00:1ba 60980630510               /inspire/hdd/project/multi-agent/zhangweinan-24046/PA/envs/personal/lib/python3.10/site-packages/pandas/_libs/tslibs/ccalendar.cpython-310-x86_64-linux-gnu.so
7fecc6a37000-7fecc6a3b000 r--p 00000000 00:1ba 60980630525               /inspire/hdd/project/multi-agent/zhangweinan-24046/PA/envs/personal/lib/python3.10/site-packages/pandas/_libs/tslibs/dtypes.cpython-310-x86_64-linux-gnu.so
7fecc6a3b000-7fecc6a61000 r-xp 00004000 00:1ba 60980630525               /inspire/hdd/project/multi-agent/zhangweinan-24046/PA/envs/personal/lib/python3.10/site-packages/pandas/_libs/tslibs/dtypes.cpython-310-x86_64-linux-gnu.so
7fecc6a61000-7fecc6a67000 r--p 0002a000 00:1ba 60980630525               /inspire/hdd/project/multi-agent/zhangweinan-24046/PA/envs/personal/lib/python3.10/site-packages/pandas/_libs/tslibs/dtypes.cpython-310-x86_64-linux-gnu.so
7fecc6a67000-7fecc6a68000 r--p 0002f000 00:1ba 60980630525               /inspire/hdd/project/multi-agent/zhangweinan-24046/PA/envs/personal/lib/python3.10/site-packages/pandas/_libs/tslibs/dtypes.cpython-310-x86_64-linux-gnu.so
7fecc6a68000-7fecc6a69000 rw-p 00030000 00:1ba 60980630525               /inspire/hdd/project/multi-agent/zhangweinan-24046/PA/envs/personal/lib/python3.10/site-packages/pandas/_libs/tslibs/dtypes.cpython-310-x86_64-linux-gnu.so
7fecc6a69000-7fecc6a6b000 rw-p 00000000 00:00 0 
7fecc6a6b000-7fecc6a6f000 r--p 00000000 00:1ba 60980630499               /inspire/hdd/project/multi-agent/zhangweinan-24046/PA/envs/personal/lib/python3.10/site-packages/pandas/_libs/missing.cpython-310-x86_64-linux-gnu.so
7fecc6a6f000-7fecc6a96000 r-xp 00004000 00:1ba 60980630499               /inspire/hdd/project/multi-agent/zhangweinan-24046/PA/envs/personal/lib/python3.10/site-packages/pandas/_libs/missing.cpython-310-x86_64-linux-gnu.so
7fecc6a96000-7fecc6a9d000 r--p 0002b000 00:1ba 60980630499               /inspire/hdd/project/multi-agent/zhangweinan-24046/PA/envs/personal/lib/python3.10/site-packages/pandas/_libs/missing.cpython-310-x86_64-linux-gnu.so
7fecc6a9d000-7fecc6a9e000 r--p 00031000 00:1ba 60980630499               /inspire/hdd/project/multi-agent/zhangweinan-24046/PA/envs/personal/lib/python3.10/site-packages/pandas/_libs/missing.cpython-310-x86_64-linux-gnu.so
7fecc6a9e000-7fecc6aa0000 rw-p 00032000 00:1ba 60980630499               /inspire/hdd/project/multi-agent/zhangweinan-24046/PA/envs/personal/lib/python3.10/site-packages/pandas/_libs/missing.cpython-310-x86_64-linux-gnu.so
7fecc6aa0000-7fecc6aa1000 rw-p 00000000 00:00 0 
7fecc6aa1000-7fecc6aa3000 r--p 00000000 00:1ba 60980630504               /inspire/hdd/project/multi-agent/zhangweinan-24046/PA/envs/personal/lib/python3.10/site-packages/pandas/_libs/pandas_datetime.cpython-310-x86_64-linux-gnu.so
7fecc6aa3000-7fecc6aa8000 r-xp 00002000 00:1ba 60980630504               /inspire/hdd/project/multi-agent/zhangweinan-24046/PA/envs/personal/lib/python3.10/site-packages/pandas/_libs/pandas_datetime.cpython-310-x86_64-linux-gnu.so
7fecc6aa8000-7fecc6aaa000 r--p 00007000 00:1ba 60980630504               /inspire/hdd/project/multi-agent/zhangweinan-24046/PA/envs/personal/lib/python3.10/site-packages/pandas/_libs/pandas_datetime.cpython-310-x86_64-linux-gnu.so
7fecc6aaa000-7fecc6aab000 r--p 00008000 00:1ba 60980630504               /inspire/hdd/project/multi-agent/zhangweinan-24046/PA/envs/personal/lib/python3.10/site-packages/pandas/_libs/pandas_datetime.cpython-310-x86_64-linux-gnu.so
7fecc6aab000-7fecc6aac000 rw-p 00009000 00:1ba 60980630504               /inspire/hdd/project/multi-agent/zhangweinan-24046/PA/envs/personal/lib/python3.10/site-packages/pandas/_libs/pandas_datetime.cpython-310-x86_64-linux-gnu.so
7fecc6aac000-7fecc6aae000 r--p 00000000 00:1ba 60980630462               /inspire/hdd/project/multi-agent/zhangweinan-24046/PA/envs/personal/lib/python3.10/site-packages/pandas/_libs/pandas_parser.cpython-310-x86_64-linux-gnu.so
7fecc6aae000-7fecc6ab4000 r-xp 00002000 00:1ba 60980630462               /inspire/hdd/project/multi-agent/zhangweinan-24046/PA/envs/personal/lib/python3.10/site-packages/pandas/_libs/pandas_parser.cpython-310-x86_64-linux-gnu.so
7fecc6ab4000-7fecc6ab6000 r--p 00008000 00:1ba 60980630462               /inspire/hdd/project/multi-agent/zhangweinan-24046/PA/envs/personal/lib/python3.10/site-packages/pandas/_libs/pandas_parser.cpython-310-x86_64-linux-gnu.so
7fecc6ab6000-7fecc6ab7000 r--p 00009000 00:1ba 60980630462               /inspire/hdd/project/multi-agent/zhangweinan-24046/PA/envs/personal/lib/python3.10/site-packages/pandas/_libs/pandas_parser.cpython-310-x86_64-linux-gnu.so
7fecc6ab7000-7fecc6ab8000 rw-p 0000a000 00:1ba 60980630462               /inspire/hdd/project/multi-agent/zhangweinan-24046/PA/envs/personal/lib/python3.10/site-packages/pandas/_libs/pandas_parser.cpython-310-x86_64-linux-gnu.so
7fecc6ab8000-7fecc6f66000 r--p 00000000 00:1ba 44783681425               /inspire/hdd/project/multi-agent/zhangweinan-24046/PA/envs/personal/lib/python3.10/site-packages/pyarrow/libarrow.so.2000
7fecc6f66000-7fecc931c000 r-xp 004ae000 00:1ba 44783681425               /inspire/hdd/project/multi-agent/zhangweinan-24046/PA/envs/personal/lib/python3.10/site-packages/pyarrow/libarrow.so.2000
7fecc931c000-7fecc9bd9000 r--p 02864000 00:1ba 44783681425               /inspire/hdd/project/multi-agent/zhangweinan-24046/PA/envs/personal/lib/python3.10/site-packages/pyarrow/libarrow.so.2000
7fecc9bd9000-7fecc9cca000 r--p 03120000 00:1ba 44783681425               /inspire/hdd/project/multi-agent/zhangweinan-24046/PA/envs/personal/lib/python3.10/site-packages/pyarrow/libarrow.so.2000
7fecc9cca000-7fecc9cfd000 rw-p 03211000 00:1ba 44783681425               /inspire/hdd/project/multi-agent/zhangweinan-24046/PA/envs/personal/lib/python3.10/site-packages/pyarrow/libarrow.so.2000
7fecc9cfd000-7fecc9f87000 rw-p 00000000 00:00 0 
7fecc9f87000-7fecc9fdf000 r--p 00000000 00:1ba 44781812819               /inspire/hdd/project/multi-agent/zhangweinan-24046/PA/envs/personal/lib/python3.10/site-packages/pyarrow/libarrow_acero.so.2000
7fecc9fdf000-7fecca0c4000 r-xp 00058000 00:1ba 44781812819               /inspire/hdd/project/multi-agent/zhangweinan-24046/PA/envs/personal/lib/python3.10/site-packages/pyarrow/libarrow_acero.so.2000
7fecca0c4000-7fecca0fd000 r--p 0013d000 00:1ba 44781812819               /inspire/hdd/project/multi-agent/zhangweinan-24046/PA/envs/personal/lib/python3.10/site-packages/pyarrow/libarrow_acero.so.2000
7fecca0fd000-7fecca0fe000 ---p 00176000 00:1ba 44781812819               /inspire/hdd/project/multi-agent/zhangweinan-24046/PA/envs/personal/lib/python3.10/site-packages/pyarrow/libarrow_acero.so.2000
7fecca0fe000-7fecca103000 r--p 00176000 00:1ba 44781812819               /inspire/hdd/project/multi-agent/zhangweinan-24046/PA/envs/personal/lib/python3.10/site-packages/pyarrow/libarrow_acero.so.2000
7fecca103000-7fecca106000 rw-p 0017b000 00:1ba 44781812819               /inspire/hdd/project/multi-agent/zhangweinan-24046/PA/envs/personal/lib/python3.10/site-packages/pyarrow/libarrow_acero.so.2000
7fecca106000-7fecca2ba000 r--p 00000000 00:1ba 44783681454               /inspire/hdd/project/multi-agent/zhangweinan-24046/PA/envs/personal/lib/python3.10/site-packages/pyarrow/libparquet.so.2000
7fecca2ba000-7fecca7bb000 r-xp 001b4000 00:1ba 44783681454               /inspire/hdd/project/multi-agent/zhangweinan-24046/PA/envs/personal/lib/python3.10/site-packages/pyarrow/libparquet.so.2000
7fecca7bb000-7fecca91c000 r--p 006b5000 00:1ba 44783681454               /inspire/hdd/project/multi-agent/zhangweinan-24046/PA/envs/personal/lib/python3.10/site-packages/pyarrow/libparquet.so.2000
7fecca91c000-7fecca99a000 r--p 00815000 00:1ba 44783681454               /inspire/hdd/project/multi-agent/zhangweinan-24046/PA/envs/personal/lib/python3.10/site-packages/pyarrow/libparquet.so.2000
7fecca99a000-7fecca9a8000 rw-p 00893000 00:1ba 44783681454               /inspire/hdd/project/multi-agent/zhangweinan-24046/PA/envs/personal/lib/python3.10/site-packages/pyarrow/libparquet.so.2000
7fecca9a8000-7fecca9ab000 rw-p 00000000 00:00 0 
7fecca9ab000-7feccaa54000 r--p 00000000 00:1ba 44783681464               /inspire/hdd/project/multi-agent/zhangweinan-24046/PA/envs/personal/lib/python3.10/site-packages/pyarrow/libarrow_dataset.so.2000
7feccaa54000-7feccab27000 r-xp 000a9000 00:1ba 44783681464               /inspire/hdd/project/multi-agent/zhangweinan-24046/PA/envs/personal/lib/python3.10/site-packages/pyarrow/libarrow_dataset.so.2000
7feccab27000-7feccab6c000 r--p 0017c000 00:1ba 44783681464               /inspire/hdd/project/multi-agent/zhangweinan-24046/PA/envs/personal/lib/python3.10/site-packages/pyarrow/libarrow_dataset.so.2000
7feccab6c000-7feccab6d000 ---p 001c1000 00:1ba 44783681464               /inspire/hdd/project/multi-agent/zhangweinan-24046/PA/envs/personal/lib/python3.10/site-packages/pyarrow/libarrow_dataset.so.2000
7feccab6d000-7feccab75000 r--p 001c1000 00:1ba 44783681464               /inspire/hdd/project/multi-agent/zhangweinan-24046/PA/envs/personal/lib/python3.10/site-packages/pyarrow/libarrow_dataset.so.2000
7feccab75000-7feccab77000 rw-p 001c9000 00:1ba 44783681464               /inspire/hdd/project/multi-agent/zhangweinan-24046/PA/envs/personal/lib/python3.10/site-packages/pyarrow/libarrow_dataset.so.2000
7feccab77000-7feccab78000 rw-p 00000000 00:00 0 
7feccab78000-7feccabec000 r--p 00000000 00:1ba 44783681461               /inspire/hdd/project/multi-agent/zhangweinan-24046/PA/envs/personal/lib/python3.10/site-packages/pyarrow/libarrow_substrait.so.2000
7feccabec000-7feccae28000 r-xp 00074000 00:1ba 44783681461               /inspire/hdd/project/multi-agent/zhangweinan-24046/PA/envs/personal/lib/python3.10/site-packages/pyarrow/libarrow_substrait.so.2000
7feccae28000-7feccaee1000 r--p 002b0000 00:1ba 44783681461               /inspire/hdd/project/multi-agent/zhangweinan-24046/PA/envs/personal/lib/python3.10/site-packages/pyarrow/libarrow_substrait.so.2000
7feccaee1000-7feccaee2000 ---p 00369000 00:1ba 44783681461               /inspire/hdd/project/multi-agent/zhangweinan-24046/PA/envs/personal/lib/python3.10/site-packages/pyarrow/libarrow_substrait.so.2000
7feccaee2000-7feccaef4000 r--p 00369000 00:1ba 44783681461               /inspire/hdd/project/multi-agent/zhangweinan-24046/PA/envs/personal/lib/python3.10/site-packages/pyarrow/libarrow_substrait.so.2000
7feccaef4000-7feccaef9000 rw-p 0037b000 00:1ba 44783681461               /inspire/hdd/project/multi-agent/zhangweinan-24046/PA/envs/personal/lib/python3.10/site-packages/pyarrow/libarrow_substrait.so.2000
7feccaef9000-7feccaefb000 rw-p 00000000 00:00 0 
7feccaefb000-7feccaf88000 r--p 00000000 00:1ba 44781812826               /inspire/hdd/project/multi-agent/zhangweinan-24046/PA/envs/personal/lib/python3.10/site-packages/pyarrow/libarrow_python.so.2000
7feccaf88000-7feccb0a0000 r-xp 0008d000 00:1ba 44781812826               /inspire/hdd/project/multi-agent/zhangweinan-24046/PA/envs/personal/lib/python3.10/site-packages/pyarrow/libarrow_python.so.2000
7feccb0a0000-7feccb0e4000 r--p 001a5000 00:1ba 44781812826               /inspire/hdd/project/multi-agent/zhangweinan-24046/PA/envs/personal/lib/python3.10/site-packages/pyarrow/libarrow_python.so.2000
7feccb0e4000-7feccb0f0000 r--p 001e8000 00:1ba 44781812826               /inspire/hdd/project/multi-agent/zhangweinan-24046/PA/envs/personal/lib/python3.10/site-packages/pyarrow/libarrow_python.so.2000
7feccb0f0000-7feccb0f3000 rw-p 001f4000 00:1ba 44781812826               /inspire/hdd/project/multi-agent/zhangweinan-24046/PA/envs/personal/lib/python3.10/site-packages/pyarrow/libarrow_python.so.2000
7feccb0f3000-7feccb13e000 r--p 00000000 00:1ba 44783681396               /inspire/hdd/project/multi-agent/zhangweinan-24046/PA/envs/personal/lib/python3.10/site-packages/pyarrow/lib.cpython-310-x86_64-linux-gnu.so
7feccb13e000-7feccb3a9000 r-xp 0004b000 00:1ba 44783681396               /inspire/hdd/project/multi-agent/zhangweinan-24046/PA/envs/personal/lib/python3.10/site-packages/pyarrow/lib.cpython-310-x86_64-linux-gnu.so
7feccb3a9000-7feccb4a1000 r--p 002b6000 00:1ba 44783681396               /inspire/hdd/project/multi-agent/zhangweinan-24046/PA/envs/personal/lib/python3.10/site-packages/pyarrow/lib.cpython-310-x86_64-linux-gnu.so
7feccb4a1000-7feccb4a3000 r--p 003ad000 00:1ba 44783681396               /inspire/hdd/project/multi-agent/zhangweinan-24046/PA/envs/personal/lib/python3.10/site-packages/pyarrow/lib.cpython-310-x86_64-linux-gnu.so
7feccb4a3000-7feccb4cb000 rw-p 003af000 00:1ba 44783681396               /inspire/hdd/project/multi-agent/zhangweinan-24046/PA/envs/personal/lib/python3.10/site-packages/pyarrow/lib.cpython-310-x86_64-linux-gnu.so
7feccb4cb000-7feccb4d9000 rw-p 00000000 00:00 0 
7feccb4d9000-7feccb4de000 r--p 00000000 00:1ba 56351873609               /inspire/hdd/project/multi-agent/zhangweinan-24046/PA/envs/personal/lib/python3.10/site-packages/scipy/ndimage/_ni_label.cpython-310-x86_64-linux-gnu.so
7feccb4de000-7feccb52a000 r-xp 00005000 00:1ba 56351873609               /inspire/hdd/project/multi-agent/zhangweinan-24046/PA/envs/personal/lib/python3.10/site-packages/scipy/ndimage/_ni_label.cpython-310-x86_64-linux-gnu.so
7feccb52a000-7feccb533000 r--p 00051000 00:1ba 56351873609               /inspire/hdd/project/multi-agent/zhangweinan-24046/PA/envs/personal/lib/python3.10/site-packages/scipy/ndimage/_ni_label.cpython-310-x86_64-linux-gnu.so
7feccb533000-7feccb534000 ---p 0005a000 00:1ba 56351873609               /inspire/hdd/project/multi-agent/zhangweinan-24046/PA/envs/personal/lib/python3.10/site-packages/scipy/ndimage/_ni_label.cpython-310-x86_64-linux-gnu.so
7feccb534000-7feccb535000 r--p 0005a000 00:1ba 56351873609               /inspire/hdd/project/multi-agent/zhangweinan-24046/PA/envs/personal/lib/python3.10/site-packages/scipy/ndimage/_ni_label.cpython-310-x86_64-linux-gnu.so
7feccb535000-7feccb538000 rw-p 0005b000 00:1ba 56351873609               /inspire/hdd/project/multi-agent/zhangweinan-24046/PA/envs/personal/lib/python3.10/site-packages/scipy/ndimage/_ni_label.cpython-310-x86_64-linux-gnu.so
7feccb538000-7feccb53a000 r--p 00000000 00:1ba 56351873615               /inspire/hdd/project/multi-agent/zhangweinan-24046/PA/envs/personal/lib/python3.10/site-packages/scipy/ndimage/_nd_image.cpython-310-x86_64-linux-gnu.so
7feccb53a000-7feccb555000 r-xp 00002000 00:1ba 56351873615               /inspire/hdd/project/multi-agent/zhangweinan-24046/PA/envs/personal/lib/python3.10/site-packages/scipy/ndimage/_nd_image.cpython-310-x86_64-linux-gnu.so
7feccb555000-7feccb559000 r--p 0001d000 00:1ba 56351873615               /inspire/hdd/project/multi-agent/zhangweinan-24046/PA/envs/personal/lib/python3.10/site-packages/scipy/ndimage/_nd_image.cpython-310-x86_64-linux-gnu.so
7feccb559000-7feccb55a000 r--p 00020000 00:1ba 56351873615               /inspire/hdd/project/multi-agent/zhangweinan-24046/PA/envs/personal/lib/python3.10/site-packages/scipy/ndimage/_nd_image.cpython-310-x86_64-linux-gnu.so
7feccb55a000-7feccb55b000 rw-p 00021000 00:1ba 56351873615               /inspire/hdd/project/multi-agent/zhangweinan-24046/PA/envs/personal/lib/python3.10/site-packages/scipy/ndimage/_nd_image.cpython-310-x86_64-linux-gnu.so
7feccb55b000-7feccb65b000 rw-p 00000000 00:00 0 
7feccb65b000-7feccb660000 r--p 00000000 00:1ba 60739800670               /inspire/hdd/project/multi-agent/zhangweinan-24046/PA/envs/personal/lib/python3.10/site-packages/scipy/stats/_rcont/rcont.cpython-310-x86_64-linux-gnu.so
7feccb660000-7feccb688000 r-xp 00005000 00:1ba 60739800670               /inspire/hdd/project/multi-agent/zhangweinan-24046/PA/envs/personal/lib/python3.10/site-packages/scipy/stats/_rcont/rcont.cpython-310-x86_64-linux-gnu.so
7feccb688000-7feccb691000 r--p 0002d000 00:1ba 60739800670               /inspire/hdd/project/multi-agent/zhangweinan-24046/PA/envs/personal/lib/python3.10/site-packages/scipy/stats/_rcont/rcont.cpython-310-x86_64-linux-gnu.so
7feccb691000-7feccb692000 ---p 00036000 00:1ba 60739800670               /inspire/hdd/project/multi-agent/zhangweinan-24046/PA/envs/personal/lib/python3.10/site-packages/scipy/stats/_rcont/rcont.cpython-310-x86_64-linux-gnu.so
7feccb692000-7feccb693000 r--p 00036000 00:1ba 60739800670               /inspire/hdd/project/multi-agent/zhangweinan-24046/PA/envs/personal/lib/python3.10/site-packages/scipy/stats/_rcont/rcont.cpython-310-x86_64-linux-gnu.so
7feccb693000-7feccb695000 rw-p 00037000 00:1ba 60739800670               /inspire/hdd/project/multi-agent/zhangweinan-24046/PA/envs/personal/lib/python3.10/site-packages/scipy/stats/_rcont/rcont.cpython-310-x86_64-linux-gnu.so
7feccb695000-7feccb696000 rw-p 00000000 00:00 0 
7feccb696000-7feccb698000 r--p 00000000 00:1ba 60997218635               /inspire/hdd/project/multi-agent/zhangweinan-24046/PA/envs/personal/lib/python3.10/site-packages/scipy/stats/_mvn.cpython-310-x86_64-linux-gnu.so
7feccb698000-7feccb6a1000 r-xp 00002000 00:1ba 60997218635               /inspire/hdd/project/multi-agent/zhangweinan-24046/PA/envs/personal/lib/python3.10/site-packages/scipy/stats/_mvn.cpython-310-x86_64-linux-gnu.so
7feccb6a1000-7feccb6a7000 r--p 0000b000 00:1ba 60997218635               /inspire/hdd/project/multi-agent/zhangweinan-24046/PA/envs/personal/lib/python3.10/site-packages/scipy/stats/_mvn.cpython-310-x86_64-linux-gnu.so
7feccb6a7000-7feccb6a8000 r--p 00010000 00:1ba 60997218635               /inspire/hdd/project/multi-agent/zhangweinan-24046/PA/envs/personal/lib/python3.10/site-packages/scipy/stats/_mvn.cpython-310-x86_64-linux-gnu.so
7feccb6a8000-7feccb6aa000 rw-p 00011000 00:1ba 60997218635               /inspire/hdd/project/multi-agent/zhangweinan-24046/PA/envs/personal/lib/python3.10/site-packages/scipy/stats/_mvn.cpython-310-x86_64-linux-gnu.so
7feccb6aa000-7feccb8a1000 rw-p 00000000 00:00 0 
7feccb8a1000-7feccb8a6000 r--p 00000000 00:1ba 60997218629               /inspire/hdd/project/multi-agent/zhangweinan-24046/PA/envs/personal/lib/python3.10/site-packages/scipy/stats/_ansari_swilk_statistics.cpython-310-x86_64-linux-gnu.so
7feccb8a6000-7feccb8d3000 r-xp 00005000 00:1ba 60997218629               /inspire/hdd/project/multi-agent/zhangweinan-24046/PA/envs/personal/lib/python3.10/site-packages/scipy/stats/_ansari_swilk_statistics.cpython-310-x86_64-linux-gnu.so
7feccb8d3000-7feccb8db000 r--p 00032000 00:1ba 60997218629               /inspire/hdd/project/multi-agent/zhangweinan-24046/PA/envs/personal/lib/python3.10/site-packages/scipy/stats/_ansari_swilk_statistics.cpython-310-x86_64-linux-gnu.so
7feccb8db000-7feccb8dc000 r--p 00039000 00:1ba 60997218629               /inspire/hdd/project/multi-agent/zhangweinan-24046/PA/envs/personal/lib/python3.10/site-packages/scipy/stats/_ansari_swilk_statistics.cpython-310-x86_64-linux-gnu.so
7feccb8dc000-7feccb8de000 rw-p 0003a000 00:1ba 60997218629               /inspire/hdd/project/multi-agent/zhangweinan-24046/PA/envs/personal/lib/python3.10/site-packages/scipy/stats/_ansari_swilk_statistics.cpython-310-x86_64-linux-gnu.so
7feccb8de000-7feccb9df000 rw-p 00000000 00:00 0 
7feccb9df000-7feccb9e3000 r--p 00000000 00:1ba 60997218615               /inspire/hdd/project/multi-agent/zhangweinan-24046/PA/envs/personal/lib/python3.10/site-packages/scipy/stats/_stats_pythran.cpython-310-x86_64-linux-gnu.so
7feccb9e3000-7feccb9fd000 r-xp 00004000 00:1ba 60997218615               /inspire/hdd/project/multi-agent/zhangweinan-24046/PA/envs/personal/lib/python3.10/site-packages/scipy/stats/_stats_pythran.cpython-310-x86_64-linux-gnu.so
7feccb9fd000-7feccba03000 r--p 0001e000 00:1ba 60997218615               /inspire/hdd/project/multi-agent/zhangweinan-24046/PA/envs/personal/lib/python3.10/site-packages/scipy/stats/_stats_pythran.cpython-310-x86_64-linux-gnu.so
7feccba03000-7feccba04000 r--p 00023000 00:1ba 60997218615               /inspire/hdd/project/multi-agent/zhangweinan-24046/PA/envs/personal/lib/python3.10/site-packages/scipy/stats/_stats_pythran.cpython-310-x86_64-linux-gnu.so
7feccba04000-7feccba05000 rw-p 00024000 00:1ba 60997218615               /inspire/hdd/project/multi-agent/zhangweinan-24046/PA/envs/personal/lib/python3.10/site-packages/scipy/stats/_stats_pythran.cpython-310-x86_64-linux-gnu.so
7feccba05000-7feccba0a000 r--p 00000000 00:1ba 60997218626               /inspire/hdd/project/multi-agent/zhangweinan-24046/PA/envs/personal/lib/python3.10/site-packages/scipy/stats/_biasedurn.cpython-310-x86_64-linux-gnu.so
7feccba0a000-7feccba34000 r-xp 00005000 00:1ba 60997218626               /inspire/hdd/project/multi-agent/zhangweinan-24046/PA/envs/personal/lib/python3.10/site-packages/scipy/stats/_biasedurn.cpython-310-x86_64-linux-gnu.so
7feccba34000-7feccba40000 r--p 0002f000 00:1ba 60997218626               /inspire/hdd/project/multi-agent/zhangweinan-24046/PA/envs/personal/lib/python3.10/site-packages/scipy/stats/_biasedurn.cpython-310-x86_64-linux-gnu.so
7feccba40000-7feccba41000 r--p 0003a000 00:1ba 60997218626               /inspire/hdd/project/multi-agent/zhangweinan-24046/PA/envs/personal/lib/python3.10/site-packages/scipy/stats/_biasedurn.cpython-310-x86_64-linux-gnu.so
7feccba41000-7feccba44000 rw-p 0003b000 00:1ba 60997218626               /inspire/hdd/project/multi-agent/zhangweinan-24046/PA/envs/personal/lib/python3.10/site-packages/scipy/stats/_biasedurn.cpython-310-x86_64-linux-gnu.so
7feccba44000-7feccbb47000 rw-p 00000000 00:00 0 
7feccbb47000-7feccbb4d000 r--p 00000000 00:1ba 60997218646               /inspire/hdd/project/multi-agent/zhangweinan-24046/PA/envs/personal/lib/python3.10/site-packages/scipy/stats/_qmc_cy.cpython-310-x86_64-linux-gnu.so
7feccbb4d000-7feccbb78000 r-xp 00006000 00:1ba 60997218646               /inspire/hdd/project/multi-agent/zhangweinan-24046/PA/envs/personal/lib/python3.10/site-packages/scipy/stats/_qmc_cy.cpython-310-x86_64-linux-gnu.so
7feccbb78000-7feccbb81000 r--p 00031000 00:1ba 60997218646               /inspire/hdd/project/multi-agent/zhangweinan-24046/PA/envs/personal/lib/python3.10/site-packages/scipy/stats/_qmc_cy.cpython-310-x86_64-linux-gnu.so
7feccbb81000-7feccbb82000 r--p 00039000 00:1ba 60997218646               /inspire/hdd/project/multi-agent/zhangweinan-24046/PA/envs/personal/lib/python3.10/site-packages/scipy/stats/_qmc_cy.cpython-310-x86_64-linux-gnu.so
7feccbb82000-7feccbb84000 rw-p 0003a000 00:1ba 60997218646               /inspire/hdd/project/multi-agent/zhangweinan-24046/PA/envs/personal/lib/python3.10/site-packages/scipy/stats/_qmc_cy.cpython-310-x86_64-linux-gnu.so
7feccbb84000-7feccbb85000 rw-p 00000000 00:00 0 
7feccbb85000-7feccbb8a000 r--p 00000000 00:1ba 60997218613               /inspire/hdd/project/multi-agent/zhangweinan-24046/PA/envs/personal/lib/python3.10/site-packages/scipy/stats/_sobol.cpython-310-x86_64-linux-gnu.so
7feccbb8a000-7feccbbd2000 r-xp 00005000 00:1ba 60997218613               /inspire/hdd/project/multi-agent/zhangweinan-24046/PA/envs/personal/lib/python3.10/site-packages/scipy/stats/_sobol.cpython-310-x86_64-linux-gnu.so
7feccbbd2000-7feccbbdc000 r--p 0004d000 00:1ba 60997218613               /inspire/hdd/project/multi-agent/zhangweinan-24046/PA/envs/personal/lib/python3.10/site-packages/scipy/stats/_sobol.cpython-310-x86_64-linux-gnu.so
7feccbbdc000-7feccbbdd000 r--p 00056000 00:1ba 60997218613               /inspire/hdd/project/multi-agent/zhangweinan-24046/PA/envs/personal/lib/python3.10/site-packages/scipy/stats/_sobol.cpython-310-x86_64-linux-gnu.so
7feccbbdd000-7feccbbe0000 rw-p 00057000 00:1ba 60997218613               /inspire/hdd/project/multi-agent/zhangweinan-24046/PA/envs/personal/lib/python3.10/site-packages/scipy/stats/_sobol.cpython-310-x86_64-linux-gnu.so
7feccbbe0000-7feccbbee000 r--p 00000000 00:1ba 57159064969               /inspire/hdd/project/multi-agent/zhangweinan-24046/PA/envs/personal/lib/python3.10/site-packages/scipy/special/cython_special.cpython-310-x86_64-linux-gnu.so
7feccbbee000-7feccbeb3000 r-xp 0000e000 00:1ba 57159064969               /inspire/hdd/project/multi-agent/zhangweinan-24046/PA/envs/personal/lib/python3.10/site-packages/scipy/special/cython_special.cpython-310-x86_64-linux-gnu.so
7feccbeb3000-7feccbefb000 r--p 002d3000 00:1ba 57159064969               /inspire/hdd/project/multi-agent/zhangweinan-24046/PA/envs/personal/lib/python3.10/site-packages/scipy/special/cython_special.cpython-310-x86_64-linux-gnu.so
7feccbefb000-7feccbefc000 r--p 0031a000 00:1ba 57159064969               /inspire/hdd/project/multi-agent/zhangweinan-24046/PA/envs/personal/lib/python3.10/site-packages/scipy/special/cython_special.cpython-310-x86_64-linux-gnu.so
7feccbefc000-7feccbf01000 rw-p 0031b000 00:1ba 57159064969               /inspire/hdd/project/multi-agent/zhangweinan-24046/PA/envs/personal/lib/python3.10/site-packages/scipy/special/cython_special.cpython-310-x86_64-linux-gnu.so
7feccbf01000-7feccbf04000 rw-p 00000000 00:00 0 
7feccbf04000-7feccbf0a000 r--p 00000000 00:1ba 60997218653               /inspire/hdd/project/multi-agent/zhangweinan-24046/PA/envs/personal/lib/python3.10/site-packages/scipy/stats/_stats.cpython-310-x86_64-linux-gnu.so
7feccbf0a000-7feccbf9e000 r-xp 00006000 00:1ba 60997218653               /inspire/hdd/project/multi-agent/zhangweinan-24046/PA/envs/personal/lib/python3.10/site-packages/scipy/stats/_stats.cpython-310-x86_64-linux-gnu.so
7feccbf9e000-7feccbfac000 r--p 0009a000 00:1ba 60997218653               /inspire/hdd/project/multi-agent/zhangweinan-24046/PA/envs/personal/lib/python3.10/site-packages/scipy/stats/_stats.cpython-310-x86_64-linux-gnu.so
7feccbfac000-7feccbfad000 r--p 000a7000 00:1ba 60997218653               /inspire/hdd/project/multi-agent/zhangweinan-24046/PA/envs/personal/lib/python3.10/site-packages/scipy/stats/_stats.cpython-310-x86_64-linux-gnu.so
7feccbfad000-7feccbfb0000 rw-p 000a8000 00:1ba 60997218653               /inspire/hdd/project/multi-agent/zhangweinan-24046/PA/envs/personal/lib/python3.10/site-packages/scipy/stats/_stats.cpython-310-x86_64-linux-gnu.so
7feccbfb0000-7feccbfb2000 rw-p 00000000 00:00 0 
7feccbfb2000-7feccbfb8000 r--p 00000000 00:1ba 56348136554               /inspire/hdd/project/multi-agent/zhangweinan-24046/PA/envs/personal/lib/python3.10/site-packages/scipy/interpolate/_bspl.cpython-310-x86_64-linux-gnu.so
7feccbfb8000-7feccbfee000 r-xp 00006000 00:1ba 56348136554               /inspire/hdd/project/multi-agent/zhangweinan-24046/PA/envs/personal/lib/python3.10/site-packages/scipy/interpolate/_bspl.cpython-310-x86_64-linux-gnu.so
7feccbfee000-7feccbffb000 r--p 0003c000 00:1ba 56348136554               /inspire/hdd/project/multi-agent/zhangweinan-24046/PA/envs/personal/lib/python3.10/site-packages/scipy/interpolate/_bspl.cpython-310-x86_64-linux-gnu.so
7feccbffb000-7feccbffc000 r--p 00048000 00:1ba 56348136554               /inspire/hdd/project/multi-agent/zhangweinan-24046/PA/envs/personal/lib/python3.10/site-packages/scipy/interpolate/_bspl.cpython-310-x86_64-linux-gnu.so
7feccbffc000-7feccbffe000 rw-p 00049000 00:1ba 56348136554               /inspire/hdd/project/multi-agent/zhangweinan-24046/PA/envs/personal/lib/python3.10/site-packages/scipy/interpolate/_bspl.cpython-310-x86_64-linux-gnu.so
7feccbffe000-7feccbfff000 rw-p 00000000 00:00 0 
7feccbfff000-7feccc002000 rw-p 0005f000 00:1ba 56348136554               /inspire/hdd/project/multi-agent/zhangweinan-24046/PA/envs/personal/lib/python3.10/site-packages/scipy/interpolate/_bspl.cpython-310-x86_64-linux-gnu.so
7feccc002000-7feccc004000 rw-p 00062000 00:1ba 56348136554               /inspire/hdd/project/multi-agent/zhangweinan-24046/PA/envs/personal/lib/python3.10/site-packages/scipy/interpolate/_bspl.cpython-310-x86_64-linux-gnu.so
7feccc004000-7feccc104000 rw-p 00000000 00:00 0 
7feccc104000-7feccc109000 r--p 00000000 00:1ba 56348136563               /inspire/hdd/project/multi-agent/zhangweinan-24046/PA/envs/personal/lib/python3.10/site-packages/scipy/interpolate/_rgi_cython.cpython-310-x86_64-linux-gnu.so
7feccc109000-7feccc13a000 r-xp 00005000 00:1ba 56348136563               /inspire/hdd/project/multi-agent/zhangweinan-24046/PA/envs/personal/lib/python3.10/site-packages/scipy/interpolate/_rgi_cython.cpython-310-x86_64-linux-gnu.so
7feccc13a000-7feccc142000 r--p 00036000 00:1ba 56348136563               /inspire/hdd/project/multi-agent/zhangweinan-24046/PA/envs/personal/lib/python3.10/site-packages/scipy/interpolate/_rgi_cython.cpython-310-x86_64-linux-gnu.so
7feccc142000-7feccc143000 r--p 0003d000 00:1ba 56348136563               /inspire/hdd/project/multi-agent/zhangweinan-24046/PA/envs/personal/lib/python3.10/site-packages/scipy/interpolate/_rgi_cython.cpython-310-x86_64-linux-gnu.so
7feccc143000-7feccc145000 rw-p 0003e000 00:1ba 56348136563               /inspire/hdd/project/multi-agent/zhangweinan-24046/PA/envs/personal/lib/python3.10/site-packages/scipy/interpolate/_rgi_cython.cpython-310-x86_64-linux-gnu.so
7feccc145000-7feccc146000 rw-p 00000000 00:00 0 
7feccc146000-7feccc14a000 r--p 00000000 00:1ba 56348136556               /inspire/hdd/project/multi-agent/zhangweinan-24046/PA/envs/personal/lib/python3.10/site-packages/scipy/interpolate/_rbfinterp_pythran.cpython-310-x86_64-linux-gnu.so
7feccc14a000-7feccc175000 r-xp 00004000 00:1ba 56348136556               /inspire/hdd/project/multi-agent/zhangweinan-24046/PA/envs/personal/lib/python3.10/site-packages/scipy/interpolate/_rbfinterp_pythran.cpython-310-x86_64-linux-gnu.so
7feccc175000-7feccc17b000 r--p 0002f000 00:1ba 56348136556               /inspire/hdd/project/multi-agent/zhangweinan-24046/PA/envs/personal/lib/python3.10/site-packages/scipy/interpolate/_rbfinterp_pythran.cpython-310-x86_64-linux-gnu.so
7feccc17b000-7feccc17c000 r--p 00034000 00:1ba 56348136556               /inspire/hdd/project/multi-agent/zhangweinan-24046/PA/envs/personal/lib/python3.10/site-packages/scipy/interpolate/_rbfinterp_pythran.cpython-310-x86_64-linux-gnu.so
7feccc17c000-7feccc17d000 rw-p 00035000 00:1ba 56348136556               /inspire/hdd/project/multi-agent/zhangweinan-24046/PA/envs/personal/lib/python3.10/site-packages/scipy/interpolate/_rbfinterp_pythran.cpython-310-x86_64-linux-gnu.so
7feccc17d000-7feccc183000 r--p 00000000 00:1ba 56348136567               /inspire/hdd/project/multi-agent/zhangweinan-24046/PA/envs/personal/lib/python3.10/site-packages/scipy/interpolate/_interpnd.cpython-310-x86_64-linux-gnu.so
7feccc183000-7feccc1d3000 r-xp 00006000 00:1ba 56348136567               /inspire/hdd/project/multi-agent/zhangweinan-24046/PA/envs/personal/lib/python3.10/site-packages/scipy/interpolate/_interpnd.cpython-310-x86_64-linux-gnu.so
7feccc1d3000-7feccc1df000 r--p 00056000 00:1ba 56348136567               /inspire/hdd/project/multi-agent/zhangweinan-24046/PA/envs/personal/lib/python3.10/site-packages/scipy/interpolate/_interpnd.cpython-310-x86_64-linux-gnu.so
7feccc1df000-7feccc1e0000 r--p 00061000 00:1ba 56348136567               /inspire/hdd/project/multi-agent/zhangweinan-24046/PA/envs/personal/lib/python3.10/site-packages/scipy/interpolate/_interpnd.cpython-310-x86_64-linux-gnu.so
7feccc1e0000-7feccc1e3000 rw-p 00062000 00:1ba 56348136567               /inspire/hdd/project/multi-agent/zhangweinan-24046/PA/envs/personal/lib/python3.10/site-packages/scipy/interpolate/_interpnd.cpython-310-x86_64-linux-gnu.so
7feccc1e3000-7feccc1e4000 rw-p 00000000 00:00 0 
7feccc1e4000-7feccc1e9000 r--p 00000000 00:1ba 56348136497               /inspire/hdd/project/multi-agent/zhangweinan-24046/PA/envs/personal/lib/python3.10/site-packages/scipy/interpolate/_ppoly.cpython-310-x86_64-linux-gnu.so
7feccc1e9000-7feccc23f000 r-xp 00005000 00:1ba 56348136497               /inspire/hdd/project/multi-agent/zhangweinan-24046/PA/envs/personal/lib/python3.10/site-packages/scipy/interpolate/_ppoly.cpython-310-x86_64-linux-gnu.so
7feccc23f000-7feccc24a000 r--p 0005b000 00:1ba 56348136497               /inspire/hdd/project/multi-agent/zhangweinan-24046/PA/envs/personal/lib/python3.10/site-packages/scipy/interpolate/_ppoly.cpython-310-x86_64-linux-gnu.so
7feccc24a000-7feccc24b000 r--p 00065000 00:1ba 56348136497               /inspire/hdd/project/multi-agent/zhangweinan-24046/PA/envs/personal/lib/python3.10/site-packages/scipy/interpolate/_ppoly.cpython-310-x86_64-linux-gnu.so
7feccc24b000-7feccc24d000 rw-p 00066000 00:1ba 56348136497               /inspire/hdd/project/multi-agent/zhangweinan-24046/PA/envs/personal/lib/python3.10/site-packages/scipy/interpolate/_ppoly.cpython-310-x86_64-linux-gnu.so
7feccc24d000-7feccc24e000 rw-p 00000000 00:00 0 
7feccc24e000-7feccc251000 r--p 00000000 00:1ba 56348136553               /inspire/hdd/project/multi-agent/zhangweinan-24046/PA/envs/personal/lib/python3.10/site-packages/scipy/interpolate/_dierckx.cpython-310-x86_64-linux-gnu.so
7feccc251000-7feccc25d000 r-xp 00003000 00:1ba 56348136553               /inspire/hdd/project/multi-agent/zhangweinan-24046/PA/envs/personal/lib/python3.10/site-packages/scipy/interpolate/_dierckx.cpython-310-x86_64-linux-gnu.so
7feccc25d000-7feccc262000 r--p 0000f000 00:1ba 56348136553               /inspire/hdd/project/multi-agent/zhangweinan-24046/PA/envs/personal/lib/python3.10/site-packages/scipy/interpolate/_dierckx.cpython-310-x86_64-linux-gnu.so
7feccc262000-7feccc263000 r--p 00013000 00:1ba 56348136553               /inspire/hdd/project/multi-agent/zhangweinan-24046/PA/envs/personal/lib/python3.10/site-packages/scipy/interpolate/_dierckx.cpython-310-x86_64-linux-gnu.so
7feccc263000-7feccc265000 rw-p 00014000 00:1ba 56348136553               /inspire/hdd/project/multi-agent/zhangweinan-24046/PA/envs/personal/lib/python3.10/site-packages/scipy/interpolate/_dierckx.cpython-310-x86_64-linux-gnu.so
7feccc265000-7feccc267000 rw-p 00020000 00:1ba 56348136553               /inspire/hdd/project/multi-agent/zhangweinan-24046/PA/envs/personal/lib/python3.10/site-packages/scipy/interpolate/_dierckx.cpython-310-x86_64-linux-gnu.so
7feccc267000-7feccc268000 rw-p 00022000 00:1ba 56348136553               /inspire/hdd/project/multi-agent/zhangweinan-24046/PA/envs/personal/lib/python3.10/site-packages/scipy/interpolate/_dierckx.cpython-310-x86_64-linux-gnu.so
7feccc268000-7feccc26c000 r--p 00000000 00:1ba 56348136559               /inspire/hdd/project/multi-agent/zhangweinan-24046/PA/envs/personal/lib/python3.10/site-packages/scipy/interpolate/_dfitpack.cpython-310-x86_64-linux-gnu.so
7feccc26c000-7feccc2a2000 r-xp 00004000 00:1ba 56348136559               /inspire/hdd/project/multi-agent/zhangweinan-24046/PA/envs/personal/lib/python3.10/site-packages/scipy/interpolate/_dfitpack.cpython-310-x86_64-linux-gnu.so
7feccc2a2000-7feccc2ae000 r--p 0003a000 00:1ba 56348136559               /inspire/hdd/project/multi-agent/zhangweinan-24046/PA/envs/personal/lib/python3.10/site-packages/scipy/interpolate/_dfitpack.cpython-310-x86_64-linux-gnu.so
7feccc2ae000-7feccc2af000 ---p 00046000 00:1ba 56348136559               /inspire/hdd/project/multi-agent/zhangweinan-24046/PA/envs/personal/lib/python3.10/site-packages/scipy/interpolate/_dfitpack.cpython-310-x86_64-linux-gnu.so
7feccc2af000-7feccc2b0000 r--p 00046000 00:1ba 56348136559               /inspire/hdd/project/multi-agent/zhangweinan-24046/PA/envs/personal/lib/python3.10/site-packages/scipy/interpolate/_dfitpack.cpython-310-x86_64-linux-gnu.so
7feccc2b0000-7feccc2b8000 rw-p 00047000 00:1ba 56348136559               /inspire/hdd/project/multi-agent/zhangweinan-24046/PA/envs/personal/lib/python3.10/site-packages/scipy/interpolate/_dfitpack.cpython-310-x86_64-linux-gnu.so
7feccc2b8000-7feccc2ba000 rw-p 00052000 00:1ba 56348136559               /inspire/hdd/project/multi-agent/zhangweinan-24046/PA/envs/personal/lib/python3.10/site-packages/scipy/interpolate/_dfitpack.cpython-310-x86_64-linux-gnu.so
7feccc2ba000-7feccc2bb000 rw-p 00054000 00:1ba 56348136559               /inspire/hdd/project/multi-agent/zhangweinan-24046/PA/envs/personal/lib/python3.10/site-packages/scipy/interpolate/_dfitpack.cpython-310-x86_64-linux-gnu.so
7feccc2bb000-7feccc2bc000 r--p 00000000 00:1ba 56348136546               /inspire/hdd/project/multi-agent/zhangweinan-24046/PA/envs/personal/lib/python3.10/site-packages/scipy/interpolate/_fitpack.cpython-310-x86_64-linux-gnu.so
7feccc2bc000-7feccc2cc000 r-xp 00001000 00:1ba 56348136546               /inspire/hdd/project/multi-agent/zhangweinan-24046/PA/envs/personal/lib/python3.10/site-packages/scipy/interpolate/_fitpack.cpython-310-x86_64-linux-gnu.so
7feccc2cc000-7feccc2ce000 r--p 00011000 00:1ba 56348136546               /inspire/hdd/project/multi-agent/zhangweinan-24046/PA/envs/personal/lib/python3.10/site-packages/scipy/interpolate/_fitpack.cpython-310-x86_64-linux-gnu.so
7feccc2ce000-7feccc2cf000 r--p 00012000 00:1ba 56348136546               /inspire/hdd/project/multi-agent/zhangweinan-24046/PA/envs/personal/lib/python3.10/site-packages/scipy/interpolate/_fitpack.cpython-310-x86_64-linux-gnu.so
7feccc2cf000-7feccc2d0000 rw-p 00013000 00:1ba 56348136546               /inspire/hdd/project/multi-agent/zhangweinan-24046/PA/envs/personal/lib/python3.10/site-packages/scipy/interpolate/_fitpack.cpython-310-x86_64-linux-gnu.so
7feccc2d0000-7feccc2d1000 rw-p 00015000 00:1ba 56348136546               /inspire/hdd/project/multi-agent/zhangweinan-24046/PA/envs/personal/lib/python3.10/site-packages/scipy/interpolate/_fitpack.cpython-310-x86_64-linux-gnu.so
7feccc2d1000-7feccc2d2000 rw-p 00016000 00:1ba 56348136546               /inspire/hdd/project/multi-agent/zhangweinan-24046/PA/envs/personal/lib/python3.10/site-packages/scipy/interpolate/_fitpack.cpython-310-x86_64-linux-gnu.so
7feccc2d2000-7feccc3d2000 rw-p 00000000 00:00 0 
7feccc3d2000-7feccc3ee000 r--p 00000000 00:1ba 56350005081               /inspire/hdd/project/multi-agent/zhangweinan-24046/PA/envs/personal/lib/python3.10/site-packages/scipy/integrate/_lsoda.cpython-310-x86_64-linux-gnu.so
7feccc3ee000-7feccc409000 r-xp 0001c000 00:1ba 56350005081               /inspire/hdd/project/multi-agent/zhangweinan-24046/PA/envs/personal/lib/python3.10/site-packages/scipy/integrate/_lsoda.cpython-310-x86_64-linux-gnu.so
7feccc409000-7feccc418000 r--p 00037000 00:1ba 56350005081               /inspire/hdd/project/multi-agent/zhangweinan-24046/PA/envs/personal/lib/python3.10/site-packages/scipy/integrate/_lsoda.cpython-310-x86_64-linux-gnu.so
7feccc418000-7feccc419000 ---p 00046000 00:1ba 56350005081               /inspire/hdd/project/multi-agent/zhangweinan-24046/PA/envs/personal/lib/python3.10/site-packages/scipy/integrate/_lsoda.cpython-310-x86_64-linux-gnu.so
7feccc419000-7feccc41a000 r--p 00046000 00:1ba 56350005081               /inspire/hdd/project/multi-agent/zhangweinan-24046/PA/envs/personal/lib/python3.10/site-packages/scipy/integrate/_lsoda.cpython-310-x86_64-linux-gnu.so
7feccc41a000-7feccc41f000 rw-p 00047000 00:1ba 56350005081               /inspire/hdd/project/multi-agent/zhangweinan-24046/PA/envs/personal/lib/python3.10/site-packages/scipy/integrate/_lsoda.cpython-310-x86_64-linux-gnu.so
7feccc41f000-7feccc430000 rw-p 00067000 00:1ba 56350005081               /inspire/hdd/project/multi-agent/zhangweinan-24046/PA/envs/personal/lib/python3.10/site-packages/scipy/integrate/_lsoda.cpython-310-x86_64-linux-gnu.so
7feccc430000-7feccc437000 rw-p 00078000 00:1ba 56350005081               /inspire/hdd/project/multi-agent/zhangweinan-24046/PA/envs/personal/lib/python3.10/site-packages/scipy/integrate/_lsoda.cpython-310-x86_64-linux-gnu.so
7feccc437000-7feccc43a000 r--p 00000000 00:1ba 56350005061               /inspire/hdd/project/multi-agent/zhangweinan-24046/PA/envs/personal/lib/python3.10/site-packages/scipy/integrate/_dop.cpython-310-x86_64-linux-gnu.so
7feccc43a000-7feccc448000 r-xp 00003000 00:1ba 56350005061               /inspire/hdd/project/multi-agent/zhangweinan-24046/PA/envs/personal/lib/python3.10/site-packages/scipy/integrate/_dop.cpython-310-x86_64-linux-gnu.so
7feccc448000-7feccc44c000 r--p 00011000 00:1ba 56350005061               /inspire/hdd/project/multi-agent/zhangweinan-24046/PA/envs/personal/lib/python3.10/site-packages/scipy/integrate/_dop.cpython-310-x86_64-linux-gnu.so
7feccc44c000-7feccc44d000 r--p 00014000 00:1ba 56350005061               /inspire/hdd/project/multi-agent/zhangweinan-24046/PA/envs/personal/lib/python3.10/site-packages/scipy/integrate/_dop.cpython-310-x86_64-linux-gnu.so
7feccc44d000-7feccc44f000 rw-p 00015000 00:1ba 56350005061               /inspire/hdd/project/multi-agent/zhangweinan-24046/PA/envs/personal/lib/python3.10/site-packages/scipy/integrate/_dop.cpython-310-x86_64-linux-gnu.so
7feccc44f000-7feccc451000 rw-p 0001a000 00:1ba 56350005061               /inspire/hdd/project/multi-agent/zhangweinan-24046/PA/envs/personal/lib/python3.10/site-packages/scipy/integrate/_dop.cpython-310-x86_64-linux-gnu.so
7feccc451000-7feccc452000 rw-p 0001c000 00:1ba 56350005061               /inspire/hdd/project/multi-agent/zhangweinan-24046/PA/envs/personal/lib/python3.10/site-packages/scipy/integrate/_dop.cpython-310-x86_64-linux-gnu.so
7feccc452000-7feccc46e000 r--p 00000000 00:1ba 56350005060               /inspire/hdd/project/multi-agent/zhangweinan-24046/PA/envs/personal/lib/python3.10/site-packages/scipy/integrate/_vode.cpython-310-x86_64-linux-gnu.so
7feccc46e000-7feccc493000 r-xp 0001c000 00:1ba 56350005060               /inspire/hdd/project/multi-agent/zhangweinan-24046/PA/envs/personal/lib/python3.10/site-packages/scipy/integrate/_vode.cpython-310-x86_64-linux-gnu.so
7feccc493000-7feccc4a4000 r--p 00041000 00:1ba 56350005060               /inspire/hdd/project/multi-agent/zhangweinan-24046/PA/envs/personal/lib/python3.10/site-packages/scipy/integrate/_vode.cpython-310-x86_64-linux-gnu.so
7feccc4a4000-7feccc4a5000 r--p 00051000 00:1ba 56350005060               /inspire/hdd/project/multi-agent/zhangweinan-24046/PA/envs/personal/lib/python3.10/site-packages/scipy/integrate/_vode.cpython-310-x86_64-linux-gnu.so
7feccc4a5000-7feccc4aa000 rw-p 00052000 00:1ba 56350005060               /inspire/hdd/project/multi-agent/zhangweinan-24046/PA/envs/personal/lib/python3.10/site-packages/scipy/integrate/_vode.cpython-310-x86_64-linux-gnu.so
7feccc4aa000-7feccc4bb000 rw-p 00073000 00:1ba 56350005060               /inspire/hdd/project/multi-agent/zhangweinan-24046/PA/envs/personal/lib/python3.10/site-packages/scipy/integrate/_vode.cpython-310-x86_64-linux-gnu.so
7feccc4bb000-7feccc4c2000 rw-p 00084000 00:1ba 56350005060               /inspire/hdd/project/multi-agent/zhangweinan-24046/PA/envs/personal/lib/python3.10/site-packages/scipy/integrate/_vode.cpython-310-x86_64-linux-gnu.so
7feccc4c2000-7feccc4c4000 r--p 00000000 00:1ba 56350005085               /inspire/hdd/project/multi-agent/zhangweinan-24046/PA/envs/personal/lib/python3.10/site-packages/scipy/integrate/_quadpack.cpython-310-x86_64-linux-gnu.so
7feccc4c4000-7feccc4d8000 r-xp 00002000 00:1ba 56350005085               /inspire/hdd/project/multi-agent/zhangweinan-24046/PA/envs/personal/lib/python3.10/site-packages/scipy/integrate/_quadpack.cpython-310-x86_64-linux-gnu.so
7feccc4d8000-7feccc4db000 r--p 00016000 00:1ba 56350005085               /inspire/hdd/project/multi-agent/zhangweinan-24046/PA/envs/personal/lib/python3.10/site-packages/scipy/integrate/_quadpack.cpython-310-x86_64-linux-gnu.so
7feccc4db000-7feccc4dc000 r--p 00018000 00:1ba 56350005085               /inspire/hdd/project/multi-agent/zhangweinan-24046/PA/envs/personal/lib/python3.10/site-packages/scipy/integrate/_quadpack.cpython-310-x86_64-linux-gnu.so
7feccc4dc000-7feccc4dd000 rw-p 00019000 00:1ba 56350005085               /inspire/hdd/project/multi-agent/zhangweinan-24046/PA/envs/personal/lib/python3.10/site-packages/scipy/integrate/_quadpack.cpython-310-x86_64-linux-gnu.so
7feccc4dd000-7feccc4f8000 r--p 00000000 00:1ba 56350005075               /inspire/hdd/project/multi-agent/zhangweinan-24046/PA/envs/personal/lib/python3.10/site-packages/scipy/integrate/_odepack.cpython-310-x86_64-linux-gnu.so
7feccc4f8000-7feccc510000 r-xp 0001b000 00:1ba 56350005075               /inspire/hdd/project/multi-agent/zhangweinan-24046/PA/envs/personal/lib/python3.10/site-packages/scipy/integrate/_odepack.cpython-310-x86_64-linux-gnu.so
7feccc510000-7feccc51e000 r--p 00033000 00:1ba 56350005075               /inspire/hdd/project/multi-agent/zhangweinan-24046/PA/envs/personal/lib/python3.10/site-packages/scipy/integrate/_odepack.cpython-310-x86_64-linux-gnu.so
7feccc51e000-7feccc51f000 r--p 00040000 00:1ba 56350005075               /inspire/hdd/project/multi-agent/zhangweinan-24046/PA/envs/personal/lib/python3.10/site-packages/scipy/integrate/_odepack.cpython-310-x86_64-linux-gnu.so
7feccc51f000-7feccc523000 rw-p 00041000 00:1ba 56350005075               /inspire/hdd/project/multi-agent/zhangweinan-24046/PA/envs/personal/lib/python3.10/site-packages/scipy/integrate/_odepack.cpython-310-x86_64-linux-gnu.so
7feccc523000-7feccc524000 rw-p 00000000 00:00 0 
7feccc524000-7feccc534000 rw-p 0005f000 00:1ba 56350005075               /inspire/hdd/project/multi-agent/zhangweinan-24046/PA/envs/personal/lib/python3.10/site-packages/scipy/integrate/_odepack.cpython-310-x86_64-linux-gnu.so
7feccc534000-7feccc53a000 rw-p 0006f000 00:1ba 56350005075               /inspire/hdd/project/multi-agent/zhangweinan-24046/PA/envs/personal/lib/python3.10/site-packages/scipy/integrate/_odepack.cpython-310-x86_64-linux-gnu.so
7feccc53a000-7feccc63a000 rw-p 00000000 00:00 0 
7feccc63a000-7feccc63f000 r--p 00000000 00:1ba 60999087175               /inspire/hdd/project/multi-agent/zhangweinan-24046/PA/envs/personal/lib/python3.10/site-packages/scipy/optimize/_pava_pybind.cpython-310-x86_64-linux-gnu.so
7feccc63f000-7feccc658000 r-xp 00005000 00:1ba 60999087175               /inspire/hdd/project/multi-agent/zhangweinan-24046/PA/envs/personal/lib/python3.10/site-packages/scipy/optimize/_pava_pybind.cpython-310-x86_64-linux-gnu.so
7feccc658000-7feccc661000 r--p 0001e000 00:1ba 60999087175               /inspire/hdd/project/multi-agent/zhangweinan-24046/PA/envs/personal/lib/python3.10/site-packages/scipy/optimize/_pava_pybind.cpython-310-x86_64-linux-gnu.so
7feccc661000-7feccc662000 r--p 00026000 00:1ba 60999087175               /inspire/hdd/project/multi-agent/zhangweinan-24046/PA/envs/personal/lib/python3.10/site-packages/scipy/optimize/_pava_pybind.cpython-310-x86_64-linux-gnu.so
7feccc662000-7feccc663000 rw-p 00027000 00:1ba 60999087175               /inspire/hdd/project/multi-agent/zhangweinan-24046/PA/envs/personal/lib/python3.10/site-packages/scipy/optimize/_pava_pybind.cpython-310-x86_64-linux-gnu.so
7feccc663000-7feccc669000 r--p 00000000 00:1ba 60999087198               /inspire/hdd/project/multi-agent/zhangweinan-24046/PA/envs/personal/lib/python3.10/site-packages/scipy/optimize/_bglu_dense.cpython-310-x86_64-linux-gnu.so
7feccc669000-7feccc6a4000 r-xp 00006000 00:1ba 60999087198               /inspire/hdd/project/multi-agent/zhangweinan-24046/PA/envs/personal/lib/python3.10/site-packages/scipy/optimize/_bglu_dense.cpython-310-x86_64-linux-gnu.so
7feccc6a4000-7feccc6ae000 r--p 00041000 00:1ba 60999087198               /inspire/hdd/project/multi-agent/zhangweinan-24046/PA/envs/personal/lib/python3.10/site-packages/scipy/optimize/_bglu_dense.cpython-310-x86_64-linux-gnu.so
7feccc6ae000-7feccc6af000 ---p 0004b000 00:1ba 60999087198               /inspire/hdd/project/multi-agent/zhangweinan-24046/PA/envs/personal/lib/python3.10/site-packages/scipy/optimize/_bglu_dense.cpython-310-x86_64-linux-gnu.so
7feccc6af000-7feccc6b0000 r--p 0004b000 00:1ba 60999087198               /inspire/hdd/project/multi-agent/zhangweinan-24046/PA/envs/personal/lib/python3.10/site-packages/scipy/optimize/_bglu_dense.cpython-310-x86_64-linux-gnu.so
7feccc6b0000-7feccc6b3000 rw-p 0004c000 00:1ba 60999087198               /inspire/hdd/project/multi-agent/zhangweinan-24046/PA/envs/personal/lib/python3.10/site-packages/scipy/optimize/_bglu_dense.cpython-310-x86_64-linux-gnu.so
7feccc6b3000-7feccc6b4000 rw-p 00000000 00:00 0 
7feccc6b4000-7feccc6bb000 r--p 00000000 00:1ba 60739800696               /inspire/hdd/project/multi-agent/zhangweinan-24046/PA/envs/personal/lib/python3.10/site-packages/scipy/fft/_pocketfft/pypocketfft.cpython-310-x86_64-linux-gnu.so
7feccc6bb000-7feccc794000 r-xp 00007000 00:1ba 60739800696               /inspire/hdd/project/multi-agent/zhangweinan-24046/PA/envs/personal/lib/python3.10/site-packages/scipy/fft/_pocketfft/pypocketfft.cpython-310-x86_64-linux-gnu.so
7feccc794000-7feccc7ae000 r--p 000e0000 00:1ba 60739800696               /inspire/hdd/project/multi-agent/zhangweinan-24046/PA/envs/personal/lib/python3.10/site-packages/scipy/fft/_pocketfft/pypocketfft.cpython-310-x86_64-linux-gnu.so
7feccc7ae000-7feccc7af000 ---p 000fa000 00:1ba 60739800696               /inspire/hdd/project/multi-agent/zhangweinan-24046/PA/envs/personal/lib/python3.10/site-packages/scipy/fft/_pocketfft/pypocketfft.cpython-310-x86_64-linux-gnu.so
7feccc7af000-7feccc7b0000 r--p 000fa000 00:1ba 60739800696               /inspire/hdd/project/multi-agent/zhangweinan-24046/PA/envs/personal/lib/python3.10/site-packages/scipy/fft/_pocketfft/pypocketfft.cpython-310-x86_64-linux-gnu.so
7feccc7b0000-7feccc7b1000 rw-p 000fb000 00:1ba 60739800696               /inspire/hdd/project/multi-agent/zhangweinan-24046/PA/envs/personal/lib/python3.10/site-packages/scipy/fft/_pocketfft/pypocketfft.cpython-310-x86_64-linux-gnu.so
7feccc7b1000-7feccc7b3000 rw-p 00000000 00:00 0 
7feccc7b3000-7feccc7b7000 r--p 00000000 00:1ba 44801089707               /inspire/hdd/project/multi-agent/zhangweinan-24046/PA/envs/personal/lib/python3.10/site-packages/scipy/_lib/_uarray/_uarray.cpython-310-x86_64-linux-gnu.so
7feccc7b7000-7feccc7ca000 r-xp 00004000 00:1ba 44801089707               /inspire/hdd/project/multi-agent/zhangweinan-24046/PA/envs/personal/lib/python3.10/site-packages/scipy/_lib/_uarray/_uarray.cpython-310-x86_64-linux-gnu.so
7feccc7ca000-7feccc7d0000 r--p 00017000 00:1ba 44801089707               /inspire/hdd/project/multi-agent/zhangweinan-24046/PA/envs/personal/lib/python3.10/site-packages/scipy/_lib/_uarray/_uarray.cpython-310-x86_64-linux-gnu.so
7feccc7d0000-7feccc7d1000 r--p 0001c000 00:1ba 44801089707               /inspire/hdd/project/multi-agent/zhangweinan-24046/PA/envs/personal/lib/python3.10/site-packages/scipy/_lib/_uarray/_uarray.cpython-310-x86_64-linux-gnu.so
7feccc7d1000-7feccc7d2000 rw-p 0001d000 00:1ba 44801089707               /inspire/hdd/project/multi-agent/zhangweinan-24046/PA/envs/personal/lib/python3.10/site-packages/scipy/_lib/_uarray/_uarray.cpython-310-x86_64-linux-gnu.so
7feccc7d2000-7feccc7d7000 r--p 00000000 00:1ba 61000955657               /inspire/hdd/project/multi-agent/zhangweinan-24046/PA/envs/personal/lib/python3.10/site-packages/scipy/linalg/_decomp_interpolative.cpython-310-x86_64-linux-gnu.so
7feccc7d7000-7feccc8b4000 r-xp 00005000 00:1ba 61000955657               /inspire/hdd/project/multi-agent/zhangweinan-24046/PA/envs/personal/lib/python3.10/site-packages/scipy/linalg/_decomp_interpolative.cpython-310-x86_64-linux-gnu.so
7feccc8b4000-7feccc8c1000 r--p 000e2000 00:1ba 61000955657               /inspire/hdd/project/multi-agent/zhangweinan-24046/PA/envs/personal/lib/python3.10/site-packages/scipy/linalg/_decomp_interpolative.cpython-310-x86_64-linux-gnu.so
7feccc8c1000-7feccc8c2000 r--p 000ee000 00:1ba 61000955657               /inspire/hdd/project/multi-agent/zhangweinan-24046/PA/envs/personal/lib/python3.10/site-packages/scipy/linalg/_decomp_interpolative.cpython-310-x86_64-linux-gnu.so
7feccc8c2000-7feccc8c4000 rw-p 000ef000 00:1ba 61000955657               /inspire/hdd/project/multi-agent/zhangweinan-24046/PA/envs/personal/lib/python3.10/site-packages/scipy/linalg/_decomp_interpolative.cpython-310-x86_64-linux-gnu.so
7feccc8c4000-7feccc8c6000 rw-p 00000000 00:00 0 
7feccc8c6000-7feccc8cc000 r--p 00000000 00:1ba 56350005234               /inspire/hdd/project/multi-agent/zhangweinan-24046/PA/envs/personal/lib/python3.10/site-packages/scipy/optimize/_highspy/_highs_options.cpython-310-x86_64-linux-gnu.so
7feccc8cc000-7feccc901000 r-xp 00006000 00:1ba 56350005234               /inspire/hdd/project/multi-agent/zhangweinan-24046/PA/envs/personal/lib/python3.10/site-packages/scipy/optimize/_highspy/_highs_options.cpython-310-x86_64-linux-gnu.so
7feccc901000-7feccc912000 r--p 0003b000 00:1ba 56350005234               /inspire/hdd/project/multi-agent/zhangweinan-24046/PA/envs/personal/lib/python3.10/site-packages/scipy/optimize/_highspy/_highs_options.cpython-310-x86_64-linux-gnu.so
7feccc912000-7feccc913000 r--p 0004b000 00:1ba 56350005234               /inspire/hdd/project/multi-agent/zhangweinan-24046/PA/envs/personal/lib/python3.10/site-packages/scipy/optimize/_highspy/_highs_options.cpython-310-x86_64-linux-gnu.so
7feccc913000-7feccc914000 rw-p 0004c000 00:1ba 56350005234               /inspire/hdd/project/multi-agent/zhangweinan-24046/PA/envs/personal/lib/python3.10/site-packages/scipy/optimize/_highspy/_highs_options.cpython-310-x86_64-linux-gnu.so
7feccc914000-7feccca14000 rw-p 00000000 00:00 0 
7feccca14000-7feccca26000 r--p 00000000 00:1ba 56350005239               /inspire/hdd/project/multi-agent/zhangweinan-24046/PA/envs/personal/lib/python3.10/site-packages/scipy/optimize/_highspy/_core.cpython-310-x86_64-linux-gnu.so
7feccca26000-7feccce13000 r-xp 00012000 00:1ba 56350005239               /inspire/hdd/project/multi-agent/zhangweinan-24046/PA/envs/personal/lib/python3.10/site-packages/scipy/optimize/_highspy/_core.cpython-310-x86_64-linux-gnu.so
7feccce13000-7feccceb4000 r--p 003ff000 00:1ba 56350005239               /inspire/hdd/project/multi-agent/zhangweinan-24046/PA/envs/personal/lib/python3.10/site-packages/scipy/optimize/_highspy/_core.cpython-310-x86_64-linux-gnu.so
7feccceb4000-7feccceb9000 r--p 0049f000 00:1ba 56350005239               /inspire/hdd/project/multi-agent/zhangweinan-24046/PA/envs/personal/lib/python3.10/site-packages/scipy/optimize/_highspy/_core.cpython-310-x86_64-linux-gnu.so
7feccceb9000-7feccceba000 rw-p 004a4000 00:1ba 56350005239               /inspire/hdd/project/multi-agent/zhangweinan-24046/PA/envs/personal/lib/python3.10/site-packages/scipy/optimize/_highspy/_core.cpython-310-x86_64-linux-gnu.so
7feccceba000-7fecccebf000 rw-p 00000000 00:00 0 
7fecccebf000-7fecccec2000 r--p 00000000 00:1ba 60999087286               /inspire/hdd/project/multi-agent/zhangweinan-24046/PA/envs/personal/lib/python3.10/site-packages/scipy/optimize/_cython_nnls.cpython-310-x86_64-linux-gnu.so
7fecccec2000-7feccced4000 r-xp 00003000 00:1ba 60999087286               /inspire/hdd/project/multi-agent/zhangweinan-24046/PA/envs/personal/lib/python3.10/site-packages/scipy/optimize/_cython_nnls.cpython-310-x86_64-linux-gnu.so
7feccced4000-7feccced8000 r--p 00015000 00:1ba 60999087286               /inspire/hdd/project/multi-agent/zhangweinan-24046/PA/envs/personal/lib/python3.10/site-packages/scipy/optimize/_cython_nnls.cpython-310-x86_64-linux-gnu.so
7feccced8000-7feccced9000 r--p 00018000 00:1ba 60999087286               /inspire/hdd/project/multi-agent/zhangweinan-24046/PA/envs/personal/lib/python3.10/site-packages/scipy/optimize/_cython_nnls.cpython-310-x86_64-linux-gnu.so
7feccced9000-7feccceda000 rw-p 00019000 00:1ba 60999087286               /inspire/hdd/project/multi-agent/zhangweinan-24046/PA/envs/personal/lib/python3.10/site-packages/scipy/optimize/_cython_nnls.cpython-310-x86_64-linux-gnu.so
7feccceda000-7fecccedf000 r--p 00000000 00:1ba 60741669281               /inspire/hdd/project/multi-agent/zhangweinan-24046/PA/envs/personal/lib/python3.10/site-packages/scipy/optimize/_lsq/givens_elimination.cpython-310-x86_64-linux-gnu.so
7fecccedf000-7fecccf02000 r-xp 00005000 00:1ba 60741669281               /inspire/hdd/project/multi-agent/zhangweinan-24046/PA/envs/personal/lib/python3.10/site-packages/scipy/optimize/_lsq/givens_elimination.cpython-310-x86_64-linux-gnu.so
7fecccf02000-7fecccf09000 r--p 00028000 00:1ba 60741669281               /inspire/hdd/project/multi-agent/zhangweinan-24046/PA/envs/personal/lib/python3.10/site-packages/scipy/optimize/_lsq/givens_elimination.cpython-310-x86_64-linux-gnu.so
7fecccf09000-7fecccf0a000 ---p 0002f000 00:1ba 60741669281               /inspire/hdd/project/multi-agent/zhangweinan-24046/PA/envs/personal/lib/python3.10/site-packages/scipy/optimize/_lsq/givens_elimination.cpython-310-x86_64-linux-gnu.so
7fecccf0a000-7fecccf0b000 r--p 0002f000 00:1ba 60741669281               /inspire/hdd/project/multi-agent/zhangweinan-24046/PA/envs/personal/lib/python3.10/site-packages/scipy/optimize/_lsq/givens_elimination.cpython-310-x86_64-linux-gnu.so
7fecccf0b000-7fecccf0d000 rw-p 00030000 00:1ba 60741669281               /inspire/hdd/project/multi-agent/zhangweinan-24046/PA/envs/personal/lib/python3.10/site-packages/scipy/optimize/_lsq/givens_elimination.cpython-310-x86_64-linux-gnu.so
7fecccf0d000-7fecccf0f000 r--p 00000000 00:1ba 60999087283               /inspire/hdd/project/multi-agent/zhangweinan-24046/PA/envs/personal/lib/python3.10/site-packages/scipy/optimize/_minpack.cpython-310-x86_64-linux-gnu.so
7fecccf0f000-7fecccf21000 r-xp 00002000 00:1ba 60999087283               /inspire/hdd/project/multi-agent/zhangweinan-24046/PA/envs/personal/lib/python3.10/site-packages/scipy/optimize/_minpack.cpython-310-x86_64-linux-gnu.so
7fecccf21000-7fecccf23000 r--p 00014000 00:1ba 60999087283               /inspire/hdd/project/multi-agent/zhangweinan-24046/PA/envs/personal/lib/python3.10/site-packages/scipy/optimize/_minpack.cpython-310-x86_64-linux-gnu.so
7fecccf23000-7fecccf24000 r--p 00015000 00:1ba 60999087283               /inspire/hdd/project/multi-agent/zhangweinan-24046/PA/envs/personal/lib/python3.10/site-packages/scipy/optimize/_minpack.cpython-310-x86_64-linux-gnu.so
7fecccf24000-7fecccf25000 rw-p 00016000 00:1ba 60999087283               /inspire/hdd/project/multi-agent/zhangweinan-24046/PA/envs/personal/lib/python3.10/site-packages/scipy/optimize/_minpack.cpython-310-x86_64-linux-gnu.so
7fecccf25000-7fecccf27000 r--p 00000000 00:1ba 60999087164               /inspire/hdd/project/multi-agent/zhangweinan-24046/PA/envs/personal/lib/python3.10/site-packages/scipy/optimize/_slsqp.cpython-310-x86_64-linux-gnu.so
7fecccf27000-7fecccf34000 r-xp 00002000 00:1ba 60999087164               /inspire/hdd/project/multi-agent/zhangweinan-24046/PA/envs/personal/lib/python3.10/site-packages/scipy/optimize/_slsqp.cpython-310-x86_64-linux-gnu.so
7fecccf34000-7fecccf37000 r--p 0000f000 00:1ba 60999087164               /inspire/hdd/project/multi-agent/zhangweinan-24046/PA/envs/personal/lib/python3.10/site-packages/scipy/optimize/_slsqp.cpython-310-x86_64-linux-gnu.so
7fecccf37000-7fecccf38000 r--p 00011000 00:1ba 60999087164               /inspire/hdd/project/multi-agent/zhangweinan-24046/PA/envs/personal/lib/python3.10/site-packages/scipy/optimize/_slsqp.cpython-310-x86_64-linux-gnu.so
7fecccf38000-7fecccf39000 rw-p 00012000 00:1ba 60999087164               /inspire/hdd/project/multi-agent/zhangweinan-24046/PA/envs/personal/lib/python3.10/site-packages/scipy/optimize/_slsqp.cpython-310-x86_64-linux-gnu.so
7fecccf39000-7fecccf3b000 r--p 00000000 00:1ba 60999087173               /inspire/hdd/project/multi-agent/zhangweinan-24046/PA/envs/personal/lib/python3.10/site-packages/scipy/optimize/_cobyla.cpython-310-x86_64-linux-gnu.so
7fecccf3b000-7fecccf49000 r-xp 00002000 00:1ba 60999087173               /inspire/hdd/project/multi-agent/zhangweinan-24046/PA/envs/personal/lib/python3.10/site-packages/scipy/optimize/_cobyla.cpython-310-x86_64-linux-gnu.so
7fecccf49000-7fecccf4c000 r--p 00010000 00:1ba 60999087173               /inspire/hdd/project/multi-agent/zhangweinan-24046/PA/envs/personal/lib/python3.10/site-packages/scipy/optimize/_cobyla.cpython-310-x86_64-linux-gnu.so
7fecccf4c000-7fecccf4d000 r--p 00012000 00:1ba 60999087173               /inspire/hdd/project/multi-agent/zhangweinan-24046/PA/envs/personal/lib/python3.10/site-packages/scipy/optimize/_cobyla.cpython-310-x86_64-linux-gnu.so
7fecccf4d000-7fecccf4e000 rw-p 00013000 00:1ba 60999087173               /inspire/hdd/project/multi-agent/zhangweinan-24046/PA/envs/personal/lib/python3.10/site-packages/scipy/optimize/_cobyla.cpython-310-x86_64-linux-gnu.so
7fecccf4e000-7fecccf4f000 rw-p 00017000 00:1ba 60999087173               /inspire/hdd/project/multi-agent/zhangweinan-24046/PA/envs/personal/lib/python3.10/site-packages/scipy/optimize/_cobyla.cpython-310-x86_64-linux-gnu.so
7fecccf4f000-7fecccf50000 rw-p 00019000 00:1ba 60999087173               /inspire/hdd/project/multi-agent/zhangweinan-24046/PA/envs/personal/lib/python3.10/site-packages/scipy/optimize/_cobyla.cpython-310-x86_64-linux-gnu.so
7fecccf50000-7fecccf53000 r--p 00000000 00:1ba 60999087144               /inspire/hdd/project/multi-agent/zhangweinan-24046/PA/envs/personal/lib/python3.10/site-packages/scipy/optimize/_moduleTNC.cpython-310-x86_64-linux-gnu.so
7fecccf53000-7fecccf6c000 r-xp 00003000 00:1ba 60999087144               /inspire/hdd/project/multi-agent/zhangweinan-24046/PA/envs/personal/lib/python3.10/site-packages/scipy/optimize/_moduleTNC.cpython-310-x86_64-linux-gnu.so
7fecccf6c000-7fecccf70000 r--p 0001c000 00:1ba 60999087144               /inspire/hdd/project/multi-agent/zhangweinan-24046/PA/envs/personal/lib/python3.10/site-packages/scipy/optimize/_moduleTNC.cpython-310-x86_64-linux-gnu.so
7fecccf70000-7fecccf71000 r--p 0001f000 00:1ba 60999087144               /inspire/hdd/project/multi-agent/zhangweinan-24046/PA/envs/personal/lib/python3.10/site-packages/scipy/optimize/_moduleTNC.cpython-310-x86_64-linux-gnu.so
7fecccf71000-7fecccf72000 rw-p 00020000 00:1ba 60999087144               /inspire/hdd/project/multi-agent/zhangweinan-24046/PA/envs/personal/lib/python3.10/site-packages/scipy/optimize/_moduleTNC.cpython-310-x86_64-linux-gnu.so
7fecccf72000-7fecccf8d000 r--p 00000000 00:1ba 60999087174               /inspire/hdd/project/multi-agent/zhangweinan-24046/PA/envs/personal/lib/python3.10/site-packages/scipy/optimize/_lbfgsb.cpython-310-x86_64-linux-gnu.so
7fecccf8d000-7fecccfa2000 r-xp 0001b000 00:1ba 60999087174               /inspire/hdd/project/multi-agent/zhangweinan-24046/PA/envs/personal/lib/python3.10/site-packages/scipy/optimize/_lbfgsb.cpython-310-x86_64-linux-gnu.so
7fecccfa2000-7fecccfae000 r--p 00030000 00:1ba 60999087174               /inspire/hdd/project/multi-agent/zhangweinan-24046/PA/envs/personal/lib/python3.10/site-packages/scipy/optimize/_lbfgsb.cpython-310-x86_64-linux-gnu.so
7fecccfae000-7fecccfaf000 ---p 0003c000 00:1ba 60999087174               /inspire/hdd/project/multi-agent/zhangweinan-24046/PA/envs/personal/lib/python3.10/site-packages/scipy/optimize/_lbfgsb.cpython-310-x86_64-linux-gnu.so
7fecccfaf000-7fecccfb0000 r--p 0003c000 00:1ba 60999087174               /inspire/hdd/project/multi-agent/zhangweinan-24046/PA/envs/personal/lib/python3.10/site-packages/scipy/optimize/_lbfgsb.cpython-310-x86_64-linux-gnu.so
7fecccfb0000-7fecccfb4000 rw-p 0003d000 00:1ba 60999087174               /inspire/hdd/project/multi-agent/zhangweinan-24046/PA/envs/personal/lib/python3.10/site-packages/scipy/optimize/_lbfgsb.cpython-310-x86_64-linux-gnu.so
7fecccfb4000-7fecccfc4000 rw-p 0005b000 00:1ba 60999087174               /inspire/hdd/project/multi-agent/zhangweinan-24046/PA/envs/personal/lib/python3.10/site-packages/scipy/optimize/_lbfgsb.cpython-310-x86_64-linux-gnu.so
7fecccfc4000-7fecccfca000 rw-p 0006b000 00:1ba 60999087174               /inspire/hdd/project/multi-agent/zhangweinan-24046/PA/envs/personal/lib/python3.10/site-packages/scipy/optimize/_lbfgsb.cpython-310-x86_64-linux-gnu.so
7fecccfca000-7fecccfcf000 r--p 00000000 00:1ba 60741669215               /inspire/hdd/project/multi-agent/zhangweinan-24046/PA/envs/personal/lib/python3.10/site-packages/scipy/optimize/_trlib/_trlib.cpython-310-x86_64-linux-gnu.so
7fecccfcf000-7feccd00e000 r-xp 00005000 00:1ba 60741669215               /inspire/hdd/project/multi-agent/zhangweinan-24046/PA/envs/personal/lib/python3.10/site-packages/scipy/optimize/_trlib/_trlib.cpython-310-x86_64-linux-gnu.so
7feccd00e000-7feccd018000 r--p 00044000 00:1ba 60741669215               /inspire/hdd/project/multi-agent/zhangweinan-24046/PA/envs/personal/lib/python3.10/site-packages/scipy/optimize/_trlib/_trlib.cpython-310-x86_64-linux-gnu.so
7feccd018000-7feccd019000 r--p 0004d000 00:1ba 60741669215               /inspire/hdd/project/multi-agent/zhangweinan-24046/PA/envs/personal/lib/python3.10/site-packages/scipy/optimize/_trlib/_trlib.cpython-310-x86_64-linux-gnu.so
7feccd019000-7feccd01b000 rw-p 0004e000 00:1ba 60741669215               /inspire/hdd/project/multi-agent/zhangweinan-24046/PA/envs/personal/lib/python3.10/site-packages/scipy/optimize/_trlib/_trlib.cpython-310-x86_64-linux-gnu.so
7feccd01b000-7feccd01c000 rw-p 00000000 00:00 0 
7feccd01c000-7feccd01f000 rw-p 00059000 00:1ba 60741669215               /inspire/hdd/project/multi-agent/zhangweinan-24046/PA/envs/personal/lib/python3.10/site-packages/scipy/optimize/_trlib/_trlib.cpython-310-x86_64-linux-gnu.so
7feccd01f000-7feccd021000 rw-p 0005c000 00:1ba 60741669215               /inspire/hdd/project/multi-agent/zhangweinan-24046/PA/envs/personal/lib/python3.10/site-packages/scipy/optimize/_trlib/_trlib.cpython-310-x86_64-linux-gnu.so
7feccd021000-7feccd024000 r--p 00000000 00:1ba 60999087160               /inspire/hdd/project/multi-agent/zhangweinan-24046/PA/envs/personal/lib/python3.10/site-packages/scipy/optimize/_group_columns.cpython-310-x86_64-linux-gnu.so
7feccd024000-7feccd031000 r-xp 00003000 00:1ba 60999087160               /inspire/hdd/project/multi-agent/zhangweinan-24046/PA/envs/personal/lib/python3.10/site-packages/scipy/optimize/_group_columns.cpython-310-x86_64-linux-gnu.so
7feccd031000-7feccd034000 r--p 00010000 00:1ba 60999087160               /inspire/hdd/project/multi-agent/zhangweinan-24046/PA/envs/personal/lib/python3.10/site-packages/scipy/optimize/_group_columns.cpython-310-x86_64-linux-gnu.so
7feccd034000-7feccd035000 r--p 00012000 00:1ba 60999087160               /inspire/hdd/project/multi-agent/zhangweinan-24046/PA/envs/personal/lib/python3.10/site-packages/scipy/optimize/_group_columns.cpython-310-x86_64-linux-gnu.so
7feccd035000-7feccd036000 rw-p 00013000 00:1ba 60999087160               /inspire/hdd/project/multi-agent/zhangweinan-24046/PA/envs/personal/lib/python3.10/site-packages/scipy/optimize/_group_columns.cpython-310-x86_64-linux-gnu.so
7feccd036000-7feccd136000 rw-p 00000000 00:00 0 
7feccd136000-7feccd13d000 r--p 00000000 00:1ba 56350005056               /inspire/hdd/project/multi-agent/zhangweinan-24046/PA/envs/personal/lib/python3.10/site-packages/scipy/spatial/transform/_rotation.cpython-310-x86_64-linux-gnu.so
7feccd13d000-7feccd1e8000 r-xp 00007000 00:1ba 56350005056               /inspire/hdd/project/multi-agent/zhangweinan-24046/PA/envs/personal/lib/python3.10/site-packages/scipy/spatial/transform/_rotation.cpython-310-x86_64-linux-gnu.so
7feccd1e8000-7feccd21b000 r--p 000b2000 00:1ba 56350005056               /inspire/hdd/project/multi-agent/zhangweinan-24046/PA/envs/personal/lib/python3.10/site-packages/scipy/spatial/transform/_rotation.cpython-310-x86_64-linux-gnu.so
7feccd21b000-7feccd21c000 r--p 000e4000 00:1ba 56350005056               /inspire/hdd/project/multi-agent/zhangweinan-24046/PA/envs/personal/lib/python3.10/site-packages/scipy/spatial/transform/_rotation.cpython-310-x86_64-linux-gnu.so
7feccd21c000-7feccd220000 rw-p 000e5000 00:1ba 56350005056               /inspire/hdd/project/multi-agent/zhangweinan-24046/PA/envs/personal/lib/python3.10/site-packages/scipy/spatial/transform/_rotation.cpython-310-x86_64-linux-gnu.so
7feccd220000-7feccd222000 rw-p 00000000 00:00 0 
7feccd222000-7feccd228000 r--p 00000000 00:1ba 57159064896               /inspire/hdd/project/multi-agent/zhangweinan-24046/PA/envs/personal/lib/python3.10/site-packages/scipy/spatial/_distance_pybind.cpython-310-x86_64-linux-gnu.so
7feccd228000-7feccd28e000 r-xp 00006000 00:1ba 57159064896               /inspire/hdd/project/multi-agent/zhangweinan-24046/PA/envs/personal/lib/python3.10/site-packages/scipy/spatial/_distance_pybind.cpython-310-x86_64-linux-gnu.so
7feccd28e000-7feccd29f000 r--p 0006c000 00:1ba 57159064896               /inspire/hdd/project/multi-agent/zhangweinan-24046/PA/envs/personal/lib/python3.10/site-packages/scipy/spatial/_distance_pybind.cpython-310-x86_64-linux-gnu.so
7feccd29f000-7feccd2a0000 r--p 0007c000 00:1ba 57159064896               /inspire/hdd/project/multi-agent/zhangweinan-24046/PA/envs/personal/lib/python3.10/site-packages/scipy/spatial/_distance_pybind.cpython-310-x86_64-linux-gnu.so
7feccd2a0000-7feccd2a1000 rw-p 0007d000 00:1ba 57159064896               /inspire/hdd/project/multi-agent/zhangweinan-24046/PA/envs/personal/lib/python3.10/site-packages/scipy/spatial/_distance_pybind.cpython-310-x86_64-linux-gnu.so
7feccd2a1000-7feccd2a6000 r--p 00000000 00:1ba 57159064894               /inspire/hdd/project/multi-agent/zhangweinan-24046/PA/envs/personal/lib/python3.10/site-packages/scipy/spatial/_hausdorff.cpython-310-x86_64-linux-gnu.so
7feccd2a6000-7feccd2cd000 r-xp 00005000 00:1ba 57159064894               /inspire/hdd/project/multi-agent/zhangweinan-24046/PA/envs/personal/lib/python3.10/site-packages/scipy/spatial/_hausdorff.cpython-310-x86_64-linux-gnu.so
7feccd2cd000-7feccd2d4000 r--p 0002c000 00:1ba 57159064894               /inspire/hdd/project/multi-agent/zhangweinan-24046/PA/envs/personal/lib/python3.10/site-packages/scipy/spatial/_hausdorff.cpython-310-x86_64-linux-gnu.so
7feccd2d4000-7feccd2d5000 ---p 00033000 00:1ba 57159064894               /inspire/hdd/project/multi-agent/zhangweinan-24046/PA/envs/personal/lib/python3.10/site-packages/scipy/spatial/_hausdorff.cpython-310-x86_64-linux-gnu.so
7feccd2d5000-7feccd2d6000 r--p 00033000 00:1ba 57159064894               /inspire/hdd/project/multi-agent/zhangweinan-24046/PA/envs/personal/lib/python3.10/site-packages/scipy/spatial/_hausdorff.cpython-310-x86_64-linux-gnu.so
7feccd2d6000-7feccd2d8000 rw-p 00034000 00:1ba 57159064894               /inspire/hdd/project/multi-agent/zhangweinan-24046/PA/envs/personal/lib/python3.10/site-packages/scipy/spatial/_hausdorff.cpython-310-x86_64-linux-gnu.so
7feccd2d8000-7feccd2d9000 rw-p 00000000 00:00 0 
7feccd2d9000-7feccd2de000 r--p 00000000 00:1ba 57159064890               /inspire/hdd/project/multi-agent/zhangweinan-24046/PA/envs/personal/lib/python3.10/site-packages/scipy/spatial/_voronoi.cpython-310-x86_64-linux-gnu.so
7feccd2de000-7feccd303000 r-xp 00005000 00:1ba 57159064890               /inspire/hdd/project/multi-agent/zhangweinan-24046/PA/envs/personal/lib/python3.10/site-packages/scipy/spatial/_voronoi.cpython-310-x86_64-linux-gnu.so
7feccd303000-7feccd30a000 r--p 0002a000 00:1ba 57159064890               /inspire/hdd/project/multi-agent/zhangweinan-24046/PA/envs/personal/lib/python3.10/site-packages/scipy/spatial/_voronoi.cpython-310-x86_64-linux-gnu.so
7feccd30a000-7feccd30b000 ---p 00031000 00:1ba 57159064890               /inspire/hdd/project/multi-agent/zhangweinan-24046/PA/envs/personal/lib/python3.10/site-packages/scipy/spatial/_voronoi.cpython-310-x86_64-linux-gnu.so
7feccd30b000-7feccd30c000 r--p 00031000 00:1ba 57159064890               /inspire/hdd/project/multi-agent/zhangweinan-24046/PA/envs/personal/lib/python3.10/site-packages/scipy/spatial/_voronoi.cpython-310-x86_64-linux-gnu.so
7feccd30c000-7feccd30e000 rw-p 00032000 00:1ba 57159064890               /inspire/hdd/project/multi-agent/zhangweinan-24046/PA/envs/personal/lib/python3.10/site-packages/scipy/spatial/_voronoi.cpython-310-x86_64-linux-gnu.so
7feccd30e000-7feccd30f000 rw-p 00000000 00:00 0 
7feccd30f000-7feccd316000 r--p 00000000 00:1ba 57159064889               /inspire/hdd/project/multi-agent/zhangweinan-24046/PA/envs/personal/lib/python3.10/site-packages/scipy/spatial/_qhull.cpython-310-x86_64-linux-gnu.so
7feccd316000-7feccd3df000 r-xp 00007000 00:1ba 57159064889               /inspire/hdd/project/multi-agent/zhangweinan-24046/PA/envs/personal/lib/python3.10/site-packages/scipy/spatial/_qhull.cpython-310-x86_64-linux-gnu.so
7feccd3df000-7feccd417000 r--p 000d0000 00:1ba 57159064889               /inspire/hdd/project/multi-agent/zhangweinan-24046/PA/envs/personal/lib/python3.10/site-packages/scipy/spatial/_qhull.cpython-310-x86_64-linux-gnu.so
7feccd417000-7feccd418000 r--p 00107000 00:1ba 57159064889               /inspire/hdd/project/multi-agent/zhangweinan-24046/PA/envs/personal/lib/python3.10/site-packages/scipy/spatial/_qhull.cpython-310-x86_64-linux-gnu.so
7feccd418000-7feccd41b000 rw-p 00108000 00:1ba 57159064889               /inspire/hdd/project/multi-agent/zhangweinan-24046/PA/envs/personal/lib/python3.10/site-packages/scipy/spatial/_qhull.cpython-310-x86_64-linux-gnu.so
7feccd41b000-7feccd41d000 rw-p 00000000 00:00 0 
7feccd41d000-7feccd425000 r--p 00000000 00:1ba 57159064893               /inspire/hdd/project/multi-agent/zhangweinan-24046/PA/envs/personal/lib/python3.10/site-packages/scipy/spatial/_ckdtree.cpython-310-x86_64-linux-gnu.so
7feccd425000-7feccd4cf000 r-xp 00008000 00:1ba 57159064893               /inspire/hdd/project/multi-agent/zhangweinan-24046/PA/envs/personal/lib/python3.10/site-packages/scipy/spatial/_ckdtree.cpython-310-x86_64-linux-gnu.so
7feccd4cf000-7feccd4ee000 r--p 000b2000 00:1ba 57159064893               /inspire/hdd/project/multi-agent/zhangweinan-24046/PA/envs/personal/lib/python3.10/site-packages/scipy/spatial/_ckdtree.cpython-310-x86_64-linux-gnu.so
7feccd4ee000-7feccd4ef000 ---p 000d1000 00:1ba 57159064893               /inspire/hdd/project/multi-agent/zhangweinan-24046/PA/envs/personal/lib/python3.10/site-packages/scipy/spatial/_ckdtree.cpython-310-x86_64-linux-gnu.so
7feccd4ef000-7feccd4f0000 r--p 000d1000 00:1ba 57159064893               /inspire/hdd/project/multi-agent/zhangweinan-24046/PA/envs/personal/lib/python3.10/site-packages/scipy/spatial/_ckdtree.cpython-310-x86_64-linux-gnu.so
7feccd4f0000-7feccd4f4000 rw-p 000d2000 00:1ba 57159064893               /inspire/hdd/project/multi-agent/zhangweinan-24046/PA/envs/personal/lib/python3.10/site-packages/scipy/spatial/_ckdtree.cpython-310-x86_64-linux-gnu.so
7feccd4f4000-7feccd5f5000 rw-p 00000000 00:00 0 
7feccd5f5000-7feccd5fa000 r--p 00000000 00:1ba 57159064970               /inspire/hdd/project/multi-agent/zhangweinan-24046/PA/envs/personal/lib/python3.10/site-packages/scipy/special/_specfun.cpython-310-x86_64-linux-gnu.so
7feccd5fa000-7feccd62d000 r-xp 00005000 00:1ba 57159064970               /inspire/hdd/project/multi-agent/zhangweinan-24046/PA/envs/personal/lib/python3.10/site-packages/scipy/special/_specfun.cpython-310-x86_64-linux-gnu.so
7feccd62d000-7feccd634000 r--p 00038000 00:1ba 57159064970               /inspire/hdd/project/multi-agent/zhangweinan-24046/PA/envs/personal/lib/python3.10/site-packages/scipy/special/_specfun.cpython-310-x86_64-linux-gnu.so
7feccd634000-7feccd635000 r--p 0003e000 00:1ba 57159064970               /inspire/hdd/project/multi-agent/zhangweinan-24046/PA/envs/personal/lib/python3.10/site-packages/scipy/special/_specfun.cpython-310-x86_64-linux-gnu.so
7feccd635000-7feccd637000 rw-p 0003f000 00:1ba 57159064970               /inspire/hdd/project/multi-agent/zhangweinan-24046/PA/envs/personal/lib/python3.10/site-packages/scipy/special/_specfun.cpython-310-x86_64-linux-gnu.so
7feccd637000-7feccd639000 r--p 00000000 00:1ba 57159064983               /inspire/hdd/project/multi-agent/zhangweinan-24046/PA/envs/personal/lib/python3.10/site-packages/scipy/special/_gufuncs.cpython-310-x86_64-linux-gnu.so
7feccd639000-7feccd6bf000 r-xp 00002000 00:1ba 57159064983               /inspire/hdd/project/multi-agent/zhangweinan-24046/PA/envs/personal/lib/python3.10/site-packages/scipy/special/_gufuncs.cpython-310-x86_64-linux-gnu.so
7feccd6bf000-7feccd6cc000 r--p 00088000 00:1ba 57159064983               /inspire/hdd/project/multi-agent/zhangweinan-24046/PA/envs/personal/lib/python3.10/site-packages/scipy/special/_gufuncs.cpython-310-x86_64-linux-gnu.so
7feccd6cc000-7feccd6cd000 r--p 00094000 00:1ba 57159064983               /inspire/hdd/project/multi-agent/zhangweinan-24046/PA/envs/personal/lib/python3.10/site-packages/scipy/special/_gufuncs.cpython-310-x86_64-linux-gnu.so
7feccd6cd000-7feccd6ce000 rw-p 00095000 00:1ba 57159064983               /inspire/hdd/project/multi-agent/zhangweinan-24046/PA/envs/personal/lib/python3.10/site-packages/scipy/special/_gufuncs.cpython-310-x86_64-linux-gnu.so
7feccd6ce000-7feccd7ce000 rw-p 00000000 00:00 0 
7feccd7ce000-7feccd7d1000 r--p 00000000 00:1ba 57159064968               /inspire/hdd/project/multi-agent/zhangweinan-24046/PA/envs/personal/lib/python3.10/site-packages/scipy/special/_special_ufuncs.cpython-310-x86_64-linux-gnu.so
7feccd7d1000-7feccd8d4000 r-xp 00003000 00:1ba 57159064968               /inspire/hdd/project/multi-agent/zhangweinan-24046/PA/envs/personal/lib/python3.10/site-packages/scipy/special/_special_ufuncs.cpython-310-x86_64-linux-gnu.so
7feccd8d4000-7feccd917000 r--p 00106000 00:1ba 57159064968               /inspire/hdd/project/multi-agent/zhangweinan-24046/PA/envs/personal/lib/python3.10/site-packages/scipy/special/_special_ufuncs.cpython-310-x86_64-linux-gnu.so
7feccd917000-7feccd918000 r--p 00148000 00:1ba 57159064968               /inspire/hdd/project/multi-agent/zhangweinan-24046/PA/envs/personal/lib/python3.10/site-packages/scipy/special/_special_ufuncs.cpython-310-x86_64-linux-gnu.so
7feccd918000-7feccd919000 rw-p 00149000 00:1ba 57159064968               /inspire/hdd/project/multi-agent/zhangweinan-24046/PA/envs/personal/lib/python3.10/site-packages/scipy/special/_special_ufuncs.cpython-310-x86_64-linux-gnu.so
7feccd919000-7feccd91e000 r--p 00000000 00:1ba 57159064945               /inspire/hdd/project/multi-agent/zhangweinan-24046/PA/envs/personal/lib/python3.10/site-packages/scipy/special/_ufuncs_cxx.cpython-310-x86_64-linux-gnu.so
7feccd91e000-7feccda6d000 r-xp 00005000 00:1ba 57159064945               /inspire/hdd/project/multi-agent/zhangweinan-24046/PA/envs/personal/lib/python3.10/site-packages/scipy/special/_ufuncs_cxx.cpython-310-x86_64-linux-gnu.so
7feccda6d000-7feccdaa0000 r--p 00154000 00:1ba 57159064945               /inspire/hdd/project/multi-agent/zhangweinan-24046/PA/envs/personal/lib/python3.10/site-packages/scipy/special/_ufuncs_cxx.cpython-310-x86_64-linux-gnu.so
7feccdaa0000-7feccdaa1000 r--p 00186000 00:1ba 57159064945               /inspire/hdd/project/multi-agent/zhangweinan-24046/PA/envs/personal/lib/python3.10/site-packages/scipy/special/_ufuncs_cxx.cpython-310-x86_64-linux-gnu.so
7feccdaa1000-7feccdaa2000 rw-p 00187000 00:1ba 57159064945               /inspire/hdd/project/multi-agent/zhangweinan-24046/PA/envs/personal/lib/python3.10/site-packages/scipy/special/_ufuncs_cxx.cpython-310-x86_64-linux-gnu.so
7feccdaa2000-7feccdaa3000 rw-p 00000000 00:00 0 
7feccdaa3000-7feccdaa9000 r--p 00000000 00:1ba 57159064958               /inspire/hdd/project/multi-agent/zhangweinan-24046/PA/envs/personal/lib/python3.10/site-packages/scipy/special/_ufuncs.cpython-310-x86_64-linux-gnu.so
7feccdaa9000-7feccdbae000 r-xp 00006000 00:1ba 57159064958               /inspire/hdd/project/multi-agent/zhangweinan-24046/PA/envs/personal/lib/python3.10/site-packages/scipy/special/_ufuncs.cpython-310-x86_64-linux-gnu.so
7feccdbae000-7feccdc03000 r--p 0010b000 00:1ba 57159064958               /inspire/hdd/project/multi-agent/zhangweinan-24046/PA/envs/personal/lib/python3.10/site-packages/scipy/special/_ufuncs.cpython-310-x86_64-linux-gnu.so
7feccdc03000-7feccdc04000 r--p 0015f000 00:1ba 57159064958               /inspire/hdd/project/multi-agent/zhangweinan-24046/PA/envs/personal/lib/python3.10/site-packages/scipy/special/_ufuncs.cpython-310-x86_64-linux-gnu.so
7feccdc04000-7feccdc05000 rw-p 00160000 00:1ba 57159064958               /inspire/hdd/project/multi-agent/zhangweinan-24046/PA/envs/personal/lib/python3.10/site-packages/scipy/special/_ufuncs.cpython-310-x86_64-linux-gnu.so
7feccdc05000-7feccdc0d000 rw-p 00000000 00:00 0 
7feccdc0d000-7feccdc10000 rw-p 00189000 00:1ba 57159064958               /inspire/hdd/project/multi-agent/zhangweinan-24046/PA/envs/personal/lib/python3.10/site-packages/scipy/special/_ufuncs.cpython-310-x86_64-linux-gnu.so
7feccdc10000-7feccdc12000 rw-p 0018c000 00:1ba 57159064958               /inspire/hdd/project/multi-agent/zhangweinan-24046/PA/envs/personal/lib/python3.10/site-packages/scipy/special/_ufuncs.cpython-310-x86_64-linux-gnu.so
7feccdc12000-7feccde12000 rw-p 00000000 00:00 0 
7feccde12000-7feccde17000 r--p 00000000 00:1ba 60995350222               /inspire/hdd/project/multi-agent/zhangweinan-24046/PA/envs/personal/lib/python3.10/site-packages/scipy/sparse/csgraph/_reordering.cpython-310-x86_64-linux-gnu.so
7feccde17000-7feccde4e000 r-xp 00005000 00:1ba 60995350222               /inspire/hdd/project/multi-agent/zhangweinan-24046/PA/envs/personal/lib/python3.10/site-packages/scipy/sparse/csgraph/_reordering.cpython-310-x86_64-linux-gnu.so
7feccde4e000-7feccde58000 r--p 0003c000 00:1ba 60995350222               /inspire/hdd/project/multi-agent/zhangweinan-24046/PA/envs/personal/lib/python3.10/site-packages/scipy/sparse/csgraph/_reordering.cpython-310-x86_64-linux-gnu.so
7feccde58000-7feccde59000 r--p 00045000 00:1ba 60995350222               /inspire/hdd/project/multi-agent/zhangweinan-24046/PA/envs/personal/lib/python3.10/site-packages/scipy/sparse/csgraph/_reordering.cpython-310-x86_64-linux-gnu.so
7feccde59000-7feccde5b000 rw-p 00046000 00:1ba 60995350222               /inspire/hdd/project/multi-agent/zhangweinan-24046/PA/envs/personal/lib/python3.10/site-packages/scipy/sparse/csgraph/_reordering.cpython-310-x86_64-linux-gnu.so
7feccde5b000-7feccde5c000 rw-p 00000000 00:00 0 
7feccde5c000-7feccde61000 r--p 00000000 00:1ba 60995350225               /inspire/hdd/project/multi-agent/zhangweinan-24046/PA/envs/personal/lib/python3.10/site-packages/scipy/sparse/csgraph/_matching.cpython-310-x86_64-linux-gnu.so
7feccde61000-7feccde9a000 r-xp 00005000 00:1ba 60995350225               /inspire/hdd/project/multi-agent/zhangweinan-24046/PA/envs/personal/lib/python3.10/site-packages/scipy/sparse/csgraph/_matching.cpython-310-x86_64-linux-gnu.so
7feccde9a000-7feccdea8000 r--p 0003e000 00:1ba 60995350225               /inspire/hdd/project/multi-agent/zhangweinan-24046/PA/envs/personal/lib/python3.10/site-packages/scipy/sparse/csgraph/_matching.cpython-310-x86_64-linux-gnu.so
7feccdea8000-7feccdea9000 r--p 0004b000 00:1ba 60995350225               /inspire/hdd/project/multi-agent/zhangweinan-24046/PA/envs/personal/lib/python3.10/site-packages/scipy/sparse/csgraph/_matching.cpython-310-x86_64-linux-gnu.so
7feccdea9000-7feccdeab000 rw-p 0004c000 00:1ba 60995350225               /inspire/hdd/project/multi-agent/zhangweinan-24046/PA/envs/personal/lib/python3.10/site-packages/scipy/sparse/csgraph/_matching.cpython-310-x86_64-linux-gnu.so
7feccdeab000-7feccdeac000 rw-p 00000000 00:00 0 
7feccdeac000-7feccdeb1000 r--p 00000000 00:1ba 60995350232               /inspire/hdd/project/multi-agent/zhangweinan-24046/PA/envs/personal/lib/python3.10/site-packages/scipy/sparse/csgraph/_flow.cpython-310-x86_64-linux-gnu.so
7feccdeb1000-7feccdeea000 r-xp 00005000 00:1ba 60995350232               /inspire/hdd/project/multi-agent/zhangweinan-24046/PA/envs/personal/lib/python3.10/site-packages/scipy/sparse/csgraph/_flow.cpython-310-x86_64-linux-gnu.so
7feccdeea000-7feccdef6000 r--p 0003e000 00:1ba 60995350232               /inspire/hdd/project/multi-agent/zhangweinan-24046/PA/envs/personal/lib/python3.10/site-packages/scipy/sparse/csgraph/_flow.cpython-310-x86_64-linux-gnu.so
7feccdef6000-7feccdef7000 ---p 0004a000 00:1ba 60995350232               /inspire/hdd/project/multi-agent/zhangweinan-24046/PA/envs/personal/lib/python3.10/site-packages/scipy/sparse/csgraph/_flow.cpython-310-x86_64-linux-gnu.so
7feccdef7000-7feccdef8000 r--p 0004a000 00:1ba 60995350232               /inspire/hdd/project/multi-agent/zhangweinan-24046/PA/envs/personal/lib/python3.10/site-packages/scipy/sparse/csgraph/_flow.cpython-310-x86_64-linux-gnu.so
7feccdef8000-7feccdefa000 rw-p 0004b000 00:1ba 60995350232               /inspire/hdd/project/multi-agent/zhangweinan-24046/PA/envs/personal/lib/python3.10/site-packages/scipy/sparse/csgraph/_flow.cpython-310-x86_64-linux-gnu.so
7feccdefa000-7feccdefb000 rw-p 00000000 00:00 0 
7feccdefb000-7feccdf00000 r--p 00000000 00:1ba 60995350227               /inspire/hdd/project/multi-agent/zhangweinan-24046/PA/envs/personal/lib/python3.10/site-packages/scipy/sparse/csgraph/_min_spanning_tree.cpython-310-x86_64-linux-gnu.so
7feccdf00000-7feccdf2a000 r-xp 00005000 00:1ba 60995350227               /inspire/hdd/project/multi-agent/zhangweinan-24046/PA/envs/personal/lib/python3.10/site-packages/scipy/sparse/csgraph/_min_spanning_tree.cpython-310-x86_64-linux-gnu.so
7feccdf2a000-7feccdf33000 r--p 0002f000 00:1ba 60995350227               /inspire/hdd/project/multi-agent/zhangweinan-24046/PA/envs/personal/lib/python3.10/site-packages/scipy/sparse/csgraph/_min_spanning_tree.cpython-310-x86_64-linux-gnu.so
7feccdf33000-7feccdf34000 r--p 00037000 00:1ba 60995350227               /inspire/hdd/project/multi-agent/zhangweinan-24046/PA/envs/personal/lib/python3.10/site-packages/scipy/sparse/csgraph/_min_spanning_tree.cpython-310-x86_64-linux-gnu.so
7feccdf34000-7feccdf36000 rw-p 00038000 00:1ba 60995350227               /inspire/hdd/project/multi-agent/zhangweinan-24046/PA/envs/personal/lib/python3.10/site-packages/scipy/sparse/csgraph/_min_spanning_tree.cpython-310-x86_64-linux-gnu.so
7feccdf36000-7feccdf37000 rw-p 00000000 00:00 0 
7feccdf37000-7feccdf3c000 r--p 00000000 00:1ba 60995350224               /inspire/hdd/project/multi-agent/zhangweinan-24046/PA/envs/personal/lib/python3.10/site-packages/scipy/sparse/csgraph/_traversal.cpython-310-x86_64-linux-gnu.so
7feccdf3c000-7feccdfba000 r-xp 00005000 00:1ba 60995350224               /inspire/hdd/project/multi-agent/zhangweinan-24046/PA/envs/personal/lib/python3.10/site-packages/scipy/sparse/csgraph/_traversal.cpython-310-x86_64-linux-gnu.so
7feccdfba000-7feccdfcb000 r--p 00083000 00:1ba 60995350224               /inspire/hdd/project/multi-agent/zhangweinan-24046/PA/envs/personal/lib/python3.10/site-packages/scipy/sparse/csgraph/_traversal.cpython-310-x86_64-linux-gnu.so
7feccdfcb000-7feccdfcc000 r--p 00093000 00:1ba 60995350224               /inspire/hdd/project/multi-agent/zhangweinan-24046/PA/envs/personal/lib/python3.10/site-packages/scipy/sparse/csgraph/_traversal.cpython-310-x86_64-linux-gnu.so
7feccdfcc000-7feccdfce000 rw-p 00094000 00:1ba 60995350224               /inspire/hdd/project/multi-agent/zhangweinan-24046/PA/envs/personal/lib/python3.10/site-packages/scipy/sparse/csgraph/_traversal.cpython-310-x86_64-linux-gnu.so
7feccdfce000-7feccdfcf000 rw-p 00000000 00:00 0 
7feccdfcf000-7feccdfd2000 r--p 00000000 00:1ba 60995350226               /inspire/hdd/project/multi-agent/zhangweinan-24046/PA/envs/personal/lib/python3.10/site-packages/scipy/sparse/csgraph/_tools.cpython-310-x86_64-linux-gnu.so
7feccdfd2000-7feccdff3000 r-xp 00003000 00:1ba 60995350226               /inspire/hdd/project/multi-agent/zhangweinan-24046/PA/envs/personal/lib/python3.10/site-packages/scipy/sparse/csgraph/_tools.cpython-310-x86_64-linux-gnu.so
7feccdff3000-7feccdffd000 r--p 00024000 00:1ba 60995350226               /inspire/hdd/project/multi-agent/zhangweinan-24046/PA/envs/personal/lib/python3.10/site-packages/scipy/sparse/csgraph/_tools.cpython-310-x86_64-linux-gnu.so
7feccdffd000-7feccdffe000 r--p 0002d000 00:1ba 60995350226               /inspire/hdd/project/multi-agent/zhangweinan-24046/PA/envs/personal/lib/python3.10/site-packages/scipy/sparse/csgraph/_tools.cpython-310-x86_64-linux-gnu.so
7feccdffe000-7feccdfff000 rw-p 0002e000 00:1ba 60995350226               /inspire/hdd/project/multi-agent/zhangweinan-24046/PA/envs/personal/lib/python3.10/site-packages/scipy/sparse/csgraph/_tools.cpython-310-x86_64-linux-gnu.so
7feccdfff000-7fecce000000 rw-p 00000000 00:00 0 
7fecce000000-7fecce03b000 r-xp 00000000 00:1ba 44778075760               /inspire/hdd/project/multi-agent/zhangweinan-24046/PA/envs/personal/lib/python3.10/site-packages/scipy.libs/libquadmath-96973f99.so.0.0.0
7fecce03b000-7fecce23a000 ---p 0003b000 00:1ba 44778075760               /inspire/hdd/project/multi-agent/zhangweinan-24046/PA/envs/personal/lib/python3.10/site-packages/scipy.libs/libquadmath-96973f99.so.0.0.0
7fecce23a000-7fecce23b000 r--p 0003a000 00:1ba 44778075760               /inspire/hdd/project/multi-agent/zhangweinan-24046/PA/envs/personal/lib/python3.10/site-packages/scipy.libs/libquadmath-96973f99.so.0.0.0
7fecce23b000-7fecce23c000 rw-p 0003b000 00:1ba 44778075760               /inspire/hdd/project/multi-agent/zhangweinan-24046/PA/envs/personal/lib/python3.10/site-packages/scipy.libs/libquadmath-96973f99.so.0.0.0
7fecce23c000-7fecce23d000 rw-p 0003c000 00:1ba 44778075760               /inspire/hdd/project/multi-agent/zhangweinan-24046/PA/envs/personal/lib/python3.10/site-packages/scipy.libs/libquadmath-96973f99.so.0.0.0
7fecce240000-7fecce243000 r--p 00000000 00:1ba 60997218664               /inspire/hdd/project/multi-agent/zhangweinan-24046/PA/envs/personal/lib/python3.10/site-packages/scipy/stats/_levy_stable/levyst.cpython-310-x86_64-linux-gnu.so
7fecce243000-7fecce24a000 r-xp 00003000 00:1ba 60997218664               /inspire/hdd/project/multi-agent/zhangweinan-24046/PA/envs/personal/lib/python3.10/site-packages/scipy/stats/_levy_stable/levyst.cpython-310-x86_64-linux-gnu.so
7fecce24a000-7fecce24c000 r--p 0000a000 00:1ba 60997218664               /inspire/hdd/project/multi-agent/zhangweinan-24046/PA/envs/personal/lib/python3.10/site-packages/scipy/stats/_levy_stable/levyst.cpython-310-x86_64-linux-gnu.so
7fecce24c000-7fecce24d000 r--p 0000b000 00:1ba 60997218664               /inspire/hdd/project/multi-agent/zhangweinan-24046/PA/envs/personal/lib/python3.10/site-packages/scipy/stats/_levy_stable/levyst.cpython-310-x86_64-linux-gnu.so
7fecce24d000-7fecce24e000 rw-p 0000c000 00:1ba 60997218664               /inspire/hdd/project/multi-agent/zhangweinan-24046/PA/envs/personal/lib/python3.10/site-packages/scipy/stats/_levy_stable/levyst.cpython-310-x86_64-linux-gnu.so
7fecce24e000-7fecce253000 r--p 00000000 00:1ba 60995350230               /inspire/hdd/project/multi-agent/zhangweinan-24046/PA/envs/personal/lib/python3.10/site-packages/scipy/sparse/csgraph/_shortest_path.cpython-310-x86_64-linux-gnu.so
7fecce253000-7fecce2b6000 r-xp 00005000 00:1ba 60995350230               /inspire/hdd/project/multi-agent/zhangweinan-24046/PA/envs/personal/lib/python3.10/site-packages/scipy/sparse/csgraph/_shortest_path.cpython-310-x86_64-linux-gnu.so
7fecce2b6000-7fecce2cb000 r--p 00068000 00:1ba 60995350230               /inspire/hdd/project/multi-agent/zhangweinan-24046/PA/envs/personal/lib/python3.10/site-packages/scipy/sparse/csgraph/_shortest_path.cpython-310-x86_64-linux-gnu.so
7fecce2cb000-7fecce2cc000 ---p 0007d000 00:1ba 60995350230               /inspire/hdd/project/multi-agent/zhangweinan-24046/PA/envs/personal/lib/python3.10/site-packages/scipy/sparse/csgraph/_shortest_path.cpython-310-x86_64-linux-gnu.so
7fecce2cc000-7fecce2cd000 r--p 0007d000 00:1ba 60995350230               /inspire/hdd/project/multi-agent/zhangweinan-24046/PA/envs/personal/lib/python3.10/site-packages/scipy/sparse/csgraph/_shortest_path.cpython-310-x86_64-linux-gnu.so
7fecce2cd000-7fecce2cf000 rw-p 0007e000 00:1ba 60995350230               /inspire/hdd/project/multi-agent/zhangweinan-24046/PA/envs/personal/lib/python3.10/site-packages/scipy/sparse/csgraph/_shortest_path.cpython-310-x86_64-linux-gnu.so
7fecce2cf000-7fecce2d1000 rw-p 00000000 00:00 0 
7fecce2d1000-7fecce2ee000 r--p 00000000 00:1ba 60995350219               /inspire/hdd/project/multi-agent/zhangweinan-24046/PA/envs/personal/lib/python3.10/site-packages/scipy/sparse/linalg/_propack/_zpropack.cpython-310-x86_64-linux-gnu.so
7fecce2ee000-7fecce30d000 r-xp 0001d000 00:1ba 60995350219               /inspire/hdd/project/multi-agent/zhangweinan-24046/PA/envs/personal/lib/python3.10/site-packages/scipy/sparse/linalg/_propack/_zpropack.cpython-310-x86_64-linux-gnu.so
7fecce30d000-7fecce31d000 r--p 0003c000 00:1ba 60995350219               /inspire/hdd/project/multi-agent/zhangweinan-24046/PA/envs/personal/lib/python3.10/site-packages/scipy/sparse/linalg/_propack/_zpropack.cpython-310-x86_64-linux-gnu.so
7fecce31d000-7fecce31e000 ---p 0004c000 00:1ba 60995350219               /inspire/hdd/project/multi-agent/zhangweinan-24046/PA/envs/personal/lib/python3.10/site-packages/scipy/sparse/linalg/_propack/_zpropack.cpython-310-x86_64-linux-gnu.so
7fecce31e000-7fecce31f000 r--p 0004c000 00:1ba 60995350219               /inspire/hdd/project/multi-agent/zhangweinan-24046/PA/envs/personal/lib/python3.10/site-packages/scipy/sparse/linalg/_propack/_zpropack.cpython-310-x86_64-linux-gnu.so
7fecce31f000-7fecce327000 rw-p 0004d000 00:1ba 60995350219               /inspire/hdd/project/multi-agent/zhangweinan-24046/PA/envs/personal/lib/python3.10/site-packages/scipy/sparse/linalg/_propack/_zpropack.cpython-310-x86_64-linux-gnu.so
7fecce327000-7fecce35d000 rw-p 00000000 00:00 0 
7fecce35d000-7fecce36e000 rw-p 00071000 00:1ba 60995350219               /inspire/hdd/project/multi-agent/zhangweinan-24046/PA/envs/personal/lib/python3.10/site-packages/scipy/sparse/linalg/_propack/_zpropack.cpython-310-x86_64-linux-gnu.so
7fecce36e000-7fecce375000 rw-p 00082000 00:1ba 60995350219               /inspire/hdd/project/multi-agent/zhangweinan-24046/PA/envs/personal/lib/python3.10/site-packages/scipy/sparse/linalg/_propack/_zpropack.cpython-310-x86_64-linux-gnu.so
7fecce375000-7fecce392000 r--p 00000000 00:1ba 60995350221               /inspire/hdd/project/multi-agent/zhangweinan-24046/PA/envs/personal/lib/python3.10/site-packages/scipy/sparse/linalg/_propack/_cpropack.cpython-310-x86_64-linux-gnu.so
7fecce392000-7fecce3b3000 r-xp 0001d000 00:1ba 60995350221               /inspire/hdd/project/multi-agent/zhangweinan-24046/PA/envs/personal/lib/python3.10/site-packages/scipy/sparse/linalg/_propack/_cpropack.cpython-310-x86_64-linux-gnu.so
7fecce3b3000-7fecce3c3000 r--p 0003e000 00:1ba 60995350221               /inspire/hdd/project/multi-agent/zhangweinan-24046/PA/envs/personal/lib/python3.10/site-packages/scipy/sparse/linalg/_propack/_cpropack.cpython-310-x86_64-linux-gnu.so
7fecce3c3000-7fecce3c4000 ---p 0004e000 00:1ba 60995350221               /inspire/hdd/project/multi-agent/zhangweinan-24046/PA/envs/personal/lib/python3.10/site-packages/scipy/sparse/linalg/_propack/_cpropack.cpython-310-x86_64-linux-gnu.so
7fecce3c4000-7fecce3c5000 r--p 0004e000 00:1ba 60995350221               /inspire/hdd/project/multi-agent/zhangweinan-24046/PA/envs/personal/lib/python3.10/site-packages/scipy/sparse/linalg/_propack/_cpropack.cpython-310-x86_64-linux-gnu.so
7fecce3c5000-7fecce3cd000 rw-p 0004f000 00:1ba 60995350221               /inspire/hdd/project/multi-agent/zhangweinan-24046/PA/envs/personal/lib/python3.10/site-packages/scipy/sparse/linalg/_propack/_cpropack.cpython-310-x86_64-linux-gnu.so
7fecce3cd000-7fecce3e8000 rw-p 00000000 00:00 0 
7fecce3e8000-7fecce3f9000 rw-p 00073000 00:1ba 60995350221               /inspire/hdd/project/multi-agent/zhangweinan-24046/PA/envs/personal/lib/python3.10/site-packages/scipy/sparse/linalg/_propack/_cpropack.cpython-310-x86_64-linux-gnu.so
7fecce3f9000-7fecce400000 rw-p 00084000 00:1ba 60995350221               /inspire/hdd/project/multi-agent/zhangweinan-24046/PA/envs/personal/lib/python3.10/site-packages/scipy/sparse/linalg/_propack/_cpropack.cpython-310-x86_64-linux-gnu.so
7fecce400000-7fecce676000 r-xp 00000000 00:1ba 44778075759               /inspire/hdd/project/multi-agent/zhangweinan-24046/PA/envs/personal/lib/python3.10/site-packages/scipy.libs/libgfortran-040039e1.so.5.0.0
7fecce676000-7fecce875000 ---p 00276000 00:1ba 44778075759               /inspire/hdd/project/multi-agent/zhangweinan-24046/PA/envs/personal/lib/python3.10/site-packages/scipy.libs/libgfortran-040039e1.so.5.0.0
7fecce875000-7fecce876000 r--p 00275000 00:1ba 44778075759               /inspire/hdd/project/multi-agent/zhangweinan-24046/PA/envs/personal/lib/python3.10/site-packages/scipy.libs/libgfortran-040039e1.so.5.0.0
7fecce876000-7fecce878000 rw-p 00276000 00:1ba 44778075759               /inspire/hdd/project/multi-agent/zhangweinan-24046/PA/envs/personal/lib/python3.10/site-packages/scipy.libs/libgfortran-040039e1.so.5.0.0
7fecce878000-7fecce884000 rw-p 0027b000 00:1ba 44778075759               /inspire/hdd/project/multi-agent/zhangweinan-24046/PA/envs/personal/lib/python3.10/site-packages/scipy.libs/libgfortran-040039e1.so.5.0.0
7fecce884000-7fecce88d000 rw-p 00287000 00:1ba 44778075759               /inspire/hdd/project/multi-agent/zhangweinan-24046/PA/envs/personal/lib/python3.10/site-packages/scipy.libs/libgfortran-040039e1.so.5.0.0
7fecce88d000-7fecce88e000 r--p 00000000 00:1ba 56351873593               /inspire/hdd/project/multi-agent/zhangweinan-24046/PA/envs/personal/lib/python3.10/site-packages/scipy/ndimage/_rank_filter_1d.cpython-310-x86_64-linux-gnu.so
7fecce88e000-7fecce891000 r-xp 00001000 00:1ba 56351873593               /inspire/hdd/project/multi-agent/zhangweinan-24046/PA/envs/personal/lib/python3.10/site-packages/scipy/ndimage/_rank_filter_1d.cpython-310-x86_64-linux-gnu.so
7fecce891000-7fecce892000 r--p 00004000 00:1ba 56351873593               /inspire/hdd/project/multi-agent/zhangweinan-24046/PA/envs/personal/lib/python3.10/site-packages/scipy/ndimage/_rank_filter_1d.cpython-310-x86_64-linux-gnu.so
7fecce892000-7fecce893000 r--p 00004000 00:1ba 56351873593               /inspire/hdd/project/multi-agent/zhangweinan-24046/PA/envs/personal/lib/python3.10/site-packages/scipy/ndimage/_rank_filter_1d.cpython-310-x86_64-linux-gnu.so
7fecce893000-7fecce894000 rw-p 00005000 00:1ba 56351873593               /inspire/hdd/project/multi-agent/zhangweinan-24046/PA/envs/personal/lib/python3.10/site-packages/scipy/ndimage/_rank_filter_1d.cpython-310-x86_64-linux-gnu.so
7fecce894000-7fecce895000 r--p 00000000 00:1ba 60999087207               /inspire/hdd/project/multi-agent/zhangweinan-24046/PA/envs/personal/lib/python3.10/site-packages/scipy/optimize/_direct.cpython-310-x86_64-linux-gnu.so
7fecce895000-7fecce89b000 r-xp 00001000 00:1ba 60999087207               /inspire/hdd/project/multi-agent/zhangweinan-24046/PA/envs/personal/lib/python3.10/site-packages/scipy/optimize/_direct.cpython-310-x86_64-linux-gnu.so
7fecce89b000-7fecce89d000 r--p 00007000 00:1ba 60999087207               /inspire/hdd/project/multi-agent/zhangweinan-24046/PA/envs/personal/lib/python3.10/site-packages/scipy/optimize/_direct.cpython-310-x86_64-linux-gnu.so
7fecce89d000-7fecce89e000 r--p 00008000 00:1ba 60999087207               /inspire/hdd/project/multi-agent/zhangweinan-24046/PA/envs/personal/lib/python3.10/site-packages/scipy/optimize/_direct.cpython-310-x86_64-linux-gnu.so
7fecce89e000-7fecce89f000 rw-p 00009000 00:1ba 60999087207               /inspire/hdd/project/multi-agent/zhangweinan-24046/PA/envs/personal/lib/python3.10/site-packages/scipy/optimize/_direct.cpython-310-x86_64-linux-gnu.so
7fecce89f000-7fecce8a1000 r--p 00000000 00:1ba 57159064885               /inspire/hdd/project/multi-agent/zhangweinan-24046/PA/envs/personal/lib/python3.10/site-packages/scipy/spatial/_distance_wrap.cpython-310-x86_64-linux-gnu.so
7fecce8a1000-7fecce8b5000 r-xp 00002000 00:1ba 57159064885               /inspire/hdd/project/multi-agent/zhangweinan-24046/PA/envs/personal/lib/python3.10/site-packages/scipy/spatial/_distance_wrap.cpython-310-x86_64-linux-gnu.so
7fecce8b5000-7fecce8b7000 r--p 00016000 00:1ba 57159064885               /inspire/hdd/project/multi-agent/zhangweinan-24046/PA/envs/personal/lib/python3.10/site-packages/scipy/spatial/_distance_wrap.cpython-310-x86_64-linux-gnu.so
7fecce8b7000-7fecce8b8000 ---p 00018000 00:1ba 57159064885               /inspire/hdd/project/multi-agent/zhangweinan-24046/PA/envs/personal/lib/python3.10/site-packages/scipy/spatial/_distance_wrap.cpython-310-x86_64-linux-gnu.so
7fecce8b8000-7fecce8b9000 r--p 00018000 00:1ba 57159064885               /inspire/hdd/project/multi-agent/zhangweinan-24046/PA/envs/personal/lib/python3.10/site-packages/scipy/spatial/_distance_wrap.cpython-310-x86_64-linux-gnu.so
7fecce8b9000-7fecce8ba000 rw-p 00019000 00:1ba 57159064885               /inspire/hdd/project/multi-agent/zhangweinan-24046/PA/envs/personal/lib/python3.10/site-packages/scipy/spatial/_distance_wrap.cpython-310-x86_64-linux-gnu.so
7fecce8ba000-7fecce8d7000 r--p 00000000 00:1ba 60995350218               /inspire/hdd/project/multi-agent/zhangweinan-24046/PA/envs/personal/lib/python3.10/site-packages/scipy/sparse/linalg/_propack/_dpropack.cpython-310-x86_64-linux-gnu.so
7fecce8d7000-7fecce8f2000 r-xp 0001d000 00:1ba 60995350218               /inspire/hdd/project/multi-agent/zhangweinan-24046/PA/envs/personal/lib/python3.10/site-packages/scipy/sparse/linalg/_propack/_dpropack.cpython-310-x86_64-linux-gnu.so
7fecce8f2000-7fecce902000 r--p 00038000 00:1ba 60995350218               /inspire/hdd/project/multi-agent/zhangweinan-24046/PA/envs/personal/lib/python3.10/site-packages/scipy/sparse/linalg/_propack/_dpropack.cpython-310-x86_64-linux-gnu.so
7fecce902000-7fecce903000 r--p 00047000 00:1ba 60995350218               /inspire/hdd/project/multi-agent/zhangweinan-24046/PA/envs/personal/lib/python3.10/site-packages/scipy/sparse/linalg/_propack/_dpropack.cpython-310-x86_64-linux-gnu.so
7fecce903000-7fecce90b000 rw-p 00048000 00:1ba 60995350218               /inspire/hdd/project/multi-agent/zhangweinan-24046/PA/envs/personal/lib/python3.10/site-packages/scipy/sparse/linalg/_propack/_dpropack.cpython-310-x86_64-linux-gnu.so
7fecce90b000-7fecce91c000 rw-p 0006b000 00:1ba 60995350218               /inspire/hdd/project/multi-agent/zhangweinan-24046/PA/envs/personal/lib/python3.10/site-packages/scipy/sparse/linalg/_propack/_dpropack.cpython-310-x86_64-linux-gnu.so
7fecce91c000-7fecce923000 rw-p 0007c000 00:1ba 60995350218               /inspire/hdd/project/multi-agent/zhangweinan-24046/PA/envs/personal/lib/python3.10/site-packages/scipy/sparse/linalg/_propack/_dpropack.cpython-310-x86_64-linux-gnu.so
7fecce923000-7fecce940000 r--p 00000000 00:1ba 60995350220               /inspire/hdd/project/multi-agent/zhangweinan-24046/PA/envs/personal/lib/python3.10/site-packages/scipy/sparse/linalg/_propack/_spropack.cpython-310-x86_64-linux-gnu.so
7fecce940000-7fecce95b000 r-xp 0001d000 00:1ba 60995350220               /inspire/hdd/project/multi-agent/zhangweinan-24046/PA/envs/personal/lib/python3.10/site-packages/scipy/sparse/linalg/_propack/_spropack.cpython-310-x86_64-linux-gnu.so
7fecce95b000-7fecce96b000 r--p 00038000 00:1ba 60995350220               /inspire/hdd/project/multi-agent/zhangweinan-24046/PA/envs/personal/lib/python3.10/site-packages/scipy/sparse/linalg/_propack/_spropack.cpython-310-x86_64-linux-gnu.so
7fecce96b000-7fecce96c000 r--p 00047000 00:1ba 60995350220               /inspire/hdd/project/multi-agent/zhangweinan-24046/PA/envs/personal/lib/python3.10/site-packages/scipy/sparse/linalg/_propack/_spropack.cpython-310-x86_64-linux-gnu.so
7fecce96c000-7fecce974000 rw-p 00048000 00:1ba 60995350220               /inspire/hdd/project/multi-agent/zhangweinan-24046/PA/envs/personal/lib/python3.10/site-packages/scipy/sparse/linalg/_propack/_spropack.cpython-310-x86_64-linux-gnu.so
7fecce974000-7fecce985000 rw-p 0006b000 00:1ba 60995350220               /inspire/hdd/project/multi-agent/zhangweinan-24046/PA/envs/personal/lib/python3.10/site-packages/scipy/sparse/linalg/_propack/_spropack.cpython-310-x86_64-linux-gnu.so
7fecce985000-7fecce98c000 rw-p 0007c000 00:1ba 60995350220               /inspire/hdd/project/multi-agent/zhangweinan-24046/PA/envs/personal/lib/python3.10/site-packages/scipy/sparse/linalg/_propack/_spropack.cpython-310-x86_64-linux-gnu.so
7fecce98c000-7fecce9aa000 r--p 00000000 00:1ba 60995350212               /inspire/hdd/project/multi-agent/zhangweinan-24046/PA/envs/personal/lib/python3.10/site-packages/scipy/sparse/linalg/_eigen/arpack/_arpack.cpython-310-x86_64-linux-gnu.so
7fecce9aa000-7feccea01000 r-xp 0001e000 00:1ba 60995350212               /inspire/hdd/project/multi-agent/zhangweinan-24046/PA/envs/personal/lib/python3.10/site-packages/scipy/sparse/linalg/_eigen/arpack/_arpack.cpython-310-x86_64-linux-gnu.so
7feccea01000-7feccea1d000 r--p 00075000 00:1ba 60995350212               /inspire/hdd/project/multi-agent/zhangweinan-24046/PA/envs/personal/lib/python3.10/site-packages/scipy/sparse/linalg/_eigen/arpack/_arpack.cpython-310-x86_64-linux-gnu.so
7feccea1d000-7feccea1e000 r--p 00090000 00:1ba 60995350212               /inspire/hdd/project/multi-agent/zhangweinan-24046/PA/envs/personal/lib/python3.10/site-packages/scipy/sparse/linalg/_eigen/arpack/_arpack.cpython-310-x86_64-linux-gnu.so
7feccea1e000-7feccea2c000 rw-p 00091000 00:1ba 60995350212               /inspire/hdd/project/multi-agent/zhangweinan-24046/PA/envs/personal/lib/python3.10/site-packages/scipy/sparse/linalg/_eigen/arpack/_arpack.cpython-310-x86_64-linux-gnu.so
7feccea2c000-7feccea2d000 rw-p 00000000 00:00 0 
7feccea2d000-7feccea3e000 rw-p 000bf000 00:1ba 60995350212               /inspire/hdd/project/multi-agent/zhangweinan-24046/PA/envs/personal/lib/python3.10/site-packages/scipy/sparse/linalg/_eigen/arpack/_arpack.cpython-310-x86_64-linux-gnu.so
7feccea3e000-7feccea45000 rw-p 000d0000 00:1ba 60995350212               /inspire/hdd/project/multi-agent/zhangweinan-24046/PA/envs/personal/lib/python3.10/site-packages/scipy/sparse/linalg/_eigen/arpack/_arpack.cpython-310-x86_64-linux-gnu.so
7feccea45000-7feccea61000 r--p 00000000 00:1ba 56346268149               /inspire/hdd/project/multi-agent/zhangweinan-24046/PA/envs/personal/lib/python3.10/site-packages/scipy/sparse/linalg/_dsolve/_superlu.cpython-310-x86_64-linux-gnu.so
7feccea61000-7fecceaba000 r-xp 0001c000 00:1ba 56346268149               /inspire/hdd/project/multi-agent/zhangweinan-24046/PA/envs/personal/lib/python3.10/site-packages/scipy/sparse/linalg/_dsolve/_superlu.cpython-310-x86_64-linux-gnu.so
7fecceaba000-7feccead0000 r--p 00075000 00:1ba 56346268149               /inspire/hdd/project/multi-agent/zhangweinan-24046/PA/envs/personal/lib/python3.10/site-packages/scipy/sparse/linalg/_dsolve/_superlu.cpython-310-x86_64-linux-gnu.so
7feccead0000-7feccead1000 r--p 0008a000 00:1ba 56346268149               /inspire/hdd/project/multi-agent/zhangweinan-24046/PA/envs/personal/lib/python3.10/site-packages/scipy/sparse/linalg/_dsolve/_superlu.cpython-310-x86_64-linux-gnu.so
7feccead1000-7feccead6000 rw-p 0008b000 00:1ba 56346268149               /inspire/hdd/project/multi-agent/zhangweinan-24046/PA/envs/personal/lib/python3.10/site-packages/scipy/sparse/linalg/_dsolve/_superlu.cpython-310-x86_64-linux-gnu.so
7feccead6000-7fecceae7000 rw-p 000af000 00:1ba 56346268149               /inspire/hdd/project/multi-agent/zhangweinan-24046/PA/envs/personal/lib/python3.10/site-packages/scipy/sparse/linalg/_dsolve/_superlu.cpython-310-x86_64-linux-gnu.so
7fecceae7000-7fecceaee000 rw-p 000c0000 00:1ba 56346268149               /inspire/hdd/project/multi-agent/zhangweinan-24046/PA/envs/personal/lib/python3.10/site-packages/scipy/sparse/linalg/_dsolve/_superlu.cpython-310-x86_64-linux-gnu.so
7fecceaee000-7fecceaf5000 r--p 00000000 00:1ba 61000955672               /inspire/hdd/project/multi-agent/zhangweinan-24046/PA/envs/personal/lib/python3.10/site-packages/scipy/linalg/cython_blas.cpython-310-x86_64-linux-gnu.so
7fecceaf5000-7fecceb21000 r-xp 00007000 00:1ba 61000955672               /inspire/hdd/project/multi-agent/zhangweinan-24046/PA/envs/personal/lib/python3.10/site-packages/scipy/linalg/cython_blas.cpython-310-x86_64-linux-gnu.so
7fecceb21000-7fecceb2f000 r--p 00033000 00:1ba 61000955672               /inspire/hdd/project/multi-agent/zhangweinan-24046/PA/envs/personal/lib/python3.10/site-packages/scipy/linalg/cython_blas.cpython-310-x86_64-linux-gnu.so
7fecceb2f000-7fecceb30000 ---p 00041000 00:1ba 61000955672               /inspire/hdd/project/multi-agent/zhangweinan-24046/PA/envs/personal/lib/python3.10/site-packages/scipy/linalg/cython_blas.cpython-310-x86_64-linux-gnu.so
7fecceb30000-7fecceb31000 r--p 00041000 00:1ba 61000955672               /inspire/hdd/project/multi-agent/zhangweinan-24046/PA/envs/personal/lib/python3.10/site-packages/scipy/linalg/cython_blas.cpython-310-x86_64-linux-gnu.so
7fecceb31000-7fecceb33000 rw-p 00042000 00:1ba 61000955672               /inspire/hdd/project/multi-agent/zhangweinan-24046/PA/envs/personal/lib/python3.10/site-packages/scipy/linalg/cython_blas.cpython-310-x86_64-linux-gnu.so
7fecceb33000-7fecceb34000 rw-p 00000000 00:00 0 
7fecceb34000-7fecceb38000 rw-p 00051000 00:1ba 61000955672               /inspire/hdd/project/multi-agent/zhangweinan-24046/PA/envs/personal/lib/python3.10/site-packages/scipy/linalg/cython_blas.cpython-310-x86_64-linux-gnu.so
7fecceb38000-7fecceb3a000 rw-p 00055000 00:1ba 61000955672               /inspire/hdd/project/multi-agent/zhangweinan-24046/PA/envs/personal/lib/python3.10/site-packages/scipy/linalg/cython_blas.cpython-310-x86_64-linux-gnu.so
7fecceb3a000-7fecceb3e000 r--p 00000000 00:1ba 60999087318               /inspire/hdd/project/multi-agent/zhangweinan-24046/PA/envs/personal/lib/python3.10/site-packages/scipy/linalg/_decomp_update.cpython-310-x86_64-linux-gnu.so
7fecceb3e000-7fecceb7c000 r-xp 00004000 00:1ba 60999087318               /inspire/hdd/project/multi-agent/zhangweinan-24046/PA/envs/personal/lib/python3.10/site-packages/scipy/linalg/_decomp_update.cpython-310-x86_64-linux-gnu.so
7fecceb7c000-7fecceb8c000 r--p 00042000 00:1ba 60999087318               /inspire/hdd/project/multi-agent/zhangweinan-24046/PA/envs/personal/lib/python3.10/site-packages/scipy/linalg/_decomp_update.cpython-310-x86_64-linux-gnu.so
7fecceb8c000-7fecceb8d000 r--p 00051000 00:1ba 60999087318               /inspire/hdd/project/multi-agent/zhangweinan-24046/PA/envs/personal/lib/python3.10/site-packages/scipy/linalg/_decomp_update.cpython-310-x86_64-linux-gnu.so
7fecceb8d000-7fecceb8e000 rw-p 00052000 00:1ba 60999087318               /inspire/hdd/project/multi-agent/zhangweinan-24046/PA/envs/personal/lib/python3.10/site-packages/scipy/linalg/_decomp_update.cpython-310-x86_64-linux-gnu.so
7fecceb8e000-7fecceb8f000 rw-p 00000000 00:00 0 
7fecceb8f000-7feccebcc000 r--p 00000000 00:1ba 60999087313               /inspire/hdd/project/multi-agent/zhangweinan-24046/PA/envs/personal/lib/python3.10/site-packages/scipy/linalg/_flapack.cpython-310-x86_64-linux-gnu.so
7feccebcc000-7feccec99000 r-xp 0003d000 00:1ba 60999087313               /inspire/hdd/project/multi-agent/zhangweinan-24046/PA/envs/personal/lib/python3.10/site-packages/scipy/linalg/_flapack.cpython-310-x86_64-linux-gnu.so
7feccec99000-7fecced19000 r--p 0010a000 00:1ba 60999087313               /inspire/hdd/project/multi-agent/zhangweinan-24046/PA/envs/personal/lib/python3.10/site-packages/scipy/linalg/_flapack.cpython-310-x86_64-linux-gnu.so
7fecced19000-7fecced1a000 r--p 00189000 00:1ba 60999087313               /inspire/hdd/project/multi-agent/zhangweinan-24046/PA/envs/personal/lib/python3.10/site-packages/scipy/linalg/_flapack.cpython-310-x86_64-linux-gnu.so
7fecced1a000-7fecceda9000 rw-p 0018a000 00:1ba 60999087313               /inspire/hdd/project/multi-agent/zhangweinan-24046/PA/envs/personal/lib/python3.10/site-packages/scipy/linalg/_flapack.cpython-310-x86_64-linux-gnu.so
7fecceda9000-7feccedba000 rw-p 00246000 00:1ba 60999087313               /inspire/hdd/project/multi-agent/zhangweinan-24046/PA/envs/personal/lib/python3.10/site-packages/scipy/linalg/_flapack.cpython-310-x86_64-linux-gnu.so
7feccedba000-7feccedc1000 rw-p 00257000 00:1ba 60999087313               /inspire/hdd/project/multi-agent/zhangweinan-24046/PA/envs/personal/lib/python3.10/site-packages/scipy/linalg/_flapack.cpython-310-x86_64-linux-gnu.so
7feccedc1000-7feccedc2000 ---p 00000000 00:00 0 
7feccedc2000-7feccf5c2000 rw-p 00000000 00:00 0 
7feccf5c2000-7feccf5c3000 ---p 00000000 00:00 0 
7feccf5c3000-7feccfdc3000 rw-p 00000000 00:00 0 
7feccfdc3000-7feccfdc4000 ---p 00000000 00:00 0 
7feccfdc4000-7fecd05c4000 rw-p 00000000 00:00 0 
7fecd05c4000-7fecd05c5000 ---p 00000000 00:00 0 
7fecd05c5000-7fecd0dc5000 rw-p 00000000 00:00 0 
7fecd0dc5000-7fecd0dc6000 ---p 00000000 00:00 0 
7fecd0dc6000-7fecd15c6000 rw-p 00000000 00:00 0 
7fecd15c6000-7fecd15c7000 ---p 00000000 00:00 0 
7fecd15c7000-7fecd1dc7000 rw-p 00000000 00:00 0 
7fecd1dc7000-7fecd1dc8000 ---p 00000000 00:00 0 
7fecd1dc8000-7fecd25c8000 rw-p 00000000 00:00 0 
7fecd25c8000-7fecd25c9000 ---p 00000000 00:00 0 
7fecd25c9000-7fecd2dc9000 rw-p 00000000 00:00 0 
7fecd2dc9000-7fecd2dca000 ---p 00000000 00:00 0 
7fecd2dca000-7fecd35ca000 rw-p 00000000 00:00 0 
7fecd35ca000-7fecd35cb000 ---p 00000000 00:00 0 
7fecd35cb000-7fecd3dcb000 rw-p 00000000 00:00 0 
7fecd3dcb000-7fecd3dcc000 ---p 00000000 00:00 0 
7fecd3dcc000-7fecd45cc000 rw-p 00000000 00:00 0 
7fecd45cc000-7fecd45cd000 ---p 00000000 00:00 0 
7fecd45cd000-7fecd4dcd000 rw-p 00000000 00:00 0 
7fecd4dcd000-7fecd4dce000 ---p 00000000 00:00 0 
7fecd4dce000-7fecd55ce000 rw-p 00000000 00:00 0 
7fecd55ce000-7fecd55cf000 ---p 00000000 00:00 0 
7fecd55cf000-7fecd5dcf000 rw-p 00000000 00:00 0 
7fecd5dcf000-7fecd5dd0000 ---p 00000000 00:00 0 
7fecd5dd0000-7fecd65d0000 rw-p 00000000 00:00 0 
7fecd65d0000-7fecd65d1000 ---p 00000000 00:00 0 
7fecd65d1000-7fecd6dd1000 rw-p 00000000 00:00 0 
7fecd6dd1000-7fecd6dd2000 ---p 00000000 00:00 0 
7fecd6dd2000-7fecd75d2000 rw-p 00000000 00:00 0 
7fecd75d2000-7fecd75d3000 ---p 00000000 00:00 0 
7fecd75d3000-7fecd7dd3000 rw-p 00000000 00:00 0 
7fecd7dd3000-7fecd7dd4000 ---p 00000000 00:00 0 
7fecd7dd4000-7fecd85d4000 rw-p 00000000 00:00 0 
7fecd85d4000-7fecd85d5000 ---p 00000000 00:00 0 
7fecd85d5000-7fecd8dd5000 rw-p 00000000 00:00 0 
7fecd8dd5000-7fecd8dd6000 ---p 00000000 00:00 0 
7fecd8dd6000-7fecd95d6000 rw-p 00000000 00:00 0 
7fecd95d6000-7fecd95d7000 ---p 00000000 00:00 0 
7fecd95d7000-7fecd9dd7000 rw-p 00000000 00:00 0 
7fecd9dd7000-7fecd9dd8000 ---p 00000000 00:00 0 
7fecd9dd8000-7fecda5d8000 rw-p 00000000 00:00 0 
7fecda5d8000-7fecda5d9000 ---p 00000000 00:00 0 
7fecda5d9000-7fecdadd9000 rw-p 00000000 00:00 0 
7fecdadd9000-7fecdadda000 ---p 00000000 00:00 0 
7fecdadda000-7fecdb5da000 rw-p 00000000 00:00 0 
7fecdb5da000-7fecdb5db000 ---p 00000000 00:00 0 
7fecdb5db000-7fecdbddb000 rw-p 00000000 00:00 0 
7fecdbddb000-7fecdbddc000 ---p 00000000 00:00 0 
7fecdbddc000-7fecdc5dc000 rw-p 00000000 00:00 0 
7fecdc5dc000-7fecdc5dd000 ---p 00000000 00:00 0 
7fecdc5dd000-7fecdcddd000 rw-p 00000000 00:00 0 
7fecdcddd000-7fecdcdde000 ---p 00000000 00:00 0 
7fecdcdde000-7fecdd5de000 rw-p 00000000 00:00 0 
7fecdd5de000-7fecdd5df000 ---p 00000000 00:00 0 
7fecdd5df000-7fecddddf000 rw-p 00000000 00:00 0 
7fecddddf000-7fecddde0000 ---p 00000000 00:00 0 
7fecddde0000-7fecde5e0000 rw-p 00000000 00:00 0 
7fecde5e0000-7fecde5e1000 ---p 00000000 00:00 0 
7fecde5e1000-7fecdede1000 rw-p 00000000 00:00 0 
7fecdede1000-7fecdede2000 ---p 00000000 00:00 0 
7fecdede2000-7fecdf5e2000 rw-p 00000000 00:00 0 
7fecdf5e2000-7fecdf5e3000 ---p 00000000 00:00 0 
7fecdf5e3000-7fecdfde3000 rw-p 00000000 00:00 0 
7fecdfde3000-7fecdfde4000 ---p 00000000 00:00 0 
7fecdfde4000-7fece05e4000 rw-p 00000000 00:00 0 
7fece05e4000-7fece05e5000 ---p 00000000 00:00 0 
7fece05e5000-7fece0de5000 rw-p 00000000 00:00 0 
7fece0de5000-7fece0de6000 ---p 00000000 00:00 0 
7fece0de6000-7fece15e6000 rw-p 00000000 00:00 0 
7fece15e6000-7fece15e7000 ---p 00000000 00:00 0 
7fece15e7000-7fece1de7000 rw-p 00000000 00:00 0 
7fece1de7000-7fece1de8000 ---p 00000000 00:00 0 
7fece1de8000-7fece25e8000 rw-p 00000000 00:00 0 
7fece25e8000-7fece25e9000 ---p 00000000 00:00 0 
7fece25e9000-7fece2de9000 rw-p 00000000 00:00 0 
7fece2de9000-7fece2dea000 ---p 00000000 00:00 0 
7fece2dea000-7fece35ea000 rw-p 00000000 00:00 0 
7fece35ea000-7fece35eb000 ---p 00000000 00:00 0 
7fece35eb000-7fece3deb000 rw-p 00000000 00:00 0 
7fece3deb000-7fece3dec000 ---p 00000000 00:00 0 
7fece3dec000-7fece45ec000 rw-p 00000000 00:00 0 
7fece45ec000-7fece45ed000 ---p 00000000 00:00 0 
7fece45ed000-7fece4ded000 rw-p 00000000 00:00 0 
7fece4ded000-7fece4dee000 ---p 00000000 00:00 0 
7fece4dee000-7fece55ee000 rw-p 00000000 00:00 0 
7fece55ee000-7fece55ef000 ---p 00000000 00:00 0 
7fece55ef000-7fece5def000 rw-p 00000000 00:00 0 
7fece5def000-7fece5df0000 ---p 00000000 00:00 0 
7fece5df0000-7fece65f0000 rw-p 00000000 00:00 0 
7fece65f0000-7fece65f1000 ---p 00000000 00:00 0 
7fece65f1000-7fece6df1000 rw-p 00000000 00:00 0 
7fece6df1000-7fece6df2000 ---p 00000000 00:00 0 
7fece6df2000-7fece75f2000 rw-p 00000000 00:00 0 
7fece75f2000-7fece75f3000 ---p 00000000 00:00 0 
7fece75f3000-7fece7df3000 rw-p 00000000 00:00 0 
7fece7df3000-7fece7df4000 ---p 00000000 00:00 0 
7fece7df4000-7fece85f4000 rw-p 00000000 00:00 0 
7fece85f4000-7fece85f5000 ---p 00000000 00:00 0 
7fece85f5000-7fece8df5000 rw-p 00000000 00:00 0 
7fece8df5000-7fece8df6000 ---p 00000000 00:00 0 
7fece8df6000-7fece95f6000 rw-p 00000000 00:00 0 
7fece95f6000-7fece95f7000 ---p 00000000 00:00 0 
7fece95f7000-7fece9df7000 rw-p 00000000 00:00 0 
7fece9df7000-7fece9df8000 ---p 00000000 00:00 0 
7fece9df8000-7fecea5f8000 rw-p 00000000 00:00 0 
7fecea5f8000-7fecea5f9000 ---p 00000000 00:00 0 
7fecea5f9000-7feceadf9000 rw-p 00000000 00:00 0 
7feceadf9000-7feceadfa000 ---p 00000000 00:00 0 
7feceadfa000-7feceb5fa000 rw-p 00000000 00:00 0 
7feceb5fa000-7feceb5fb000 ---p 00000000 00:00 0 
7feceb5fb000-7fecebdfb000 rw-p 00000000 00:00 0 
7fecebdfb000-7fecebdfc000 ---p 00000000 00:00 0 
7fecebdfc000-7fecec5fc000 rw-p 00000000 00:00 0 
7fecec5fc000-7fecec5fd000 ---p 00000000 00:00 0 
7fecec5fd000-7fececdfd000 rw-p 00000000 00:00 0 
7fececdfd000-7fececdfe000 ---p 00000000 00:00 0 
7fececdfe000-7feced5fe000 rw-p 00000000 00:00 0 
7feced5fe000-7feced5ff000 ---p 00000000 00:00 0 
7feced5ff000-7feceddff000 rw-p 00000000 00:00 0 
7feceddff000-7fecede00000 ---p 00000000 00:00 0 
7fecede00000-7fecee600000 rw-p 00000000 00:00 0 
7fecee600000-7fed6e600000 rw-p 00000000 00:00 0 
7fed6e600000-7fed6e63b000 r-xp 00000000 00:1ba 44778075761               /inspire/hdd/project/multi-agent/zhangweinan-24046/PA/envs/personal/lib/python3.10/site-packages/scipy.libs/libquadmath-96973f99-934c22de.so.0.0.0
7fed6e63b000-7fed6e83a000 ---p 0003b000 00:1ba 44778075761               /inspire/hdd/project/multi-agent/zhangweinan-24046/PA/envs/personal/lib/python3.10/site-packages/scipy.libs/libquadmath-96973f99-934c22de.so.0.0.0
7fed6e83a000-7fed6e83b000 r--p 0003a000 00:1ba 44778075761               /inspire/hdd/project/multi-agent/zhangweinan-24046/PA/envs/personal/lib/python3.10/site-packages/scipy.libs/libquadmath-96973f99-934c22de.so.0.0.0
7fed6e83b000-7fed6e83c000 rw-p 0003b000 00:1ba 44778075761               /inspire/hdd/project/multi-agent/zhangweinan-24046/PA/envs/personal/lib/python3.10/site-packages/scipy.libs/libquadmath-96973f99-934c22de.so.0.0.0
7fed6e83c000-7fed6e83d000 rw-p 0003c000 00:1ba 44778075761               /inspire/hdd/project/multi-agent/zhangweinan-24046/PA/envs/personal/lib/python3.10/site-packages/scipy.libs/libquadmath-96973f99-934c22de.so.0.0.0
7fed6e83d000-7fed6e83e000 rw-p 0003d000 00:1ba 44778075761               /inspire/hdd/project/multi-agent/zhangweinan-24046/PA/envs/personal/lib/python3.10/site-packages/scipy.libs/libquadmath-96973f99-934c22de.so.0.0.0
7fed6e83e000-7fed6e83f000 r--p 00000000 00:1ba 60999087171               /inspire/hdd/project/multi-agent/zhangweinan-24046/PA/envs/personal/lib/python3.10/site-packages/scipy/optimize/_lsap.cpython-310-x86_64-linux-gnu.so
7fed6e83f000-7fed6e841000 r-xp 00001000 00:1ba 60999087171               /inspire/hdd/project/multi-agent/zhangweinan-24046/PA/envs/personal/lib/python3.10/site-packages/scipy/optimize/_lsap.cpython-310-x86_64-linux-gnu.so
7fed6e841000-7fed6e843000 r--p 00003000 00:1ba 60999087171               /inspire/hdd/project/multi-agent/zhangweinan-24046/PA/envs/personal/lib/python3.10/site-packages/scipy/optimize/_lsap.cpython-310-x86_64-linux-gnu.so
7fed6e843000-7fed6e844000 r--p 00004000 00:1ba 60999087171               /inspire/hdd/project/multi-agent/zhangweinan-24046/PA/envs/personal/lib/python3.10/site-packages/scipy/optimize/_lsap.cpython-310-x86_64-linux-gnu.so
7fed6e844000-7fed6e845000 rw-p 00005000 00:1ba 60999087171               /inspire/hdd/project/multi-agent/zhangweinan-24046/PA/envs/personal/lib/python3.10/site-packages/scipy/optimize/_lsap.cpython-310-x86_64-linux-gnu.so
7fed6e845000-7fed6e846000 r--p 00000000 00:1ba 60999087182               /inspire/hdd/project/multi-agent/zhangweinan-24046/PA/envs/personal/lib/python3.10/site-packages/scipy/optimize/_zeros.cpython-310-x86_64-linux-gnu.so
7fed6e846000-7fed6e848000 r-xp 00001000 00:1ba 60999087182               /inspire/hdd/project/multi-agent/zhangweinan-24046/PA/envs/personal/lib/python3.10/site-packages/scipy/optimize/_zeros.cpython-310-x86_64-linux-gnu.so
7fed6e848000-7fed6e849000 r--p 00003000 00:1ba 60999087182               /inspire/hdd/project/multi-agent/zhangweinan-24046/PA/envs/personal/lib/python3.10/site-packages/scipy/optimize/_zeros.cpython-310-x86_64-linux-gnu.so
7fed6e849000-7fed6e84a000 r--p 00003000 00:1ba 60999087182               /inspire/hdd/project/multi-agent/zhangweinan-24046/PA/envs/personal/lib/python3.10/site-packages/scipy/optimize/_zeros.cpython-310-x86_64-linux-gnu.so
7fed6e84a000-7fed6e84b000 rw-p 00004000 00:1ba 60999087182               /inspire/hdd/project/multi-agent/zhangweinan-24046/PA/envs/personal/lib/python3.10/site-packages/scipy/optimize/_zeros.cpython-310-x86_64-linux-gnu.so
7fed6e84b000-7fed6e84e000 r--p 00000000 00:1ba 44801089767               /inspire/hdd/project/multi-agent/zhangweinan-24046/PA/envs/personal/lib/python3.10/site-packages/scipy/_lib/messagestream.cpython-310-x86_64-linux-gnu.so
7fed6e84e000-7fed6e858000 r-xp 00003000 00:1ba 44801089767               /inspire/hdd/project/multi-agent/zhangweinan-24046/PA/envs/personal/lib/python3.10/site-packages/scipy/_lib/messagestream.cpython-310-x86_64-linux-gnu.so
7fed6e858000-7fed6e85b000 r--p 0000d000 00:1ba 44801089767               /inspire/hdd/project/multi-agent/zhangweinan-24046/PA/envs/personal/lib/python3.10/site-packages/scipy/_lib/messagestream.cpython-310-x86_64-linux-gnu.so
7fed6e85b000-7fed6e85c000 r--p 0000f000 00:1ba 44801089767               /inspire/hdd/project/multi-agent/zhangweinan-24046/PA/envs/personal/lib/python3.10/site-packages/scipy/_lib/messagestream.cpython-310-x86_64-linux-gnu.so
7fed6e85c000-7fed6e85d000 rw-p 00010000 00:1ba 44801089767               /inspire/hdd/project/multi-agent/zhangweinan-24046/PA/envs/personal/lib/python3.10/site-packages/scipy/_lib/messagestream.cpython-310-x86_64-linux-gnu.so
7fed6e85d000-7fed6e878000 r--p 00000000 00:1ba 60999087353               /inspire/hdd/project/multi-agent/zhangweinan-24046/PA/envs/personal/lib/python3.10/site-packages/scipy/linalg/_matfuncs_expm.cpython-310-x86_64-linux-gnu.so
7fed6e878000-7fed6e898000 r-xp 0001b000 00:1ba 60999087353               /inspire/hdd/project/multi-agent/zhangweinan-24046/PA/envs/personal/lib/python3.10/site-packages/scipy/linalg/_matfuncs_expm.cpython-310-x86_64-linux-gnu.so
7fed6e898000-7fed6e8a6000 r--p 0003b000 00:1ba 60999087353               /inspire/hdd/project/multi-agent/zhangweinan-24046/PA/envs/personal/lib/python3.10/site-packages/scipy/linalg/_matfuncs_expm.cpython-310-x86_64-linux-gnu.so
7fed6e8a6000-7fed6e8a7000 r--p 00048000 00:1ba 60999087353               /inspire/hdd/project/multi-agent/zhangweinan-24046/PA/envs/personal/lib/python3.10/site-packages/scipy/linalg/_matfuncs_expm.cpython-310-x86_64-linux-gnu.so
7fed6e8a7000-7fed6e8ab000 rw-p 00049000 00:1ba 60999087353               /inspire/hdd/project/multi-agent/zhangweinan-24046/PA/envs/personal/lib/python3.10/site-packages/scipy/linalg/_matfuncs_expm.cpython-310-x86_64-linux-gnu.so
7fed6e8ab000-7fed6e8bb000 rw-p 00067000 00:1ba 60999087353               /inspire/hdd/project/multi-agent/zhangweinan-24046/PA/envs/personal/lib/python3.10/site-packages/scipy/linalg/_matfuncs_expm.cpython-310-x86_64-linux-gnu.so
7fed6e8bb000-7fed6e8c1000 rw-p 00077000 00:1ba 60999087353               /inspire/hdd/project/multi-agent/zhangweinan-24046/PA/envs/personal/lib/python3.10/site-packages/scipy/linalg/_matfuncs_expm.cpython-310-x86_64-linux-gnu.so
7fed6e8c1000-7fed6e8c6000 r--p 00000000 00:1ba 61000955651               /inspire/hdd/project/multi-agent/zhangweinan-24046/PA/envs/personal/lib/python3.10/site-packages/scipy/linalg/_matfuncs_sqrtm_triu.cpython-310-x86_64-linux-gnu.so
7fed6e8c6000-7fed6e8f4000 r-xp 00005000 00:1ba 61000955651               /inspire/hdd/project/multi-agent/zhangweinan-24046/PA/envs/personal/lib/python3.10/site-packages/scipy/linalg/_matfuncs_sqrtm_triu.cpython-310-x86_64-linux-gnu.so
7fed6e8f4000-7fed6e8fc000 r--p 00033000 00:1ba 61000955651               /inspire/hdd/project/multi-agent/zhangweinan-24046/PA/envs/personal/lib/python3.10/site-packages/scipy/linalg/_matfuncs_sqrtm_triu.cpython-310-x86_64-linux-gnu.so
7fed6e8fc000-7fed6e8fd000 r--p 0003a000 00:1ba 61000955651               /inspire/hdd/project/multi-agent/zhangweinan-24046/PA/envs/personal/lib/python3.10/site-packages/scipy/linalg/_matfuncs_sqrtm_triu.cpython-310-x86_64-linux-gnu.so
7fed6e8fd000-7fed6e8ff000 rw-p 0003b000 00:1ba 61000955651               /inspire/hdd/project/multi-agent/zhangweinan-24046/PA/envs/personal/lib/python3.10/site-packages/scipy/linalg/_matfuncs_sqrtm_triu.cpython-310-x86_64-linux-gnu.so
7fed6e8ff000-7fed6ea00000 rw-p 00000000 00:00 0 
7fed6ea00000-7fed6ec76000 r-xp 00000000 00:1ba 44778075757               /inspire/hdd/project/multi-agent/zhangweinan-24046/PA/envs/personal/lib/python3.10/site-packages/scipy.libs/libgfortran-040039e1-0352e75f.so.5.0.0
7fed6ec76000-7fed6ee75000 ---p 00276000 00:1ba 44778075757               /inspire/hdd/project/multi-agent/zhangweinan-24046/PA/envs/personal/lib/python3.10/site-packages/scipy.libs/libgfortran-040039e1-0352e75f.so.5.0.0
7fed6ee75000-7fed6ee76000 r--p 00275000 00:1ba 44778075757               /inspire/hdd/project/multi-agent/zhangweinan-24046/PA/envs/personal/lib/python3.10/site-packages/scipy.libs/libgfortran-040039e1-0352e75f.so.5.0.0
7fed6ee76000-7fed6ee78000 rw-p 00276000 00:1ba 44778075757               /inspire/hdd/project/multi-agent/zhangweinan-24046/PA/envs/personal/lib/python3.10/site-packages/scipy.libs/libgfortran-040039e1-0352e75f.so.5.0.0
7fed6ee78000-7fed6ee84000 rw-p 0027b000 00:1ba 44778075757               /inspire/hdd/project/multi-agent/zhangweinan-24046/PA/envs/personal/lib/python3.10/site-packages/scipy.libs/libgfortran-040039e1-0352e75f.so.5.0.0
7fed6ee84000-7fed6ee8d000 rw-p 00287000 00:1ba 44778075757               /inspire/hdd/project/multi-agent/zhangweinan-24046/PA/envs/personal/lib/python3.10/site-packages/scipy.libs/libgfortran-040039e1-0352e75f.so.5.0.0
7fed6ee8d000-7fed6ee96000 rw-p 00290000 00:1ba 44778075757               /inspire/hdd/project/multi-agent/zhangweinan-24046/PA/envs/personal/lib/python3.10/site-packages/scipy.libs/libgfortran-040039e1-0352e75f.so.5.0.0
7fed6ee96000-7fed6ee9f000 rw-p 00299000 00:1ba 44778075757               /inspire/hdd/project/multi-agent/zhangweinan-24046/PA/envs/personal/lib/python3.10/site-packages/scipy.libs/libgfortran-040039e1-0352e75f.so.5.0.0
7fed6ee9f000-7fed6eea8000 rw-p 002a2000 00:1ba 44778075757               /inspire/hdd/project/multi-agent/zhangweinan-24046/PA/envs/personal/lib/python3.10/site-packages/scipy.libs/libgfortran-040039e1-0352e75f.so.5.0.0
7fed6eea8000-7fed6eeb1000 rw-p 002ab000 00:1ba 44778075757               /inspire/hdd/project/multi-agent/zhangweinan-24046/PA/envs/personal/lib/python3.10/site-packages/scipy.libs/libgfortran-040039e1-0352e75f.so.5.0.0
7fed6eeb3000-7fed6eeb6000 r--p 00000000 00:1ba 57159064977               /inspire/hdd/project/multi-agent/zhangweinan-24046/PA/envs/personal/lib/python3.10/site-packages/scipy/special/_ellip_harm_2.cpython-310-x86_64-linux-gnu.so
7fed6eeb6000-7fed6eeca000 r-xp 00003000 00:1ba 57159064977               /inspire/hdd/project/multi-agent/zhangweinan-24046/PA/envs/personal/lib/python3.10/site-packages/scipy/special/_ellip_harm_2.cpython-310-x86_64-linux-gnu.so
7fed6eeca000-7fed6eecd000 r--p 00017000 00:1ba 57159064977               /inspire/hdd/project/multi-agent/zhangweinan-24046/PA/envs/personal/lib/python3.10/site-packages/scipy/special/_ellip_harm_2.cpython-310-x86_64-linux-gnu.so
7fed6eecd000-7fed6eece000 r--p 00019000 00:1ba 57159064977               /inspire/hdd/project/multi-agent/zhangweinan-24046/PA/envs/personal/lib/python3.10/site-packages/scipy/special/_ellip_harm_2.cpython-310-x86_64-linux-gnu.so
7fed6eece000-7fed6eecf000 rw-p 0001a000 00:1ba 57159064977               /inspire/hdd/project/multi-agent/zhangweinan-24046/PA/envs/personal/lib/python3.10/site-packages/scipy/special/_ellip_harm_2.cpython-310-x86_64-linux-gnu.so
7fed6eecf000-7fed6eed1000 rw-p 0001f000 00:1ba 57159064977               /inspire/hdd/project/multi-agent/zhangweinan-24046/PA/envs/personal/lib/python3.10/site-packages/scipy/special/_ellip_harm_2.cpython-310-x86_64-linux-gnu.so
7fed6eed1000-7fed6eed2000 rw-p 00021000 00:1ba 57159064977               /inspire/hdd/project/multi-agent/zhangweinan-24046/PA/envs/personal/lib/python3.10/site-packages/scipy/special/_ellip_harm_2.cpython-310-x86_64-linux-gnu.so
7fed6eed2000-7fed6eed5000 r--p 00000000 00:1ba 60999087314               /inspire/hdd/project/multi-agent/zhangweinan-24046/PA/envs/personal/lib/python3.10/site-packages/scipy/linalg/_linalg_pythran.cpython-310-x86_64-linux-gnu.so
7fed6eed5000-7fed6eee9000 r-xp 00003000 00:1ba 60999087314               /inspire/hdd/project/multi-agent/zhangweinan-24046/PA/envs/personal/lib/python3.10/site-packages/scipy/linalg/_linalg_pythran.cpython-310-x86_64-linux-gnu.so
7fed6eee9000-7fed6eeed000 r--p 00017000 00:1ba 60999087314               /inspire/hdd/project/multi-agent/zhangweinan-24046/PA/envs/personal/lib/python3.10/site-packages/scipy/linalg/_linalg_pythran.cpython-310-x86_64-linux-gnu.so
7fed6eeed000-7fed6eeee000 r--p 0001a000 00:1ba 60999087314               /inspire/hdd/project/multi-agent/zhangweinan-24046/PA/envs/personal/lib/python3.10/site-packages/scipy/linalg/_linalg_pythran.cpython-310-x86_64-linux-gnu.so
7fed6eeee000-7fed6eeef000 rw-p 0001b000 00:1ba 60999087314               /inspire/hdd/project/multi-agent/zhangweinan-24046/PA/envs/personal/lib/python3.10/site-packages/scipy/linalg/_linalg_pythran.cpython-310-x86_64-linux-gnu.so
7fed6eeef000-7fed6eef4000 r--p 00000000 00:1ba 60999087352               /inspire/hdd/project/multi-agent/zhangweinan-24046/PA/envs/personal/lib/python3.10/site-packages/scipy/linalg/_decomp_lu_cython.cpython-310-x86_64-linux-gnu.so
7fed6eef4000-7fed6ef20000 r-xp 00005000 00:1ba 60999087352               /inspire/hdd/project/multi-agent/zhangweinan-24046/PA/envs/personal/lib/python3.10/site-packages/scipy/linalg/_decomp_lu_cython.cpython-310-x86_64-linux-gnu.so
7fed6ef20000-7fed6ef28000 r--p 00031000 00:1ba 60999087352               /inspire/hdd/project/multi-agent/zhangweinan-24046/PA/envs/personal/lib/python3.10/site-packages/scipy/linalg/_decomp_lu_cython.cpython-310-x86_64-linux-gnu.so
7fed6ef28000-7fed6ef29000 r--p 00038000 00:1ba 60999087352               /inspire/hdd/project/multi-agent/zhangweinan-24046/PA/envs/personal/lib/python3.10/site-packages/scipy/linalg/_decomp_lu_cython.cpython-310-x86_64-linux-gnu.so
7fed6ef29000-7fed6ef2b000 rw-p 00039000 00:1ba 60999087352               /inspire/hdd/project/multi-agent/zhangweinan-24046/PA/envs/personal/lib/python3.10/site-packages/scipy/linalg/_decomp_lu_cython.cpython-310-x86_64-linux-gnu.so
7fed6ef2b000-7fed6ef2c000 rw-p 00000000 00:00 0 
7fed6ef2c000-7fed6ef31000 r--p 00000000 00:1ba 60999087315               /inspire/hdd/project/multi-agent/zhangweinan-24046/PA/envs/personal/lib/python3.10/site-packages/scipy/linalg/_solve_toeplitz.cpython-310-x86_64-linux-gnu.so
7fed6ef31000-7fed6ef62000 r-xp 00005000 00:1ba 60999087315               /inspire/hdd/project/multi-agent/zhangweinan-24046/PA/envs/personal/lib/python3.10/site-packages/scipy/linalg/_solve_toeplitz.cpython-310-x86_64-linux-gnu.so
7fed6ef62000-7fed6ef6a000 r--p 00036000 00:1ba 60999087315               /inspire/hdd/project/multi-agent/zhangweinan-24046/PA/envs/personal/lib/python3.10/site-packages/scipy/linalg/_solve_toeplitz.cpython-310-x86_64-linux-gnu.so
7fed6ef6a000-7fed6ef6b000 ---p 0003e000 00:1ba 60999087315               /inspire/hdd/project/multi-agent/zhangweinan-24046/PA/envs/personal/lib/python3.10/site-packages/scipy/linalg/_solve_toeplitz.cpython-310-x86_64-linux-gnu.so
7fed6ef6b000-7fed6ef6c000 r--p 0003e000 00:1ba 60999087315               /inspire/hdd/project/multi-agent/zhangweinan-24046/PA/envs/personal/lib/python3.10/site-packages/scipy/linalg/_solve_toeplitz.cpython-310-x86_64-linux-gnu.so
7fed6ef6c000-7fed6ef6e000 rw-p 0003f000 00:1ba 60999087315               /inspire/hdd/project/multi-agent/zhangweinan-24046/PA/envs/personal/lib/python3.10/site-packages/scipy/linalg/_solve_toeplitz.cpython-310-x86_64-linux-gnu.so
7fed6ef6e000-7fed6ef6f000 rw-p 00000000 00:00 0 
7fed6ef6f000-7fed6ef89000 r--p 00000000 00:1ba 61000955655               /inspire/hdd/project/multi-agent/zhangweinan-24046/PA/envs/personal/lib/python3.10/site-packages/scipy/linalg/cython_lapack.cpython-310-x86_64-linux-gnu.so
7fed6ef89000-7fed6efa8000 r-xp 0001a000 00:1ba 61000955655               /inspire/hdd/project/multi-agent/zhangweinan-24046/PA/envs/personal/lib/python3.10/site-packages/scipy/linalg/cython_lapack.cpython-310-x86_64-linux-gnu.so
7fed6efa8000-7fed6f000000 r--p 00039000 00:1ba 61000955655               /inspire/hdd/project/multi-agent/zhangweinan-24046/PA/envs/personal/lib/python3.10/site-packages/scipy/linalg/cython_lapack.cpython-310-x86_64-linux-gnu.so
7fed6f000000-7fed6f001000 ---p 00091000 00:1ba 61000955655               /inspire/hdd/project/multi-agent/zhangweinan-24046/PA/envs/personal/lib/python3.10/site-packages/scipy/linalg/cython_lapack.cpython-310-x86_64-linux-gnu.so
7fed6f001000-7fed6f002000 r--p 00091000 00:1ba 61000955655               /inspire/hdd/project/multi-agent/zhangweinan-24046/PA/envs/personal/lib/python3.10/site-packages/scipy/linalg/cython_lapack.cpython-310-x86_64-linux-gnu.so
7fed6f002000-7fed6f006000 rw-p 00092000 00:1ba 61000955655               /inspire/hdd/project/multi-agent/zhangweinan-24046/PA/envs/personal/lib/python3.10/site-packages/scipy/linalg/cython_lapack.cpython-310-x86_64-linux-gnu.so
7fed6f006000-7fed6f016000 rw-p 000c1000 00:1ba 61000955655               /inspire/hdd/project/multi-agent/zhangweinan-24046/PA/envs/personal/lib/python3.10/site-packages/scipy/linalg/cython_lapack.cpython-310-x86_64-linux-gnu.so
7fed6f016000-7fed6f01c000 rw-p 000d1000 00:1ba 61000955655               /inspire/hdd/project/multi-agent/zhangweinan-24046/PA/envs/personal/lib/python3.10/site-packages/scipy/linalg/cython_lapack.cpython-310-x86_64-linux-gnu.so
7fed6f01c000-7fed6f022000 r--p 00000000 00:1ba 61000955658               /inspire/hdd/project/multi-agent/zhangweinan-24046/PA/envs/personal/lib/python3.10/site-packages/scipy/linalg/_cythonized_array_utils.cpython-310-x86_64-linux-gnu.so
7fed6f022000-7fed6f096000 r-xp 00006000 00:1ba 61000955658               /inspire/hdd/project/multi-agent/zhangweinan-24046/PA/envs/personal/lib/python3.10/site-packages/scipy/linalg/_cythonized_array_utils.cpython-310-x86_64-linux-gnu.so
7fed6f096000-7fed6f0a4000 r--p 0007a000 00:1ba 61000955658               /inspire/hdd/project/multi-agent/zhangweinan-24046/PA/envs/personal/lib/python3.10/site-packages/scipy/linalg/_cythonized_array_utils.cpython-310-x86_64-linux-gnu.so
7fed6f0a4000-7fed6f0a5000 ---p 00088000 00:1ba 61000955658               /inspire/hdd/project/multi-agent/zhangweinan-24046/PA/envs/personal/lib/python3.10/site-packages/scipy/linalg/_cythonized_array_utils.cpython-310-x86_64-linux-gnu.so
7fed6f0a5000-7fed6f0a6000 r--p 00088000 00:1ba 61000955658               /inspire/hdd/project/multi-agent/zhangweinan-24046/PA/envs/personal/lib/python3.10/site-packages/scipy/linalg/_cythonized_array_utils.cpython-310-x86_64-linux-gnu.so
7fed6f0a6000-7fed6f0a9000 rw-p 00089000 00:1ba 61000955658               /inspire/hdd/project/multi-agent/zhangweinan-24046/PA/envs/personal/lib/python3.10/site-packages/scipy/linalg/_cythonized_array_utils.cpython-310-x86_64-linux-gnu.so
7fed6f0a9000-7fed6f0aa000 rw-p 00000000 00:00 0 
7fed6f0aa000-7fed6f155000 r--p 00000000 00:1ba 44778075758               /inspire/hdd/project/multi-agent/zhangweinan-24046/PA/envs/personal/lib/python3.10/site-packages/scipy.libs/libscipy_openblas-68440149.so
7fed6f155000-7fed70266000 r-xp 000ab000 00:1ba 44778075758               /inspire/hdd/project/multi-agent/zhangweinan-24046/PA/envs/personal/lib/python3.10/site-packages/scipy.libs/libscipy_openblas-68440149.so
7fed70266000-7fed70415000 r--p 011bc000 00:1ba 44778075758               /inspire/hdd/project/multi-agent/zhangweinan-24046/PA/envs/personal/lib/python3.10/site-packages/scipy.libs/libscipy_openblas-68440149.so
7fed70415000-7fed7041b000 r--p 0136a000 00:1ba 44778075758               /inspire/hdd/project/multi-agent/zhangweinan-24046/PA/envs/personal/lib/python3.10/site-packages/scipy.libs/libscipy_openblas-68440149.so
7fed7041b000-7fed70426000 rw-p 01370000 00:1ba 44778075758               /inspire/hdd/project/multi-agent/zhangweinan-24046/PA/envs/personal/lib/python3.10/site-packages/scipy.libs/libscipy_openblas-68440149.so
7fed70426000-7fed7042e000 rw-p 00000000 00:00 0 
7fed7042e000-7fed70470000 rw-p 01435000 00:1ba 44778075758               /inspire/hdd/project/multi-agent/zhangweinan-24046/PA/envs/personal/lib/python3.10/site-packages/scipy.libs/libscipy_openblas-68440149.so
7fed70470000-7fed7049e000 rw-p 01477000 00:1ba 44778075758               /inspire/hdd/project/multi-agent/zhangweinan-24046/PA/envs/personal/lib/python3.10/site-packages/scipy.libs/libscipy_openblas-68440149.so
7fed7049e000-7fed704cc000 rw-p 014a5000 00:1ba 44778075758               /inspire/hdd/project/multi-agent/zhangweinan-24046/PA/envs/personal/lib/python3.10/site-packages/scipy.libs/libscipy_openblas-68440149.so
7fed704cc000-7fed704fa000 rw-p 014d3000 00:1ba 44778075758               /inspire/hdd/project/multi-agent/zhangweinan-24046/PA/envs/personal/lib/python3.10/site-packages/scipy.libs/libscipy_openblas-68440149.so
7fed704fa000-7fed70528000 rw-p 01501000 00:1ba 44778075758               /inspire/hdd/project/multi-agent/zhangweinan-24046/PA/envs/personal/lib/python3.10/site-packages/scipy.libs/libscipy_openblas-68440149.so
7fed70528000-7fed7054f000 r--p 00000000 00:1ba 61000955659               /inspire/hdd/project/multi-agent/zhangweinan-24046/PA/envs/personal/lib/python3.10/site-packages/scipy/linalg/_fblas.cpython-310-x86_64-linux-gnu.so
7fed7054f000-7fed70597000 r-xp 00027000 00:1ba 61000955659               /inspire/hdd/project/multi-agent/zhangweinan-24046/PA/envs/personal/lib/python3.10/site-packages/scipy/linalg/_fblas.cpython-310-x86_64-linux-gnu.so
7fed70597000-7fed705c4000 r--p 0006f000 00:1ba 61000955659               /inspire/hdd/project/multi-agent/zhangweinan-24046/PA/envs/personal/lib/python3.10/site-packages/scipy/linalg/_fblas.cpython-310-x86_64-linux-gnu.so
7fed705c4000-7fed705c5000 r--p 0009b000 00:1ba 61000955659               /inspire/hdd/project/multi-agent/zhangweinan-24046/PA/envs/personal/lib/python3.10/site-packages/scipy/linalg/_fblas.cpython-310-x86_64-linux-gnu.so
7fed705c5000-7fed705ee000 rw-p 0009c000 00:1ba 61000955659               /inspire/hdd/project/multi-agent/zhangweinan-24046/PA/envs/personal/lib/python3.10/site-packages/scipy/linalg/_fblas.cpython-310-x86_64-linux-gnu.so
7fed705ee000-7fed705ff000 rw-p 000e5000 00:1ba 61000955659               /inspire/hdd/project/multi-agent/zhangweinan-24046/PA/envs/personal/lib/python3.10/site-packages/scipy/linalg/_fblas.cpython-310-x86_64-linux-gnu.so
7fed705ff000-7fed70606000 rw-p 000f6000 00:1ba 61000955659               /inspire/hdd/project/multi-agent/zhangweinan-24046/PA/envs/personal/lib/python3.10/site-packages/scipy/linalg/_fblas.cpython-310-x86_64-linux-gnu.so
7fed70606000-7fed70706000 rw-p 00000000 00:00 0 
7fed70706000-7fed7070c000 r--p 00000000 00:1ba 56348136462               /inspire/hdd/project/multi-agent/zhangweinan-24046/PA/envs/personal/lib/python3.10/site-packages/scipy/sparse/_csparsetools.cpython-310-x86_64-linux-gnu.so
7fed7070c000-7fed707b0000 r-xp 00006000 00:1ba 56348136462               /inspire/hdd/project/multi-agent/zhangweinan-24046/PA/envs/personal/lib/python3.10/site-packages/scipy/sparse/_csparsetools.cpython-310-x86_64-linux-gnu.so
7fed707b0000-7fed707bf000 r--p 000aa000 00:1ba 56348136462               /inspire/hdd/project/multi-agent/zhangweinan-24046/PA/envs/personal/lib/python3.10/site-packages/scipy/sparse/_csparsetools.cpython-310-x86_64-linux-gnu.so
7fed707bf000-7fed707c0000 r--p 000b8000 00:1ba 56348136462               /inspire/hdd/project/multi-agent/zhangweinan-24046/PA/envs/personal/lib/python3.10/site-packages/scipy/sparse/_csparsetools.cpython-310-x86_64-linux-gnu.so
7fed707c0000-7fed707c3000 rw-p 000b9000 00:1ba 56348136462               /inspire/hdd/project/multi-agent/zhangweinan-24046/PA/envs/personal/lib/python3.10/site-packages/scipy/sparse/_csparsetools.cpython-310-x86_64-linux-gnu.so
7fed707c3000-7fed707c5000 rw-p 00000000 00:00 0 
7fed707c5000-7fed707c8000 r--p 00000000 00:1ba 56348136465               /inspire/hdd/project/multi-agent/zhangweinan-24046/PA/envs/personal/lib/python3.10/site-packages/scipy/sparse/_sparsetools.cpython-310-x86_64-linux-gnu.so
7fed707c8000-7fed70b7f000 r-xp 00003000 00:1ba 56348136465               /inspire/hdd/project/multi-agent/zhangweinan-24046/PA/envs/personal/lib/python3.10/site-packages/scipy/sparse/_sparsetools.cpython-310-x86_64-linux-gnu.so
7fed70b7f000-7fed70bd1000 r--p 003ba000 00:1ba 56348136465               /inspire/hdd/project/multi-agent/zhangweinan-24046/PA/envs/personal/lib/python3.10/site-packages/scipy/sparse/_sparsetools.cpython-310-x86_64-linux-gnu.so
7fed70bd1000-7fed70bd2000 r--p 0040b000 00:1ba 56348136465               /inspire/hdd/project/multi-agent/zhangweinan-24046/PA/envs/personal/lib/python3.10/site-packages/scipy/sparse/_sparsetools.cpython-310-x86_64-linux-gnu.so
7fed70bd2000-7fed70bd3000 rw-p 0040c000 00:1ba 56348136465               /inspire/hdd/project/multi-agent/zhangweinan-24046/PA/envs/personal/lib/python3.10/site-packages/scipy/sparse/_sparsetools.cpython-310-x86_64-linux-gnu.so
7fed70bd3000-7fed70cd3000 rw-p 00000000 00:00 0 
7fed70cd3000-7fed70cd7000 r--p 00000000 00:1ba 44801089759               /inspire/hdd/project/multi-agent/zhangweinan-24046/PA/envs/personal/lib/python3.10/site-packages/scipy/_lib/_ccallback_c.cpython-310-x86_64-linux-gnu.so
7fed70cd7000-7fed70ce5000 r-xp 00004000 00:1ba 44801089759               /inspire/hdd/project/multi-agent/zhangweinan-24046/PA/envs/personal/lib/python3.10/site-packages/scipy/_lib/_ccallback_c.cpython-310-x86_64-linux-gnu.so
7fed70ce5000-7fed70ce8000 r--p 00012000 00:1ba 44801089759               /inspire/hdd/project/multi-agent/zhangweinan-24046/PA/envs/personal/lib/python3.10/site-packages/scipy/_lib/_ccallback_c.cpython-310-x86_64-linux-gnu.so
7fed70ce8000-7fed70ce9000 r--p 00014000 00:1ba 44801089759               /inspire/hdd/project/multi-agent/zhangweinan-24046/PA/envs/personal/lib/python3.10/site-packages/scipy/_lib/_ccallback_c.cpython-310-x86_64-linux-gnu.so
7fed70ce9000-7fed70cea000 rw-p 00015000 00:1ba 44801089759               /inspire/hdd/project/multi-agent/zhangweinan-24046/PA/envs/personal/lib/python3.10/site-packages/scipy/_lib/_ccallback_c.cpython-310-x86_64-linux-gnu.so
7fed70cea000-7fed70deb000 rw-p 00000000 00:00 0 
7fed70deb000-7fed70e83000 r--p 00000000 00:1ba 56394164475               /inspire/hdd/project/multi-agent/zhangweinan-24046/PA/envs/personal/lib/python3.10/site-packages/tokenizers/tokenizers.abi3.so
7fed70e83000-7fed7127c000 r-xp 00098000 00:1ba 56394164475               /inspire/hdd/project/multi-agent/zhangweinan-24046/PA/envs/personal/lib/python3.10/site-packages/tokenizers/tokenizers.abi3.so
7fed7127c000-7fed7141e000 r--p 00491000 00:1ba 56394164475               /inspire/hdd/project/multi-agent/zhangweinan-24046/PA/envs/personal/lib/python3.10/site-packages/tokenizers/tokenizers.abi3.so
7fed7141e000-7fed7141f000 ---p 00633000 00:1ba 56394164475               /inspire/hdd/project/multi-agent/zhangweinan-24046/PA/envs/personal/lib/python3.10/site-packages/tokenizers/tokenizers.abi3.so
7fed7141f000-7fed7149f000 r--p 00633000 00:1ba 56394164475               /inspire/hdd/project/multi-agent/zhangweinan-24046/PA/envs/personal/lib/python3.10/site-packages/tokenizers/tokenizers.abi3.so
7fed7149f000-7fed714a6000 rw-p 006b3000 00:1ba 56394164475               /inspire/hdd/project/multi-agent/zhangweinan-24046/PA/envs/personal/lib/python3.10/site-packages/tokenizers/tokenizers.abi3.so
7fed714a6000-7fed717a7000 rw-p 00000000 00:00 0 
7fed717a7000-7fed717a8000 r--p 00000000 00:1ba 70128038760               /inspire/hdd/project/multi-agent/zhangweinan-24046/PA/envs/personal/lib/libdeflate.so.0
7fed717a8000-7fed717b7000 r-xp 00001000 00:1ba 70128038760               /inspire/hdd/project/multi-agent/zhangweinan-24046/PA/envs/personal/lib/libdeflate.so.0
7fed717b7000-7fed717bc000 r--p 00010000 00:1ba 70128038760               /inspire/hdd/project/multi-agent/zhangweinan-24046/PA/envs/personal/lib/libdeflate.so.0
7fed717bc000-7fed717bd000 r--p 00014000 00:1ba 70128038760               /inspire/hdd/project/multi-agent/zhangweinan-24046/PA/envs/personal/lib/libdeflate.so.0
7fed717bd000-7fed717be000 rw-p 00015000 00:1ba 70128038760               /inspire/hdd/project/multi-agent/zhangweinan-24046/PA/envs/personal/lib/libdeflate.so.0
7fed717be000-7fed717cc000 r--p 00000000 00:1ba 70124301772               /inspire/hdd/project/multi-agent/zhangweinan-24046/PA/envs/personal/lib/libLerc.so.4
7fed717cc000-7fed71874000 r-xp 0000e000 00:1ba 70124301772               /inspire/hdd/project/multi-agent/zhangweinan-24046/PA/envs/personal/lib/libLerc.so.4
7fed71874000-7fed7187f000 r--p 000b6000 00:1ba 70124301772               /inspire/hdd/project/multi-agent/zhangweinan-24046/PA/envs/personal/lib/libLerc.so.4
7fed7187f000-7fed71880000 r--p 000c1000 00:1ba 70124301772               /inspire/hdd/project/multi-agent/zhangweinan-24046/PA/envs/personal/lib/libLerc.so.4
7fed71880000-7fed71881000 rw-p 000c2000 00:1ba 70124301772               /inspire/hdd/project/multi-agent/zhangweinan-24046/PA/envs/personal/lib/libLerc.so.4
7fed71881000-7fed7188f000 r--p 00000000 00:1ba 70129907413               /inspire/hdd/project/multi-agent/zhangweinan-24046/PA/envs/personal/lib/libzstd.so.1.5.6
7fed7188f000-7fed7197d000 r-xp 0000e000 00:1ba 70129907413               /inspire/hdd/project/multi-agent/zhangweinan-24046/PA/envs/personal/lib/libzstd.so.1.5.6
7fed7197d000-7fed71993000 r--p 000fc000 00:1ba 70129907413               /inspire/hdd/project/multi-agent/zhangweinan-24046/PA/envs/personal/lib/libzstd.so.1.5.6
7fed71993000-7fed71994000 r--p 00112000 00:1ba 70129907413               /inspire/hdd/project/multi-agent/zhangweinan-24046/PA/envs/personal/lib/libzstd.so.1.5.6
7fed71994000-7fed71995000 rw-p 00113000 00:1ba 70129907413               /inspire/hdd/project/multi-agent/zhangweinan-24046/PA/envs/personal/lib/libzstd.so.1.5.6
7fed71995000-7fed71998000 r--p 00000000 00:1ba 70128038783               /inspire/hdd/project/multi-agent/zhangweinan-24046/PA/envs/personal/lib/libwebp.so.7.1.8
7fed71998000-7fed71a22000 r-xp 00003000 00:1ba 70128038783               /inspire/hdd/project/multi-agent/zhangweinan-24046/PA/envs/personal/lib/libwebp.so.7.1.8
7fed71a22000-7fed71a35000 r--p 0008d000 00:1ba 70128038783               /inspire/hdd/project/multi-agent/zhangweinan-24046/PA/envs/personal/lib/libwebp.so.7.1.8
7fed71a35000-7fed71a36000 r--p 000a0000 00:1ba 70128038783               /inspire/hdd/project/multi-agent/zhangweinan-24046/PA/envs/personal/lib/libwebp.so.7.1.8
7fed71a36000-7fed71a37000 rw-p 000a1000 00:1ba 70128038783               /inspire/hdd/project/multi-agent/zhangweinan-24046/PA/envs/personal/lib/libwebp.so.7.1.8
7fed71a37000-7fed71a38000 rw-p 00000000 00:00 0 
7fed71a38000-7fed71a41000 r--p 00000000 00:1ba 70132595941               /inspire/hdd/project/multi-agent/zhangweinan-24046/PA/envs/personal/lib/libopenjp2.so.2.5.2
7fed71a41000-7fed71a92000 r-xp 00009000 00:1ba 70132595941               /inspire/hdd/project/multi-agent/zhangweinan-24046/PA/envs/personal/lib/libopenjp2.so.2.5.2
7fed71a92000-7fed71aa2000 r--p 0005a000 00:1ba 70132595941               /inspire/hdd/project/multi-agent/zhangweinan-24046/PA/envs/personal/lib/libopenjp2.so.2.5.2
7fed71aa2000-7fed71aa4000 r--p 00069000 00:1ba 70132595941               /inspire/hdd/project/multi-agent/zhangweinan-24046/PA/envs/personal/lib/libopenjp2.so.2.5.2
7fed71aa4000-7fed71aa5000 rw-p 0006b000 00:1ba 70132595941               /inspire/hdd/project/multi-agent/zhangweinan-24046/PA/envs/personal/lib/libopenjp2.so.2.5.2
7fed71aa5000-7fed71aaa000 r--p 00000000 00:1ba 70124301769               /inspire/hdd/project/multi-agent/zhangweinan-24046/PA/envs/personal/lib/libjpeg.so.9.5.0
7fed71aaa000-7fed71ad8000 r-xp 00005000 00:1ba 70124301769               /inspire/hdd/project/multi-agent/zhangweinan-24046/PA/envs/personal/lib/libjpeg.so.9.5.0
7fed71ad8000-7fed71ae1000 r--p 00033000 00:1ba 70124301769               /inspire/hdd/project/multi-agent/zhangweinan-24046/PA/envs/personal/lib/libjpeg.so.9.5.0
7fed71ae1000-7fed71ae2000 ---p 0003c000 00:1ba 70124301769               /inspire/hdd/project/multi-agent/zhangweinan-24046/PA/envs/personal/lib/libjpeg.so.9.5.0
7fed71ae2000-7fed71ae3000 r--p 0003c000 00:1ba 70124301769               /inspire/hdd/project/multi-agent/zhangweinan-24046/PA/envs/personal/lib/libjpeg.so.9.5.0
7fed71ae3000-7fed71ae4000 rw-p 0003d000 00:1ba 70124301769               /inspire/hdd/project/multi-agent/zhangweinan-24046/PA/envs/personal/lib/libjpeg.so.9.5.0
7fed71ae4000-7fed71aed000 r--p 00000000 00:1ba 70130727254               /inspire/hdd/project/multi-agent/zhangweinan-24046/PA/envs/personal/lib/libtiff.so.6.1.0
7fed71aed000-7fed71b3e000 r-xp 00009000 00:1ba 70130727254               /inspire/hdd/project/multi-agent/zhangweinan-24046/PA/envs/personal/lib/libtiff.so.6.1.0
7fed71b3e000-7fed71b6f000 r--p 0005a000 00:1ba 70130727254               /inspire/hdd/project/multi-agent/zhangweinan-24046/PA/envs/personal/lib/libtiff.so.6.1.0
7fed71b6f000-7fed71b74000 r--p 0008a000 00:1ba 70130727254               /inspire/hdd/project/multi-agent/zhangweinan-24046/PA/envs/personal/lib/libtiff.so.6.1.0
7fed71b74000-7fed71b75000 rw-p 0008f000 00:1ba 70130727254               /inspire/hdd/project/multi-agent/zhangweinan-24046/PA/envs/personal/lib/libtiff.so.6.1.0
7fed71b75000-7fed71b8b000 r--p 00000000 00:1ba 60972336229               /inspire/hdd/project/multi-agent/zhangweinan-24046/PA/envs/personal/lib/python3.10/site-packages/PIL/_imaging.cpython-310-x86_64-linux-gnu.so
7fed71b8b000-7fed71be9000 r-xp 00016000 00:1ba 60972336229               /inspire/hdd/project/multi-agent/zhangweinan-24046/PA/envs/personal/lib/python3.10/site-packages/PIL/_imaging.cpython-310-x86_64-linux-gnu.so
7fed71be9000-7fed71bfa000 r--p 00074000 00:1ba 60972336229               /inspire/hdd/project/multi-agent/zhangweinan-24046/PA/envs/personal/lib/python3.10/site-packages/PIL/_imaging.cpython-310-x86_64-linux-gnu.so
7fed71bfa000-7fed71bff000 r--p 00084000 00:1ba 60972336229               /inspire/hdd/project/multi-agent/zhangweinan-24046/PA/envs/personal/lib/python3.10/site-packages/PIL/_imaging.cpython-310-x86_64-linux-gnu.so
7fed71bff000-7fed71c02000 rw-p 00089000 00:1ba 60972336229               /inspire/hdd/project/multi-agent/zhangweinan-24046/PA/envs/personal/lib/python3.10/site-packages/PIL/_imaging.cpython-310-x86_64-linux-gnu.so
7fed71c02000-7fed71f02000 rw-p 00000000 00:00 0 
7fed71f02000-7fed71f07000 r--p 00000000 00:1ba 56412621246               /inspire/hdd/project/multi-agent/zhangweinan-24046/PA/envs/personal/lib/python3.10/site-packages/yaml/_yaml.cpython-310-x86_64-linux-gnu.so
7fed71f07000-7fed71f36000 r-xp 00005000 00:1ba 56412621246               /inspire/hdd/project/multi-agent/zhangweinan-24046/PA/envs/personal/lib/python3.10/site-packages/yaml/_yaml.cpython-310-x86_64-linux-gnu.so
7fed71f36000-7fed71f3c000 r--p 00034000 00:1ba 56412621246               /inspire/hdd/project/multi-agent/zhangweinan-24046/PA/envs/personal/lib/python3.10/site-packages/yaml/_yaml.cpython-310-x86_64-linux-gnu.so
7fed71f3c000-7fed71f3d000 r--p 00039000 00:1ba 56412621246               /inspire/hdd/project/multi-agent/zhangweinan-24046/PA/envs/personal/lib/python3.10/site-packages/yaml/_yaml.cpython-310-x86_64-linux-gnu.so
7fed71f3d000-7fed71f3f000 rw-p 0003a000 00:1ba 56412621246               /inspire/hdd/project/multi-agent/zhangweinan-24046/PA/envs/personal/lib/python3.10/site-packages/yaml/_yaml.cpython-310-x86_64-linux-gnu.so
7fed71f3f000-7fed72140000 rw-p 00000000 00:00 0 
7fed72140000-7fed7214d000 r--p 00000000 00:1ba 61041377949               /inspire/hdd/project/multi-agent/zhangweinan-24046/PA/envs/personal/lib/python3.10/site-packages/charset_normalizer/md__mypyc.cpython-310-x86_64-linux-gnu.so
7fed7214d000-7fed7216b000 r-xp 0000d000 00:1ba 61041377949               /inspire/hdd/project/multi-agent/zhangweinan-24046/PA/envs/personal/lib/python3.10/site-packages/charset_normalizer/md__mypyc.cpython-310-x86_64-linux-gnu.so
7fed7216b000-7fed72174000 r--p 0002b000 00:1ba 61041377949               /inspire/hdd/project/multi-agent/zhangweinan-24046/PA/envs/personal/lib/python3.10/site-packages/charset_normalizer/md__mypyc.cpython-310-x86_64-linux-gnu.so
7fed72174000-7fed72175000 ---p 00034000 00:1ba 61041377949               /inspire/hdd/project/multi-agent/zhangweinan-24046/PA/envs/personal/lib/python3.10/site-packages/charset_normalizer/md__mypyc.cpython-310-x86_64-linux-gnu.so
7fed72175000-7fed72176000 r--p 00034000 00:1ba 61041377949               /inspire/hdd/project/multi-agent/zhangweinan-24046/PA/envs/personal/lib/python3.10/site-packages/charset_normalizer/md__mypyc.cpython-310-x86_64-linux-gnu.so
7fed72176000-7fed7217a000 rw-p 00035000 00:1ba 61041377949               /inspire/hdd/project/multi-agent/zhangweinan-24046/PA/envs/personal/lib/python3.10/site-packages/charset_normalizer/md__mypyc.cpython-310-x86_64-linux-gnu.so
7fed7217a000-7fed7227b000 rw-p 00000000 00:00 0 
7fed7227b000-7fed72281000 r--p 00000000 00:1ba 8899454039                /inspire/hdd/project/multi-agent/zhangweinan-24046/PA/envs/personal/lib/python3.10/site-packages/zstandard/backend_c.cpython-310-x86_64-linux-gnu.so
7fed72281000-7fed72348000 r-xp 00006000 00:1ba 8899454039                /inspire/hdd/project/multi-agent/zhangweinan-24046/PA/envs/personal/lib/python3.10/site-packages/zstandard/backend_c.cpython-310-x86_64-linux-gnu.so
7fed72348000-7fed7235e000 r--p 000cd000 00:1ba 8899454039                /inspire/hdd/project/multi-agent/zhangweinan-24046/PA/envs/personal/lib/python3.10/site-packages/zstandard/backend_c.cpython-310-x86_64-linux-gnu.so
7fed7235e000-7fed7235f000 r--p 000e2000 00:1ba 8899454039                /inspire/hdd/project/multi-agent/zhangweinan-24046/PA/envs/personal/lib/python3.10/site-packages/zstandard/backend_c.cpython-310-x86_64-linux-gnu.so
7fed7235f000-7fed72362000 rw-p 000e3000 00:1ba 8899454039                /inspire/hdd/project/multi-agent/zhangweinan-24046/PA/envs/personal/lib/python3.10/site-packages/zstandard/backend_c.cpython-310-x86_64-linux-gnu.so
7fed72362000-7fed72364000 r--p 00000000 00:1ba 60714098198               /inspire/hdd/project/multi-agent/zhangweinan-24046/PA/envs/personal/lib/python3.10/site-packages/_brotli.cpython-310-x86_64-linux-gnu.so
7fed72364000-7fed723a9000 r-xp 00002000 00:1ba 60714098198               /inspire/hdd/project/multi-agent/zhangweinan-24046/PA/envs/personal/lib/python3.10/site-packages/_brotli.cpython-310-x86_64-linux-gnu.so
7fed723a9000-7fed7241d000 r--p 00047000 00:1ba 60714098198               /inspire/hdd/project/multi-agent/zhangweinan-24046/PA/envs/personal/lib/python3.10/site-packages/_brotli.cpython-310-x86_64-linux-gnu.so
7fed7241d000-7fed7241e000 r--p 000ba000 00:1ba 60714098198               /inspire/hdd/project/multi-agent/zhangweinan-24046/PA/envs/personal/lib/python3.10/site-packages/_brotli.cpython-310-x86_64-linux-gnu.so
7fed7241e000-7fed7241f000 rw-p 000bb000 00:1ba 60714098198               /inspire/hdd/project/multi-agent/zhangweinan-24046/PA/envs/personal/lib/python3.10/site-packages/_brotli.cpython-310-x86_64-linux-gnu.so
7fed7241f000-7fed7421f000 rw-p 00000000 00:00 0 
7fed7421f000-7fed74226000 r--p 00000000 00:1ba 60861295841               /inspire/hdd/project/multi-agent/zhangweinan-24046/PA/envs/personal/lib/python3.10/lib-dynload/_decimal.cpython-310-x86_64-linux-gnu.so
7fed74226000-7fed74257000 r-xp 00007000 00:1ba 60861295841               /inspire/hdd/project/multi-agent/zhangweinan-24046/PA/envs/personal/lib/python3.10/lib-dynload/_decimal.cpython-310-x86_64-linux-gnu.so
7fed74257000-7fed74267000 r--p 00038000 00:1ba 60861295841               /inspire/hdd/project/multi-agent/zhangweinan-24046/PA/envs/personal/lib/python3.10/lib-dynload/_decimal.cpython-310-x86_64-linux-gnu.so
7fed74267000-7fed74268000 r--p 00047000 00:1ba 60861295841               /inspire/hdd/project/multi-agent/zhangweinan-24046/PA/envs/personal/lib/python3.10/lib-dynload/_decimal.cpython-310-x86_64-linux-gnu.so
7fed74268000-7fed7426b000 rw-p 00048000 00:1ba 60861295841               /inspire/hdd/project/multi-agent/zhangweinan-24046/PA/envs/personal/lib/python3.10/lib-dynload/_decimal.cpython-310-x86_64-linux-gnu.so
7fed7426b000-7fed7456b000 rw-p 00000000 00:00 0 
7fed7456b000-7fed7457e000 r--p 00000000 00:1ba 70151052545               /inspire/hdd/project/multi-agent/zhangweinan-24046/PA/envs/personal/lib/libgmp.so.10.5.0
7fed7457e000-7fed745f8000 r-xp 00013000 00:1ba 70151052545               /inspire/hdd/project/multi-agent/zhangweinan-24046/PA/envs/personal/lib/libgmp.so.10.5.0
7fed745f8000-7fed7460f000 r--p 0008d000 00:1ba 70151052545               /inspire/hdd/project/multi-agent/zhangweinan-24046/PA/envs/personal/lib/libgmp.so.10.5.0
7fed7460f000-7fed74611000 r--p 000a4000 00:1ba 70151052545               /inspire/hdd/project/multi-agent/zhangweinan-24046/PA/envs/personal/lib/libgmp.so.10.5.0
7fed74611000-7fed74612000 rw-p 000a6000 00:1ba 70151052545               /inspire/hdd/project/multi-agent/zhangweinan-24046/PA/envs/personal/lib/libgmp.so.10.5.0
7fed74612000-7fed74a0e000 r--p 00000000 00:1ba 57278691515               /inspire/hdd/project/multi-agent/zhangweinan-24046/PA/envs/personal/lib/python3.10/site-packages/triton/_C/libtriton.so
7fed74a0e000-7fed790fd000 r-xp 003fc000 00:1ba 57278691515               /inspire/hdd/project/multi-agent/zhangweinan-24046/PA/envs/personal/lib/python3.10/site-packages/triton/_C/libtriton.so
7fed790fd000-7fed7bd43000 r--p 04aeb000 00:1ba 57278691515               /inspire/hdd/project/multi-agent/zhangweinan-24046/PA/envs/personal/lib/python3.10/site-packages/triton/_C/libtriton.so
7fed7bd43000-7fed7bf64000 r--p 07730000 00:1ba 57278691515               /inspire/hdd/project/multi-agent/zhangweinan-24046/PA/envs/personal/lib/python3.10/site-packages/triton/_C/libtriton.so
7fed7bf64000-7fed7bf81000 rw-p 07951000 00:1ba 57278691515               /inspire/hdd/project/multi-agent/zhangweinan-24046/PA/envs/personal/lib/python3.10/site-packages/triton/_C/libtriton.so
7fed7bf81000-7fed7c000000 rw-p 00000000 00:00 0 
7fed7c000000-7fef80000000 ---p 00000000 00:00 0 
7fef80000000-7fef80021000 rw-p 00000000 00:00 0 
7fef80021000-7fef84000000 ---p 00000000 00:00 0 
7fef84003000-7fef84013000 r--p 00000000 00:1ba 70151052793               /inspire/hdd/project/multi-agent/zhangweinan-24046/PA/envs/personal/lib/libmpfr.so.6.2.1
7fef84013000-7fef84097000 r-xp 00010000 00:1ba 70151052793               /inspire/hdd/project/multi-agent/zhangweinan-24046/PA/envs/personal/lib/libmpfr.so.6.2.1
7fef84097000-7fef840ae000 r--p 00094000 00:1ba 70151052793               /inspire/hdd/project/multi-agent/zhangweinan-24046/PA/envs/personal/lib/libmpfr.so.6.2.1
7fef840ae000-7fef840b1000 r--p 000aa000 00:1ba 70151052793               /inspire/hdd/project/multi-agent/zhangweinan-24046/PA/envs/personal/lib/libmpfr.so.6.2.1
7fef840b1000-7fef840ba000 rw-p 000ad000 00:1ba 70151052793               /inspire/hdd/project/multi-agent/zhangweinan-24046/PA/envs/personal/lib/libmpfr.so.6.2.1
7fef840ba000-7fef848ba000 rw-p 00000000 00:00 0 
7fef848ba000-7fef848ca000 r--p 00000000 00:1ba 61714487681               /inspire/hdd/project/multi-agent/zhangweinan-24046/PA/envs/personal/lib/python3.10/site-packages/bitsandbytes/libbitsandbytes_cuda124.so
7fef848ca000-7fef848ef000 r-xp 00010000 00:1ba 61714487681               /inspire/hdd/project/multi-agent/zhangweinan-24046/PA/envs/personal/lib/python3.10/site-packages/bitsandbytes/libbitsandbytes_cuda124.so
7fef848ef000-7fef85bfd000 r--p 00035000 00:1ba 61714487681               /inspire/hdd/project/multi-agent/zhangweinan-24046/PA/envs/personal/lib/python3.10/site-packages/bitsandbytes/libbitsandbytes_cuda124.so
7fef85bfd000-7fef85bfe000 ---p 01343000 00:1ba 61714487681               /inspire/hdd/project/multi-agent/zhangweinan-24046/PA/envs/personal/lib/python3.10/site-packages/bitsandbytes/libbitsandbytes_cuda124.so
7fef85bfe000-7fef85bff000 r--p 01343000 00:1ba 61714487681               /inspire/hdd/project/multi-agent/zhangweinan-24046/PA/envs/personal/lib/python3.10/site-packages/bitsandbytes/libbitsandbytes_cuda124.so
7fef85bff000-7fef85c00000 rw-p 01344000 00:1ba 61714487681               /inspire/hdd/project/multi-agent/zhangweinan-24046/PA/envs/personal/lib/python3.10/site-packages/bitsandbytes/libbitsandbytes_cuda124.so
7fef85c00000-7fef85de7000 r-xp 00000000 103:04 1879724146                /usr/lib/x86_64-linux-gnu/libnvidia-ml.so.570.124.06
7fef85de7000-7fef85fe7000 ---p 001e7000 103:04 1879724146                /usr/lib/x86_64-linux-gnu/libnvidia-ml.so.570.124.06
7fef85fe7000-7fef8601b000 r--p 001e7000 103:04 1879724146                /usr/lib/x86_64-linux-gnu/libnvidia-ml.so.570.124.06
7fef8601b000-7fef8601d000 rw-p 0021b000 103:04 1879724146                /usr/lib/x86_64-linux-gnu/libnvidia-ml.so.570.124.06
7fef8601d000-7fef86cce000 rw-p 00000000 00:00 0 
7fef86cd0000-7fef86cd3000 r--p 00000000 00:1ba 57159064967               /inspire/hdd/project/multi-agent/zhangweinan-24046/PA/envs/personal/lib/python3.10/site-packages/scipy/special/_comb.cpython-310-x86_64-linux-gnu.so
7fef86cd3000-7fef86cda000 r-xp 00003000 00:1ba 57159064967               /inspire/hdd/project/multi-agent/zhangweinan-24046/PA/envs/personal/lib/python3.10/site-packages/scipy/special/_comb.cpython-310-x86_64-linux-gnu.so
7fef86cda000-7fef86cdc000 r--p 0000a000 00:1ba 57159064967               /inspire/hdd/project/multi-agent/zhangweinan-24046/PA/envs/personal/lib/python3.10/site-packages/scipy/special/_comb.cpython-310-x86_64-linux-gnu.so
7fef86cdc000-7fef86cdd000 r--p 0000b000 00:1ba 57159064967               /inspire/hdd/project/multi-agent/zhangweinan-24046/PA/envs/personal/lib/python3.10/site-packages/scipy/special/_comb.cpython-310-x86_64-linux-gnu.so
7fef86cdd000-7fef86cde000 rw-p 0000c000 00:1ba 57159064967               /inspire/hdd/project/multi-agent/zhangweinan-24046/PA/envs/personal/lib/python3.10/site-packages/scipy/special/_comb.cpython-310-x86_64-linux-gnu.so
7fef86cde000-7fef86cdf000 r--p 00000000 00:1ba 57159064973               /inspire/hdd/project/multi-agent/zhangweinan-24046/PA/envs/personal/lib/python3.10/site-packages/scipy/special/libsf_error_state.so
7fef86cdf000-7fef86ce0000 r-xp 00001000 00:1ba 57159064973               /inspire/hdd/project/multi-agent/zhangweinan-24046/PA/envs/personal/lib/python3.10/site-packages/scipy/special/libsf_error_state.so
7fef86ce0000-7fef86ce1000 r--p 00002000 00:1ba 57159064973               /inspire/hdd/project/multi-agent/zhangweinan-24046/PA/envs/personal/lib/python3.10/site-packages/scipy/special/libsf_error_state.so
7fef86ce1000-7fef86ce2000 r--p 00002000 00:1ba 57159064973               /inspire/hdd/project/multi-agent/zhangweinan-24046/PA/envs/personal/lib/python3.10/site-packages/scipy/special/libsf_error_state.so
7fef86ce2000-7fef86ce3000 rw-p 00003000 00:1ba 57159064973               /inspire/hdd/project/multi-agent/zhangweinan-24046/PA/envs/personal/lib/python3.10/site-packages/scipy/special/libsf_error_state.so
7fef86ce3000-7fef87f05000 ---p 00000000 00:00 0 
7fef87f05000-7fef89905000 rw-p 00000000 00:00 0 
7fef89905000-7fef89908000 r--p 00000000 00:1ba 60863164184               /inspire/hdd/project/multi-agent/zhangweinan-24046/PA/envs/personal/lib/python3.10/lib-dynload/unicodedata.cpython-310-x86_64-linux-gnu.so
7fef89908000-7fef8990c000 r-xp 00003000 00:1ba 60863164184               /inspire/hdd/project/multi-agent/zhangweinan-24046/PA/envs/personal/lib/python3.10/lib-dynload/unicodedata.cpython-310-x86_64-linux-gnu.so
7fef8990c000-7fef89a14000 r--p 00007000 00:1ba 60863164184               /inspire/hdd/project/multi-agent/zhangweinan-24046/PA/envs/personal/lib/python3.10/lib-dynload/unicodedata.cpython-310-x86_64-linux-gnu.so
7fef89a14000-7fef89a15000 r--p 0010f000 00:1ba 60863164184               /inspire/hdd/project/multi-agent/zhangweinan-24046/PA/envs/personal/lib/python3.10/lib-dynload/unicodedata.cpython-310-x86_64-linux-gnu.so
7fef89a15000-7fef89a16000 rw-p 00110000 00:1ba 60863164184               /inspire/hdd/project/multi-agent/zhangweinan-24046/PA/envs/personal/lib/python3.10/lib-dynload/unicodedata.cpython-310-x86_64-linux-gnu.so
7fef89a16000-7fef8ac16000 rw-p 00000000 00:00 0 
7fef8ac16000-7fef8acce000 r--p 00000000 00:1ba 70117876046               /inspire/hdd/project/multi-agent/zhangweinan-24046/PA/envs/personal/lib/libcrypto.so.3
7fef8acce000-7fef8af2b000 r-xp 000b8000 00:1ba 70117876046               /inspire/hdd/project/multi-agent/zhangweinan-24046/PA/envs/personal/lib/libcrypto.so.3
7fef8af2b000-7fef8b005000 r--p 00315000 00:1ba 70117876046               /inspire/hdd/project/multi-agent/zhangweinan-24046/PA/envs/personal/lib/libcrypto.so.3
7fef8b005000-7fef8b060000 r--p 003ef000 00:1ba 70117876046               /inspire/hdd/project/multi-agent/zhangweinan-24046/PA/envs/personal/lib/libcrypto.so.3
7fef8b060000-7fef8b063000 rw-p 0044a000 00:1ba 70117876046               /inspire/hdd/project/multi-agent/zhangweinan-24046/PA/envs/personal/lib/libcrypto.so.3
7fef8b063000-7fef8b066000 rw-p 00000000 00:00 0 
7fef8b066000-7fef8b092000 r--p 00000000 00:1ba 61034952428               /inspire/hdd/project/multi-agent/zhangweinan-24046/PA/envs/personal/lib/python3.10/site-packages/numpy/core/_multiarray_umath.cpython-310-x86_64-linux-gnu.so
7fef8b092000-7fef8b483000 r-xp 0002c000 00:1ba 61034952428               /inspire/hdd/project/multi-agent/zhangweinan-24046/PA/envs/personal/lib/python3.10/site-packages/numpy/core/_multiarray_umath.cpython-310-x86_64-linux-gnu.so
7fef8b483000-7fef8b5e0000 r--p 0041d000 00:1ba 61034952428               /inspire/hdd/project/multi-agent/zhangweinan-24046/PA/envs/personal/lib/python3.10/site-packages/numpy/core/_multiarray_umath.cpython-310-x86_64-linux-gnu.so
7fef8b5e0000-7fef8b5e1000 ---p 0057a000 00:1ba 61034952428               /inspire/hdd/project/multi-agent/zhangweinan-24046/PA/envs/personal/lib/python3.10/site-packages/numpy/core/_multiarray_umath.cpython-310-x86_64-linux-gnu.so
7fef8b5e1000-7fef8b5e5000 r--p 0057a000 00:1ba 61034952428               /inspire/hdd/project/multi-agent/zhangweinan-24046/PA/envs/personal/lib/python3.10/site-packages/numpy/core/_multiarray_umath.cpython-310-x86_64-linux-gnu.so
7fef8b5e5000-7fef8b607000 rw-p 0057e000 00:1ba 61034952428               /inspire/hdd/project/multi-agent/zhangweinan-24046/PA/envs/personal/lib/python3.10/site-packages/numpy/core/_multiarray_umath.cpython-310-x86_64-linux-gnu.so
7fef8b607000-7fef8b627000 rw-p 00000000 00:00 0 
7fef8b627000-7fef8b681000 r--p 00000000 00:1ba 70132595749               /inspire/hdd/project/multi-agent/zhangweinan-24046/PA/envs/personal/lib/libmkl_vml_avx512.so.2
7fef8b681000-7fef8be78000 r-xp 0005a000 00:1ba 70132595749               /inspire/hdd/project/multi-agent/zhangweinan-24046/PA/envs/personal/lib/libmkl_vml_avx512.so.2
7fef8be78000-7fef8c36d000 r--p 00851000 00:1ba 70132595749               /inspire/hdd/project/multi-agent/zhangweinan-24046/PA/envs/personal/lib/libmkl_vml_avx512.so.2
7fef8c36d000-7fef8c36e000 ---p 00d46000 00:1ba 70132595749               /inspire/hdd/project/multi-agent/zhangweinan-24046/PA/envs/personal/lib/libmkl_vml_avx512.so.2
7fef8c36e000-7fef8c372000 r--p 00d46000 00:1ba 70132595749               /inspire/hdd/project/multi-agent/zhangweinan-24046/PA/envs/personal/lib/libmkl_vml_avx512.so.2
7fef8c372000-7fef8c38b000 rw-p 00d4a000 00:1ba 70132595749               /inspire/hdd/project/multi-agent/zhangweinan-24046/PA/envs/personal/lib/libmkl_vml_avx512.so.2
7fef8c38b000-7fef8c38c000 rw-p 00000000 00:00 0 
7fef8c38c000-7fef8c3ab000 rw-p 00dbc000 00:1ba 70132595749               /inspire/hdd/project/multi-agent/zhangweinan-24046/PA/envs/personal/lib/libmkl_vml_avx512.so.2
7fef8c3ab000-7fef8c4b0000 r--p 00000000 00:1ba 70130727263               /inspire/hdd/project/multi-agent/zhangweinan-24046/PA/envs/personal/lib/libmkl_avx512.so.2
7fef8c4b0000-7fef8fef9000 r-xp 00105000 00:1ba 70130727263               /inspire/hdd/project/multi-agent/zhangweinan-24046/PA/envs/personal/lib/libmkl_avx512.so.2
7fef8fef9000-7fef9021b000 r--p 03b4e000 00:1ba 70130727263               /inspire/hdd/project/multi-agent/zhangweinan-24046/PA/envs/personal/lib/libmkl_avx512.so.2
7fef9021b000-7fef90224000 r--p 03e6f000 00:1ba 70130727263               /inspire/hdd/project/multi-agent/zhangweinan-24046/PA/envs/personal/lib/libmkl_avx512.so.2
7fef90224000-7fef90232000 rw-p 03e78000 00:1ba 70130727263               /inspire/hdd/project/multi-agent/zhangweinan-24046/PA/envs/personal/lib/libmkl_avx512.so.2
7fef90232000-7fef90233000 rw-p 00000000 00:00 0 
7fef90233000-7fef902ba000 rw-p 03fac000 00:1ba 70130727263               /inspire/hdd/project/multi-agent/zhangweinan-24046/PA/envs/personal/lib/libmkl_avx512.so.2
7fef902ba000-7fef904eb000 r--p 00000000 00:1ba 70130727415               /inspire/hdd/project/multi-agent/zhangweinan-24046/PA/envs/personal/lib/libmkl_intel_lp64.so.2
7fef904eb000-7fef9100e000 r-xp 00231000 00:1ba 70130727415               /inspire/hdd/project/multi-agent/zhangweinan-24046/PA/envs/personal/lib/libmkl_intel_lp64.so.2
7fef9100e000-7fef914cc000 r--p 00d54000 00:1ba 70130727415               /inspire/hdd/project/multi-agent/zhangweinan-24046/PA/envs/personal/lib/libmkl_intel_lp64.so.2
7fef914cc000-7fef914cd000 ---p 01212000 00:1ba 70130727415               /inspire/hdd/project/multi-agent/zhangweinan-24046/PA/envs/personal/lib/libmkl_intel_lp64.so.2
7fef914cd000-7fef914cf000 r--p 01212000 00:1ba 70130727415               /inspire/hdd/project/multi-agent/zhangweinan-24046/PA/envs/personal/lib/libmkl_intel_lp64.so.2
7fef914cf000-7fef914ed000 rw-p 01214000 00:1ba 70130727415               /inspire/hdd/project/multi-agent/zhangweinan-24046/PA/envs/personal/lib/libmkl_intel_lp64.so.2
7fef914ed000-7fef914f4000 rw-p 00000000 00:00 0 
7fef914f4000-7fef915aa000 rw-p 0144c000 00:1ba 70130727415               /inspire/hdd/project/multi-agent/zhangweinan-24046/PA/envs/personal/lib/libmkl_intel_lp64.so.2
7fef915aa000-7fef9177d000 r--p 00000000 00:1ba 70130727409               /inspire/hdd/project/multi-agent/zhangweinan-24046/PA/envs/personal/lib/libmkl_gnu_thread.so.2
7fef9177d000-7fef92f53000 r-xp 001d3000 00:1ba 70130727409               /inspire/hdd/project/multi-agent/zhangweinan-24046/PA/envs/personal/lib/libmkl_gnu_thread.so.2
7fef92f53000-7fef930f5000 r--p 019a9000 00:1ba 70130727409               /inspire/hdd/project/multi-agent/zhangweinan-24046/PA/envs/personal/lib/libmkl_gnu_thread.so.2
7fef930f5000-7fef930f9000 r--p 01b4a000 00:1ba 70130727409               /inspire/hdd/project/multi-agent/zhangweinan-24046/PA/envs/personal/lib/libmkl_gnu_thread.so.2
7fef930f9000-7fef93146000 rw-p 01b4e000 00:1ba 70130727409               /inspire/hdd/project/multi-agent/zhangweinan-24046/PA/envs/personal/lib/libmkl_gnu_thread.so.2
7fef93146000-7fef93147000 rw-p 00000000 00:00 0 
7fef93147000-7fef9322a000 rw-p 01d98000 00:1ba 70130727409               /inspire/hdd/project/multi-agent/zhangweinan-24046/PA/envs/personal/lib/libmkl_gnu_thread.so.2
7fef9322a000-7fef9341a000 r--p 00000000 00:1ba 70130727294               /inspire/hdd/project/multi-agent/zhangweinan-24046/PA/envs/personal/lib/libmkl_core.so.2
7fef9341a000-7fef96b3e000 r-xp 001f0000 00:1ba 70130727294               /inspire/hdd/project/multi-agent/zhangweinan-24046/PA/envs/personal/lib/libmkl_core.so.2
7fef96b3e000-7fef975ab000 r--p 03914000 00:1ba 70130727294               /inspire/hdd/project/multi-agent/zhangweinan-24046/PA/envs/personal/lib/libmkl_core.so.2
7fef975ab000-7fef975b2000 r--p 04380000 00:1ba 70130727294               /inspire/hdd/project/multi-agent/zhangweinan-24046/PA/envs/personal/lib/libmkl_core.so.2
7fef975b2000-7fef975e2000 rw-p 04387000 00:1ba 70130727294               /inspire/hdd/project/multi-agent/zhangweinan-24046/PA/envs/personal/lib/libmkl_core.so.2
7fef975e2000-7fef9760b000 rw-p 00000000 00:00 0 
7fef9760b000-7fef976fc000 rw-p 046cd000 00:1ba 70130727294               /inspire/hdd/project/multi-agent/zhangweinan-24046/PA/envs/personal/lib/libmkl_core.so.2
7fef976fc000-7fef979f8000 r--p 00000000 00:1ba 70132595724               /inspire/hdd/project/multi-agent/zhangweinan-24046/PA/envs/personal/lib/libmkl_rt.so.2
7fef979f8000-7fef97f16000 r-xp 002fc000 00:1ba 70132595724               /inspire/hdd/project/multi-agent/zhangweinan-24046/PA/envs/personal/lib/libmkl_rt.so.2
7fef97f16000-7fef981db000 r--p 0081a000 00:1ba 70132595724               /inspire/hdd/project/multi-agent/zhangweinan-24046/PA/envs/personal/lib/libmkl_rt.so.2
7fef981db000-7fef981e1000 r--p 00ade000 00:1ba 70132595724               /inspire/hdd/project/multi-agent/zhangweinan-24046/PA/envs/personal/lib/libmkl_rt.so.2
7fef981e1000-7fef981e3000 rw-p 00ae4000 00:1ba 70132595724               /inspire/hdd/project/multi-agent/zhangweinan-24046/PA/envs/personal/lib/libmkl_rt.so.2
7fef981e3000-7fef9820b000 rw-p 00000000 00:00 0 
7fef9820b000-7fef9833b000 rw-p 00de7000 00:1ba 70132595724               /inspire/hdd/project/multi-agent/zhangweinan-24046/PA/envs/personal/lib/libmkl_rt.so.2
7fef9833b000-7fef984b4000 r--p 00000000 103:04 1879724144                /usr/lib/x86_64-linux-gnu/libcuda.so.570.124.06
7fef984b4000-7fef991d0000 r-xp 00179000 103:04 1879724144                /usr/lib/x86_64-linux-gnu/libcuda.so.570.124.06
7fef991d0000-7fef9c5cc000 r--p 00e95000 103:04 1879724144                /usr/lib/x86_64-linux-gnu/libcuda.so.570.124.06
7fef9c5cc000-7fef9c6a9000 r--p 04290000 103:04 1879724144                /usr/lib/x86_64-linux-gnu/libcuda.so.570.124.06
7fef9c6a9000-7fef9c74d000 rw-p 0436d000 103:04 1879724144                /usr/lib/x86_64-linux-gnu/libcuda.so.570.124.06
7fef9c74d000-7fef9c800000 rw-p 00000000 00:00 0 
7fef9c800000-7fefaadc0000 r-xp 00000000 00:1ba 57273085806               /inspire/hdd/project/multi-agent/zhangweinan-24046/PA/envs/personal/lib/python3.10/site-packages/nvidia/nccl/lib/libnccl.so.2
7fefaadc0000-7fefaafc0000 ---p 0e5c0000 00:1ba 57273085806               /inspire/hdd/project/multi-agent/zhangweinan-24046/PA/envs/personal/lib/python3.10/site-packages/nvidia/nccl/lib/libnccl.so.2
7fefaafc0000-7fefaafc9000 r--p 0e5c0000 00:1ba 57273085806               /inspire/hdd/project/multi-agent/zhangweinan-24046/PA/envs/personal/lib/python3.10/site-packages/nvidia/nccl/lib/libnccl.so.2
7fefaafc9000-7fefaafd5000 rw-p 0e5c9000 00:1ba 57273085806               /inspire/hdd/project/multi-agent/zhangweinan-24046/PA/envs/personal/lib/python3.10/site-packages/nvidia/nccl/lib/libnccl.so.2
7fefaafd5000-7fefaafeb000 rw-p 00000000 00:00 0 
7fefaafec000-7fefaafed000 r--p 00000000 00:1ba 60863164168               /inspire/hdd/project/multi-agent/zhangweinan-24046/PA/envs/personal/lib/python3.10/lib-dynload/_posixshmem.cpython-310-x86_64-linux-gnu.so
7fefaafed000-7fefaafee000 r-xp 00001000 00:1ba 60863164168               /inspire/hdd/project/multi-agent/zhangweinan-24046/PA/envs/personal/lib/python3.10/lib-dynload/_posixshmem.cpython-310-x86_64-linux-gnu.so
7fefaafee000-7fefaafef000 r--p 00002000 00:1ba 60863164168               /inspire/hdd/project/multi-agent/zhangweinan-24046/PA/envs/personal/lib/python3.10/lib-dynload/_posixshmem.cpython-310-x86_64-linux-gnu.so
7fefaafef000-7fefaaff0000 r--p 00002000 00:1ba 60863164168               /inspire/hdd/project/multi-agent/zhangweinan-24046/PA/envs/personal/lib/python3.10/lib-dynload/_posixshmem.cpython-310-x86_64-linux-gnu.so
7fefaaff0000-7fefaaff1000 rw-p 00003000 00:1ba 60863164168               /inspire/hdd/project/multi-agent/zhangweinan-24046/PA/envs/personal/lib/python3.10/lib-dynload/_posixshmem.cpython-310-x86_64-linux-gnu.so
7fefaaff1000-7fefaaff3000 r--p 00000000 00:1ba 56399769887               /inspire/hdd/project/multi-agent/zhangweinan-24046/PA/envs/personal/lib/python3.10/site-packages/psutil/_psutil_posix.abi3.so
7fefaaff3000-7fefaaff5000 r-xp 00002000 00:1ba 56399769887               /inspire/hdd/project/multi-agent/zhangweinan-24046/PA/envs/personal/lib/python3.10/site-packages/psutil/_psutil_posix.abi3.so
7fefaaff5000-7fefaaff6000 r--p 00004000 00:1ba 56399769887               /inspire/hdd/project/multi-agent/zhangweinan-24046/PA/envs/personal/lib/python3.10/site-packages/psutil/_psutil_posix.abi3.so
7fefaaff6000-7fefaaff7000 r--p 00004000 00:1ba 56399769887               /inspire/hdd/project/multi-agent/zhangweinan-24046/PA/envs/personal/lib/python3.10/site-packages/psutil/_psutil_posix.abi3.so
7fefaaff7000-7fefaaff8000 rw-p 00005000 00:1ba 56399769887               /inspire/hdd/project/multi-agent/zhangweinan-24046/PA/envs/personal/lib/python3.10/site-packages/psutil/_psutil_posix.abi3.so
7fefaaff8000-7fefaaffa000 r--p 00000000 00:1ba 56399769895               /inspire/hdd/project/multi-agent/zhangweinan-24046/PA/envs/personal/lib/python3.10/site-packages/psutil/_psutil_linux.abi3.so
7fefaaffa000-7fefaaffd000 r-xp 00002000 00:1ba 56399769895               /inspire/hdd/project/multi-agent/zhangweinan-24046/PA/envs/personal/lib/python3.10/site-packages/psutil/_psutil_linux.abi3.so
7fefaaffd000-7fefaaffe000 r--p 00005000 00:1ba 56399769895               /inspire/hdd/project/multi-agent/zhangweinan-24046/PA/envs/personal/lib/python3.10/site-packages/psutil/_psutil_linux.abi3.so
7fefaaffe000-7fefaafff000 r--p 00005000 00:1ba 56399769895               /inspire/hdd/project/multi-agent/zhangweinan-24046/PA/envs/personal/lib/python3.10/site-packages/psutil/_psutil_linux.abi3.so
7fefaafff000-7fefab000000 rw-p 00006000 00:1ba 56399769895               /inspire/hdd/project/multi-agent/zhangweinan-24046/PA/envs/personal/lib/python3.10/site-packages/psutil/_psutil_linux.abi3.so
7fefab000000-7fefc19a6000 r-xp 00000000 00:1ba 56384001705               /inspire/hdd/project/multi-agent/zhangweinan-24046/PA/envs/personal/lib/python3.10/site-packages/nvidia/cublas/lib/libcublasLt.so.12
7fefc19a6000-7fefc1ba6000 ---p 169a6000 00:1ba 56384001705               /inspire/hdd/project/multi-agent/zhangweinan-24046/PA/envs/personal/lib/python3.10/site-packages/nvidia/cublas/lib/libcublasLt.so.12
7fefc1ba6000-7fefc1dda000 r--p 169a6000 00:1ba 56384001705               /inspire/hdd/project/multi-agent/zhangweinan-24046/PA/envs/personal/lib/python3.10/site-packages/nvidia/cublas/lib/libcublasLt.so.12
7fefc1dda000-7fefc5777000 rw-p 16bda000 00:1ba 56384001705               /inspire/hdd/project/multi-agent/zhangweinan-24046/PA/envs/personal/lib/python3.10/site-packages/nvidia/cublas/lib/libcublasLt.so.12
7fefc5777000-7fefc8f5c000 rw-p 00000000 00:00 0 
7fefc8f5c000-7fefc8f5d000 r--s 00000000 00:1ba 65688886542               /inspire/hdd/project/multi-agent/zhangweinan-24046/PA/OPPU-main/pwab/functions/search/indexes/_2.fdx
7fefc8f5d000-7fefc8f5f000 r--p 00000000 00:1ba 60863164189               /inspire/hdd/project/multi-agent/zhangweinan-24046/PA/envs/personal/lib/python3.10/lib-dynload/resource.cpython-310-x86_64-linux-gnu.so
7fefc8f5f000-7fefc8f60000 r-xp 00002000 00:1ba 60863164189               /inspire/hdd/project/multi-agent/zhangweinan-24046/PA/envs/personal/lib/python3.10/lib-dynload/resource.cpython-310-x86_64-linux-gnu.so
7fefc8f60000-7fefc8f61000 r--p 00003000 00:1ba 60863164189               /inspire/hdd/project/multi-agent/zhangweinan-24046/PA/envs/personal/lib/python3.10/lib-dynload/resource.cpython-310-x86_64-linux-gnu.so
7fefc8f61000-7fefc8f62000 r--p 00003000 00:1ba 60863164189               /inspire/hdd/project/multi-agent/zhangweinan-24046/PA/envs/personal/lib/python3.10/lib-dynload/resource.cpython-310-x86_64-linux-gnu.so
7fefc8f62000-7fefc8f63000 rw-p 00004000 00:1ba 60863164189               /inspire/hdd/project/multi-agent/zhangweinan-24046/PA/envs/personal/lib/python3.10/lib-dynload/resource.cpython-310-x86_64-linux-gnu.so
7fefc8f63000-7fefc8f65000 r--p 00000000 00:1ba 70082011064               /inspire/hdd/project/multi-agent/zhangweinan-24046/PA/envs/personal/lib/python3.10/site-packages/sklearn/__check_build/_check_build.cpython-310-x86_64-linux-gnu.so
7fefc8f65000-7fefc8f68000 r-xp 00002000 00:1ba 70082011064               /inspire/hdd/project/multi-agent/zhangweinan-24046/PA/envs/personal/lib/python3.10/site-packages/sklearn/__check_build/_check_build.cpython-310-x86_64-linux-gnu.so
7fefc8f68000-7fefc8f69000 r--p 00005000 00:1ba 70082011064               /inspire/hdd/project/multi-agent/zhangweinan-24046/PA/envs/personal/lib/python3.10/site-packages/sklearn/__check_build/_check_build.cpython-310-x86_64-linux-gnu.so
7fefc8f69000-7fefc8f6a000 ---p 00006000 00:1ba 70082011064               /inspire/hdd/project/multi-agent/zhangweinan-24046/PA/envs/personal/lib/python3.10/site-packages/sklearn/__check_build/_check_build.cpython-310-x86_64-linux-gnu.so
7fefc8f6a000-7fefc8f6b000 r--p 00006000 00:1ba 70082011064               /inspire/hdd/project/multi-agent/zhangweinan-24046/PA/envs/personal/lib/python3.10/site-packages/sklearn/__check_build/_check_build.cpython-310-x86_64-linux-gnu.so
7fefc8f6b000-7fefc8f6c000 rw-p 00007000 00:1ba 70082011064               /inspire/hdd/project/multi-agent/zhangweinan-24046/PA/envs/personal/lib/python3.10/site-packages/sklearn/__check_build/_check_build.cpython-310-x86_64-linux-gnu.so
7fefc8f6c000-7fefc8f7f000 r--p 00000000 00:1ba 61041377983               /inspire/hdd/project/multi-agent/zhangweinan-24046/PA/envs/personal/lib/python3.10/site-packages/gmpy2/gmpy2.cpython-310-x86_64-linux-gnu.so
7fefc8f7f000-7fefc8fd4000 r-xp 00013000 00:1ba 61041377983               /inspire/hdd/project/multi-agent/zhangweinan-24046/PA/envs/personal/lib/python3.10/site-packages/gmpy2/gmpy2.cpython-310-x86_64-linux-gnu.so
7fefc8fd4000-7fefc8ff7000 r--p 00068000 00:1ba 61041377983               /inspire/hdd/project/multi-agent/zhangweinan-24046/PA/envs/personal/lib/python3.10/site-packages/gmpy2/gmpy2.cpython-310-x86_64-linux-gnu.so
7fefc8ff7000-7fefc8ff9000 r--p 0008a000 00:1ba 61041377983               /inspire/hdd/project/multi-agent/zhangweinan-24046/PA/envs/personal/lib/python3.10/site-packages/gmpy2/gmpy2.cpython-310-x86_64-linux-gnu.so
7fefc8ff9000-7fefc8fff000 rw-p 0008c000 00:1ba 61041377983               /inspire/hdd/project/multi-agent/zhangweinan-24046/PA/envs/personal/lib/python3.10/site-packages/gmpy2/gmpy2.cpython-310-x86_64-linux-gnu.so
7fefc8fff000-7fefc9000000 rw-p 00000000 00:00 0 
7fefc9000000-7fefcf874000 r-xp 00000000 00:1ba 56384001707               /inspire/hdd/project/multi-agent/zhangweinan-24046/PA/envs/personal/lib/python3.10/site-packages/nvidia/cublas/lib/libcublas.so.12
7fefcf874000-7fefcfa74000 ---p 06874000 00:1ba 56384001707               /inspire/hdd/project/multi-agent/zhangweinan-24046/PA/envs/personal/lib/python3.10/site-packages/nvidia/cublas/lib/libcublas.so.12
7fefcfa74000-7fefcfa80000 r--p 06874000 00:1ba 56384001707               /inspire/hdd/project/multi-agent/zhangweinan-24046/PA/envs/personal/lib/python3.10/site-packages/nvidia/cublas/lib/libcublas.so.12
7fefcfa80000-7fefcfa87000 rw-p 06880000 00:1ba 56384001707               /inspire/hdd/project/multi-agent/zhangweinan-24046/PA/envs/personal/lib/python3.10/site-packages/nvidia/cublas/lib/libcublas.so.12
7fefcfa87000-7fefcfa92000 rw-p 00000000 00:00 0 
7fefcfa92000-7fefcfa93000 r--p 00000000 00:1ba 70128038779               /inspire/hdd/project/multi-agent/zhangweinan-24046/PA/envs/personal/lib/libsharpyuv.so.0.0.1
7fefcfa93000-7fefcfa98000 r-xp 00001000 00:1ba 70128038779               /inspire/hdd/project/multi-agent/zhangweinan-24046/PA/envs/personal/lib/libsharpyuv.so.0.0.1
7fefcfa98000-7fefcfa99000 r--p 00006000 00:1ba 70128038779               /inspire/hdd/project/multi-agent/zhangweinan-24046/PA/envs/personal/lib/libsharpyuv.so.0.0.1
7fefcfa99000-7fefcfa9a000 r--p 00006000 00:1ba 70128038779               /inspire/hdd/project/multi-agent/zhangweinan-24046/PA/envs/personal/lib/libsharpyuv.so.0.0.1
7fefcfa9a000-7fefcfa9b000 rw-p 00007000 00:1ba 70128038779               /inspire/hdd/project/multi-agent/zhangweinan-24046/PA/envs/personal/lib/libsharpyuv.so.0.0.1
7fefcfa9b000-7fefcfa9c000 rw-p 00000000 00:00 0 
7fefcfa9c000-7fefcfa9e000 r--p 00000000 00:1ba 70151052752               /inspire/hdd/project/multi-agent/zhangweinan-24046/PA/envs/personal/lib/libyaml-0.so.2.0.9
7fefcfa9e000-7fefcfab4000 r-xp 00002000 00:1ba 70151052752               /inspire/hdd/project/multi-agent/zhangweinan-24046/PA/envs/personal/lib/libyaml-0.so.2.0.9
7fefcfab4000-7fefcfab7000 r--p 00018000 00:1ba 70151052752               /inspire/hdd/project/multi-agent/zhangweinan-24046/PA/envs/personal/lib/libyaml-0.so.2.0.9
7fefcfab7000-7fefcfab8000 ---p 0001b000 00:1ba 70151052752               /inspire/hdd/project/multi-agent/zhangweinan-24046/PA/envs/personal/lib/libyaml-0.so.2.0.9
7fefcfab8000-7fefcfab9000 r--p 0001b000 00:1ba 70151052752               /inspire/hdd/project/multi-agent/zhangweinan-24046/PA/envs/personal/lib/libyaml-0.so.2.0.9
7fefcfab9000-7fefcfaba000 rw-p 0001c000 00:1ba 70151052752               /inspire/hdd/project/multi-agent/zhangweinan-24046/PA/envs/personal/lib/libyaml-0.so.2.0.9
7fefcfaba000-7fefcfabd000 r--p 00000000 00:1ba 60861295865               /inspire/hdd/project/multi-agent/zhangweinan-24046/PA/envs/personal/lib/python3.10/lib-dynload/_multibytecodec.cpython-310-x86_64-linux-gnu.so
7fefcfabd000-7fefcfac3000 r-xp 00003000 00:1ba 60861295865               /inspire/hdd/project/multi-agent/zhangweinan-24046/PA/envs/personal/lib/python3.10/lib-dynload/_multibytecodec.cpython-310-x86_64-linux-gnu.so
7fefcfac3000-7fefcfac5000 r--p 00009000 00:1ba 60861295865               /inspire/hdd/project/multi-agent/zhangweinan-24046/PA/envs/personal/lib/python3.10/lib-dynload/_multibytecodec.cpython-310-x86_64-linux-gnu.so
7fefcfac5000-7fefcfac6000 r--p 0000a000 00:1ba 60861295865               /inspire/hdd/project/multi-agent/zhangweinan-24046/PA/envs/personal/lib/python3.10/lib-dynload/_multibytecodec.cpython-310-x86_64-linux-gnu.so
7fefcfac6000-7fefcfac7000 rw-p 0000b000 00:1ba 60861295865               /inspire/hdd/project/multi-agent/zhangweinan-24046/PA/envs/personal/lib/python3.10/lib-dynload/_multibytecodec.cpython-310-x86_64-linux-gnu.so
7fefcfac7000-7fefcfac9000 r--p 00000000 00:1f2 2505183712                /root/.triton/cache/q4oIpkjOtdHHfi8xBkm4jC4JWIk5AjKtN8WRkZb8MD8/cuda_utils.so
7fefcfac9000-7fefcfacb000 r-xp 00002000 00:1f2 2505183712                /root/.triton/cache/q4oIpkjOtdHHfi8xBkm4jC4JWIk5AjKtN8WRkZb8MD8/cuda_utils.so
7fefcfacb000-7fefcfacc000 r--p 00004000 00:1f2 2505183712                /root/.triton/cache/q4oIpkjOtdHHfi8xBkm4jC4JWIk5AjKtN8WRkZb8MD8/cuda_utils.so
7fefcfacc000-7fefcfacd000 r--p 00004000 00:1f2 2505183712                /root/.triton/cache/q4oIpkjOtdHHfi8xBkm4jC4JWIk5AjKtN8WRkZb8MD8/cuda_utils.so
7fefcfacd000-7fefcface000 rw-p 00005000 00:1f2 2505183712                /root/.triton/cache/q4oIpkjOtdHHfi8xBkm4jC4JWIk5AjKtN8WRkZb8MD8/cuda_utils.so
7fefcface000-7fefcfad5000 r--p 00000000 00:1ba 70152921135               /inspire/hdd/project/multi-agent/zhangweinan-24046/PA/envs/personal/lib/libmpc.so.3.3.1
7fefcfad5000-7fefcfaea000 r-xp 00007000 00:1ba 70152921135               /inspire/hdd/project/multi-agent/zhangweinan-24046/PA/envs/personal/lib/libmpc.so.3.3.1
7fefcfaea000-7fefcfaed000 r--p 0001c000 00:1ba 70152921135               /inspire/hdd/project/multi-agent/zhangweinan-24046/PA/envs/personal/lib/libmpc.so.3.3.1
7fefcfaed000-7fefcfaee000 r--p 0001f000 00:1ba 70152921135               /inspire/hdd/project/multi-agent/zhangweinan-24046/PA/envs/personal/lib/libmpc.so.3.3.1
7fefcfaee000-7fefcfaef000 rw-p 00020000 00:1ba 70152921135               /inspire/hdd/project/multi-agent/zhangweinan-24046/PA/envs/personal/lib/libmpc.so.3.3.1
7fefcfaef000-7fefcfb0f000 ---p 00000000 00:00 0 
7fefcfb0f000-7fefcfb1f000 -w-s 00000000 00:05 974                        /dev/nvidia2
7fefcfb1f000-7fefcfb2f000 -w-s 00000000 00:05 974                        /dev/nvidia2
7fefcfb2f000-7fefcfb37000 r--p 00000000 00:1ba 60777534365               /inspire/hdd/project/multi-agent/zhangweinan-24046/PA/envs/personal/lib/python3.10/site-packages/numpy/random/_generator.cpython-310-x86_64-linux-gnu.so
7fefcfb37000-7fefcfba7000 r-xp 00008000 00:1ba 60777534365               /inspire/hdd/project/multi-agent/zhangweinan-24046/PA/envs/personal/lib/python3.10/site-packages/numpy/random/_generator.cpython-310-x86_64-linux-gnu.so
7fefcfba7000-7fefcfbfb000 r--p 00078000 00:1ba 60777534365               /inspire/hdd/project/multi-agent/zhangweinan-24046/PA/envs/personal/lib/python3.10/site-packages/numpy/random/_generator.cpython-310-x86_64-linux-gnu.so
7fefcfbfb000-7fefcfbfc000 r--p 000cb000 00:1ba 60777534365               /inspire/hdd/project/multi-agent/zhangweinan-24046/PA/envs/personal/lib/python3.10/site-packages/numpy/random/_generator.cpython-310-x86_64-linux-gnu.so
7fefcfbfc000-7fefcfbfe000 rw-p 000cc000 00:1ba 60777534365               /inspire/hdd/project/multi-agent/zhangweinan-24046/PA/envs/personal/lib/python3.10/site-packages/numpy/random/_generator.cpython-310-x86_64-linux-gnu.so
7fefcfbfe000-7fefcfc00000 rw-p 00000000 00:00 0 
7fefcfc00000-7fefd43dc000 r-xp 00000000 00:1ba 57273085833               /inspire/hdd/project/multi-agent/zhangweinan-24046/PA/envs/personal/lib/python3.10/site-packages/nvidia/curand/lib/libcurand.so.10
7fefd43dc000-7fefd45dc000 ---p 047dc000 00:1ba 57273085833               /inspire/hdd/project/multi-agent/zhangweinan-24046/PA/envs/personal/lib/python3.10/site-packages/nvidia/curand/lib/libcurand.so.10
7fefd45dc000-7fefd45e2000 r--p 047dc000 00:1ba 57273085833               /inspire/hdd/project/multi-agent/zhangweinan-24046/PA/envs/personal/lib/python3.10/site-packages/nvidia/curand/lib/libcurand.so.10
7fefd45e2000-7fefd5a0e000 rw-p 047e2000 00:1ba 57273085833               /inspire/hdd/project/multi-agent/zhangweinan-24046/PA/envs/personal/lib/python3.10/site-packages/nvidia/curand/lib/libcurand.so.10
7fefd5a0e000-7fefd6046000 rw-p 00000000 00:00 0 
7fefd6046000-7fefd6047000 r--p 00000000 00:1ba 56408884220               /inspire/hdd/project/multi-agent/zhangweinan-24046/PA/envs/personal/lib/python3.10/site-packages/markupsafe/_speedups.cpython-310-x86_64-linux-gnu.so
7fefd6047000-7fefd6048000 r-xp 00001000 00:1ba 56408884220               /inspire/hdd/project/multi-agent/zhangweinan-24046/PA/envs/personal/lib/python3.10/site-packages/markupsafe/_speedups.cpython-310-x86_64-linux-gnu.so
7fefd6048000-7fefd6049000 r--p 00002000 00:1ba 56408884220               /inspire/hdd/project/multi-agent/zhangweinan-24046/PA/envs/personal/lib/python3.10/site-packages/markupsafe/_speedups.cpython-310-x86_64-linux-gnu.so
7fefd6049000-7fefd604a000 r--p 00002000 00:1ba 56408884220               /inspire/hdd/project/multi-agent/zhangweinan-24046/PA/envs/personal/lib/python3.10/site-packages/markupsafe/_speedups.cpython-310-x86_64-linux-gnu.so
7fefd604a000-7fefd604b000 rw-p 00003000 00:1ba 56408884220               /inspire/hdd/project/multi-agent/zhangweinan-24046/PA/envs/personal/lib/python3.10/site-packages/markupsafe/_speedups.cpython-310-x86_64-linux-gnu.so
7fefd604b000-7fefd605b000 ---p 00000000 00:00 0 
7fefd605b000-7fefd607c000 r--p 00000000 00:1ba 70117876044               /inspire/hdd/project/multi-agent/zhangweinan-24046/PA/envs/personal/lib/libssl.so.3
7fefd607c000-7fefd60d3000 r-xp 00021000 00:1ba 70117876044               /inspire/hdd/project/multi-agent/zhangweinan-24046/PA/envs/personal/lib/libssl.so.3
7fefd60d3000-7fefd60f2000 r--p 00078000 00:1ba 70117876044               /inspire/hdd/project/multi-agent/zhangweinan-24046/PA/envs/personal/lib/libssl.so.3
7fefd60f2000-7fefd60fc000 r--p 00096000 00:1ba 70117876044               /inspire/hdd/project/multi-agent/zhangweinan-24046/PA/envs/personal/lib/libssl.so.3
7fefd60fc000-7fefd6100000 rw-p 000a0000 00:1ba 70117876044               /inspire/hdd/project/multi-agent/zhangweinan-24046/PA/envs/personal/lib/libssl.so.3
7fefd6100000-7fefd6200000 rw-p 00000000 00:00 0 
7fefd6200000-7fefe2a35000 r-xp 00000000 00:1ba 60974204689               /inspire/hdd/project/multi-agent/zhangweinan-24046/PA/envs/personal/lib/python3.10/site-packages/cusparselt/lib/libcusparseLt.so.0
7fefe2a35000-7fefe2c35000 ---p 0c835000 00:1ba 60974204689               /inspire/hdd/project/multi-agent/zhangweinan-24046/PA/envs/personal/lib/python3.10/site-packages/cusparselt/lib/libcusparseLt.so.0
7fefe2c35000-7fefe2c57000 r--p 0c835000 00:1ba 60974204689               /inspire/hdd/project/multi-agent/zhangweinan-24046/PA/envs/personal/lib/python3.10/site-packages/cusparselt/lib/libcusparseLt.so.0
7fefe2c57000-7fefe2c5d000 rw-p 0c857000 00:1ba 60974204689               /inspire/hdd/project/multi-agent/zhangweinan-24046/PA/envs/personal/lib/python3.10/site-packages/cusparselt/lib/libcusparseLt.so.0
7fefe2c5d000-7fefe2e4e000 rw-p 00000000 00:00 0 
7fefe2e4e000-7fefe30b1000 rw-p 0c85e000 00:1ba 60974204689               /inspire/hdd/project/multi-agent/zhangweinan-24046/PA/envs/personal/lib/python3.10/site-packages/cusparselt/lib/libcusparseLt.so.0
7fefe30b1000-7fefe30b2000 rw-s 00000000 00:1e2 686                       /dev/shm/sem.V5TMb0 (deleted)
7fefe30b2000-7fefe30b3000 r--p 00000000 00:1f2 16353947698               /usr/lib/locale/C.utf8/LC_NUMERIC
7fefe30b3000-7fefe30b4000 r--p 00000000 00:1f2 16353947701               /usr/lib/locale/C.utf8/LC_TIME
7fefe30b4000-7fefe30b5000 r--p 00000000 00:1f2 16353947692               /usr/lib/locale/C.utf8/LC_COLLATE
7fefe30b5000-7fefe30b8000 r--p 00000000 00:1ba 60861295854               /inspire/hdd/project/multi-agent/zhangweinan-24046/PA/envs/personal/lib/python3.10/lib-dynload/termios.cpython-310-x86_64-linux-gnu.so
7fefe30b8000-7fefe30b9000 r-xp 00003000 00:1ba 60861295854               /inspire/hdd/project/multi-agent/zhangweinan-24046/PA/envs/personal/lib/python3.10/lib-dynload/termios.cpython-310-x86_64-linux-gnu.so
7fefe30b9000-7fefe30bb000 r--p 00004000 00:1ba 60861295854               /inspire/hdd/project/multi-agent/zhangweinan-24046/PA/envs/personal/lib/python3.10/lib-dynload/termios.cpython-310-x86_64-linux-gnu.so
7fefe30bb000-7fefe30bc000 r--p 00005000 00:1ba 60861295854               /inspire/hdd/project/multi-agent/zhangweinan-24046/PA/envs/personal/lib/python3.10/lib-dynload/termios.cpython-310-x86_64-linux-gnu.so
7fefe30bc000-7fefe30be000 rw-p 00006000 00:1ba 60861295854               /inspire/hdd/project/multi-agent/zhangweinan-24046/PA/envs/personal/lib/python3.10/lib-dynload/termios.cpython-310-x86_64-linux-gnu.so
7fefe30be000-7fefe30ee000 ---p 00000000 00:00 0 
7fefe30ee000-7fefe30f0000 r--p 00000000 00:1ba 60861295852               /inspire/hdd/project/multi-agent/zhangweinan-24046/PA/envs/personal/lib/python3.10/lib-dynload/cmath.cpython-310-x86_64-linux-gnu.so
7fefe30f0000-7fefe30fa000 r-xp 00002000 00:1ba 60861295852               /inspire/hdd/project/multi-agent/zhangweinan-24046/PA/envs/personal/lib/python3.10/lib-dynload/cmath.cpython-310-x86_64-linux-gnu.so
7fefe30fa000-7fefe30fc000 r--p 0000c000 00:1ba 60861295852               /inspire/hdd/project/multi-agent/zhangweinan-24046/PA/envs/personal/lib/python3.10/lib-dynload/cmath.cpython-310-x86_64-linux-gnu.so
7fefe30fc000-7fefe30fd000 r--p 0000e000 00:1ba 60861295852               /inspire/hdd/project/multi-agent/zhangweinan-24046/PA/envs/personal/lib/python3.10/lib-dynload/cmath.cpython-310-x86_64-linux-gnu.so
7fefe30fd000-7fefe30fe000 rw-p 0000f000 00:1ba 60861295852               /inspire/hdd/project/multi-agent/zhangweinan-24046/PA/envs/personal/lib/python3.10/lib-dynload/cmath.cpython-310-x86_64-linux-gnu.so
7fefe30fe000-7fefe3200000 rw-p 00000000 00:00 0 
7fefe3200000-7fefe3bb1000 r-xp 00000000 00:1ba 60764683256               /inspire/hdd/project/multi-agent/zhangweinan-24046/PA/envs/personal/lib/python3.10/site-packages/nvidia/cufft/lib/libcufft.so.11
7fefe3bb1000-7fefe3db0000 ---p 009b1000 00:1ba 60764683256               /inspire/hdd/project/multi-agent/zhangweinan-24046/PA/envs/personal/lib/python3.10/site-packages/nvidia/cufft/lib/libcufft.so.11
7fefe3db0000-7fefe3dbd000 r--p 009b0000 00:1ba 60764683256               /inspire/hdd/project/multi-agent/zhangweinan-24046/PA/envs/personal/lib/python3.10/site-packages/nvidia/cufft/lib/libcufft.so.11
7fefe3dbd000-7feff4b52000 rw-p 009bd000 00:1ba 60764683256               /inspire/hdd/project/multi-agent/zhangweinan-24046/PA/envs/personal/lib/python3.10/site-packages/nvidia/cufft/lib/libcufft.so.11
7feff4b52000-7feff4dfd000 rw-p 00000000 00:00 0 
7feff4dfd000-7feff4dfe000 r--p 00000000 00:1f2 16353947696               /usr/lib/locale/C.utf8/LC_MONETARY
7feff4dfe000-7feff4dff000 r--p 00000000 00:1f2 16778372087               /usr/lib/locale/C.utf8/LC_MESSAGES/SYS_LC_MESSAGES
7feff4dff000-7feff4e00000 r--p 00000000 00:1f2 16353947699               /usr/lib/locale/C.utf8/LC_PAPER
7feff4e00000-7ff005a19000 r-xp 00000000 00:1ba 61022921189               /inspire/hdd/project/multi-agent/zhangweinan-24046/PA/envs/personal/lib/python3.10/site-packages/nvidia/cusparse/lib/libcusparse.so.12
7ff005a19000-7ff005c19000 ---p 10c19000 00:1ba 61022921189               /inspire/hdd/project/multi-agent/zhangweinan-24046/PA/envs/personal/lib/python3.10/site-packages/nvidia/cusparse/lib/libcusparse.so.12
7ff005c19000-7ff005c28000 r--p 10c19000 00:1ba 61022921189               /inspire/hdd/project/multi-agent/zhangweinan-24046/PA/envs/personal/lib/python3.10/site-packages/nvidia/cusparse/lib/libcusparse.so.12
7ff005c28000-7ff005c44000 rw-p 10c28000 00:1ba 61022921189               /inspire/hdd/project/multi-agent/zhangweinan-24046/PA/envs/personal/lib/python3.10/site-packages/nvidia/cusparse/lib/libcusparse.so.12
7ff005c44000-7ff005c49000 rw-p 00000000 00:00 0 
7ff005c49000-7ff005c4e000 rw-p 10c44000 00:1ba 61022921189               /inspire/hdd/project/multi-agent/zhangweinan-24046/PA/envs/personal/lib/python3.10/site-packages/nvidia/cusparse/lib/libcusparse.so.12
7ff005c4e000-7ff005c50000 r--p 00000000 00:1ba 60863164172               /inspire/hdd/project/multi-agent/zhangweinan-24046/PA/envs/personal/lib/python3.10/lib-dynload/_lsprof.cpython-310-x86_64-linux-gnu.so
7ff005c50000-7ff005c52000 r-xp 00002000 00:1ba 60863164172               /inspire/hdd/project/multi-agent/zhangweinan-24046/PA/envs/personal/lib/python3.10/lib-dynload/_lsprof.cpython-310-x86_64-linux-gnu.so
7ff005c52000-7ff005c53000 r--p 00004000 00:1ba 60863164172               /inspire/hdd/project/multi-agent/zhangweinan-24046/PA/envs/personal/lib/python3.10/lib-dynload/_lsprof.cpython-310-x86_64-linux-gnu.so
7ff005c53000-7ff005c54000 r--p 00005000 00:1ba 60863164172               /inspire/hdd/project/multi-agent/zhangweinan-24046/PA/envs/personal/lib/python3.10/lib-dynload/_lsprof.cpython-310-x86_64-linux-gnu.so
7ff005c54000-7ff005c55000 rw-p 00006000 00:1ba 60863164172               /inspire/hdd/project/multi-agent/zhangweinan-24046/PA/envs/personal/lib/python3.10/lib-dynload/_lsprof.cpython-310-x86_64-linux-gnu.so
7ff005c55000-7ff005c57000 r--p 00000000 00:1ba 60861295866               /inspire/hdd/project/multi-agent/zhangweinan-24046/PA/envs/personal/lib/python3.10/lib-dynload/_multiprocessing.cpython-310-x86_64-linux-gnu.so
7ff005c57000-7ff005c58000 r-xp 00002000 00:1ba 60861295866               /inspire/hdd/project/multi-agent/zhangweinan-24046/PA/envs/personal/lib/python3.10/lib-dynload/_multiprocessing.cpython-310-x86_64-linux-gnu.so
7ff005c58000-7ff005c59000 r--p 00003000 00:1ba 60861295866               /inspire/hdd/project/multi-agent/zhangweinan-24046/PA/envs/personal/lib/python3.10/lib-dynload/_multiprocessing.cpython-310-x86_64-linux-gnu.so
7ff005c59000-7ff005c5a000 r--p 00003000 00:1ba 60861295866               /inspire/hdd/project/multi-agent/zhangweinan-24046/PA/envs/personal/lib/python3.10/lib-dynload/_multiprocessing.cpython-310-x86_64-linux-gnu.so
7ff005c5a000-7ff005c5b000 rw-p 00004000 00:1ba 60861295866               /inspire/hdd/project/multi-agent/zhangweinan-24046/PA/envs/personal/lib/python3.10/lib-dynload/_multiprocessing.cpython-310-x86_64-linux-gnu.so
7ff005c5b000-7ff005c60000 r--p 00000000 00:1ba 60777534383               /inspire/hdd/project/multi-agent/zhangweinan-24046/PA/envs/personal/lib/python3.10/site-packages/numpy/random/mtrand.cpython-310-x86_64-linux-gnu.so
7ff005c60000-7ff005cac000 r-xp 00005000 00:1ba 60777534383               /inspire/hdd/project/multi-agent/zhangweinan-24046/PA/envs/personal/lib/python3.10/site-packages/numpy/random/mtrand.cpython-310-x86_64-linux-gnu.so
7ff005cac000-7ff005cfc000 r--p 00051000 00:1ba 60777534383               /inspire/hdd/project/multi-agent/zhangweinan-24046/PA/envs/personal/lib/python3.10/site-packages/numpy/random/mtrand.cpython-310-x86_64-linux-gnu.so
7ff005cfc000-7ff005cfd000 r--p 000a0000 00:1ba 60777534383               /inspire/hdd/project/multi-agent/zhangweinan-24046/PA/envs/personal/lib/python3.10/site-packages/numpy/random/mtrand.cpython-310-x86_64-linux-gnu.so
7ff005cfd000-7ff005cfe000 rw-p 000a1000 00:1ba 60777534383               /inspire/hdd/project/multi-agent/zhangweinan-24046/PA/envs/personal/lib/python3.10/site-packages/numpy/random/mtrand.cpython-310-x86_64-linux-gnu.so
7ff005cfe000-7ff005e00000 rw-p 00000000 00:00 0 
7ff005e00000-7ff00647e000 r-xp 00000000 00:1ba 56384001657               /inspire/hdd/project/multi-agent/zhangweinan-24046/PA/envs/personal/lib/python3.10/site-packages/nvidia/cuda_cupti/lib/libcupti.so.12
7ff00647e000-7ff00667d000 ---p 0067e000 00:1ba 56384001657               /inspire/hdd/project/multi-agent/zhangweinan-24046/PA/envs/personal/lib/python3.10/site-packages/nvidia/cuda_cupti/lib/libcupti.so.12
7ff00667d000-7ff0066cc000 r--p 0067d000 00:1ba 56384001657               /inspire/hdd/project/multi-agent/zhangweinan-24046/PA/envs/personal/lib/python3.10/site-packages/nvidia/cuda_cupti/lib/libcupti.so.12
7ff0066cc000-7ff006764000 rw-p 006cc000 00:1ba 56384001657               /inspire/hdd/project/multi-agent/zhangweinan-24046/PA/envs/personal/lib/python3.10/site-packages/nvidia/cuda_cupti/lib/libcupti.so.12
7ff006764000-7ff00679d000 rw-p 00000000 00:00 0 
7ff00679d000-7ff00679e000 r--p 00000000 00:1ba 61041377963               /inspire/hdd/project/multi-agent/zhangweinan-24046/PA/envs/personal/lib/python3.10/site-packages/charset_normalizer/md.cpython-310-x86_64-linux-gnu.so
7ff00679e000-7ff00679f000 r-xp 00001000 00:1ba 61041377963               /inspire/hdd/project/multi-agent/zhangweinan-24046/PA/envs/personal/lib/python3.10/site-packages/charset_normalizer/md.cpython-310-x86_64-linux-gnu.so
7ff00679f000-7ff0067a0000 r--p 00002000 00:1ba 61041377963               /inspire/hdd/project/multi-agent/zhangweinan-24046/PA/envs/personal/lib/python3.10/site-packages/charset_normalizer/md.cpython-310-x86_64-linux-gnu.so
7ff0067a0000-7ff0067a1000 r--p 00002000 00:1ba 61041377963               /inspire/hdd/project/multi-agent/zhangweinan-24046/PA/envs/personal/lib/python3.10/site-packages/charset_normalizer/md.cpython-310-x86_64-linux-gnu.so
7ff0067a1000-7ff0067a2000 rw-p 00003000 00:1ba 61041377963               /inspire/hdd/project/multi-agent/zhangweinan-24046/PA/envs/personal/lib/python3.10/site-packages/charset_normalizer/md.cpython-310-x86_64-linux-gnu.so
7ff0067a2000-7ff0067a4000 r--p 00000000 00:1ba 70101287793               /inspire/hdd/project/multi-agent/zhangweinan-24046/PA/envs/personal/lib/libuuid.so.1.3.0
7ff0067a4000-7ff0067a8000 r-xp 00002000 00:1ba 70101287793               /inspire/hdd/project/multi-agent/zhangweinan-24046/PA/envs/personal/lib/libuuid.so.1.3.0
7ff0067a8000-7ff0067a9000 r--p 00006000 00:1ba 70101287793               /inspire/hdd/project/multi-agent/zhangweinan-24046/PA/envs/personal/lib/libuuid.so.1.3.0
7ff0067a9000-7ff0067aa000 r--p 00006000 00:1ba 70101287793               /inspire/hdd/project/multi-agent/zhangweinan-24046/PA/envs/personal/lib/libuuid.so.1.3.0
7ff0067aa000-7ff0067ab000 rw-p 00007000 00:1ba 70101287793               /inspire/hdd/project/multi-agent/zhangweinan-24046/PA/envs/personal/lib/libuuid.so.1.3.0
7ff0067ab000-7ff0067ae000 r--p 00000000 00:1ba 60863164193               /inspire/hdd/project/multi-agent/zhangweinan-24046/PA/envs/personal/lib/python3.10/lib-dynload/_csv.cpython-310-x86_64-linux-gnu.so
7ff0067ae000-7ff0067b3000 r-xp 00003000 00:1ba 60863164193               /inspire/hdd/project/multi-agent/zhangweinan-24046/PA/envs/personal/lib/python3.10/lib-dynload/_csv.cpython-310-x86_64-linux-gnu.so
7ff0067b3000-7ff0067b6000 r--p 00008000 00:1ba 60863164193               /inspire/hdd/project/multi-agent/zhangweinan-24046/PA/envs/personal/lib/python3.10/lib-dynload/_csv.cpython-310-x86_64-linux-gnu.so
7ff0067b6000-7ff0067b7000 r--p 0000a000 00:1ba 60863164193               /inspire/hdd/project/multi-agent/zhangweinan-24046/PA/envs/personal/lib/python3.10/lib-dynload/_csv.cpython-310-x86_64-linux-gnu.so
7ff0067b7000-7ff0067b8000 rw-p 0000b000 00:1ba 60863164193               /inspire/hdd/project/multi-agent/zhangweinan-24046/PA/envs/personal/lib/python3.10/lib-dynload/_csv.cpython-310-x86_64-linux-gnu.so
7ff0067b8000-7ff0067cb000 r--p 00000000 00:1ba 60863164167               /inspire/hdd/project/multi-agent/zhangweinan-24046/PA/envs/personal/lib/python3.10/lib-dynload/_ssl.cpython-310-x86_64-linux-gnu.so
7ff0067cb000-7ff0067d5000 r-xp 00013000 00:1ba 60863164167               /inspire/hdd/project/multi-agent/zhangweinan-24046/PA/envs/personal/lib/python3.10/lib-dynload/_ssl.cpython-310-x86_64-linux-gnu.so
7ff0067d5000-7ff0067e3000 r--p 0001d000 00:1ba 60863164167               /inspire/hdd/project/multi-agent/zhangweinan-24046/PA/envs/personal/lib/python3.10/lib-dynload/_ssl.cpython-310-x86_64-linux-gnu.so
7ff0067e3000-7ff0067e4000 r--p 0002b000 00:1ba 60863164167               /inspire/hdd/project/multi-agent/zhangweinan-24046/PA/envs/personal/lib/python3.10/lib-dynload/_ssl.cpython-310-x86_64-linux-gnu.so
7ff0067e4000-7ff0067ec000 rw-p 0002c000 00:1ba 60863164167               /inspire/hdd/project/multi-agent/zhangweinan-24046/PA/envs/personal/lib/python3.10/lib-dynload/_ssl.cpython-310-x86_64-linux-gnu.so
7ff0067ec000-7ff00688d000 r--p 00000000 00:1ba 70117876207               /inspire/hdd/project/multi-agent/zhangweinan-24046/PA/envs/personal/lib/libstdc++.so.6.0.29
7ff00688d000-7ff006982000 r-xp 000a1000 00:1ba 70117876207               /inspire/hdd/project/multi-agent/zhangweinan-24046/PA/envs/personal/lib/libstdc++.so.6.0.29
7ff006982000-7ff0069ee000 r--p 00196000 00:1ba 70117876207               /inspire/hdd/project/multi-agent/zhangweinan-24046/PA/envs/personal/lib/libstdc++.so.6.0.29
7ff0069ee000-7ff0069ef000 ---p 00202000 00:1ba 70117876207               /inspire/hdd/project/multi-agent/zhangweinan-24046/PA/envs/personal/lib/libstdc++.so.6.0.29
7ff0069ef000-7ff0069fa000 r--p 00202000 00:1ba 70117876207               /inspire/hdd/project/multi-agent/zhangweinan-24046/PA/envs/personal/lib/libstdc++.so.6.0.29
7ff0069fa000-7ff0069fd000 rw-p 0020d000 00:1ba 70117876207               /inspire/hdd/project/multi-agent/zhangweinan-24046/PA/envs/personal/lib/libstdc++.so.6.0.29
7ff0069fd000-7ff006a00000 rw-p 00000000 00:00 0 
7ff006a00000-7ff006a18000 r-xp 00000000 00:1ba 61022921180               /inspire/hdd/project/multi-agent/zhangweinan-24046/PA/envs/personal/lib/python3.10/site-packages/nvidia/cudnn/lib/libcudnn.so.9
7ff006a18000-7ff006c18000 ---p 00018000 00:1ba 61022921180               /inspire/hdd/project/multi-agent/zhangweinan-24046/PA/envs/personal/lib/python3.10/site-packages/nvidia/cudnn/lib/libcudnn.so.9
7ff006c18000-7ff006c19000 r--p 00018000 00:1ba 61022921180               /inspire/hdd/project/multi-agent/zhangweinan-24046/PA/envs/personal/lib/python3.10/site-packages/nvidia/cudnn/lib/libcudnn.so.9
7ff006c19000-7ff006c1a000 rw-p 00019000 00:1ba 61022921180               /inspire/hdd/project/multi-agent/zhangweinan-24046/PA/envs/personal/lib/python3.10/site-packages/nvidia/cudnn/lib/libcudnn.so.9
7ff006c1a000-7ff006c1f000 r--p 00000000 00:1ba 60863164192               /inspire/hdd/project/multi-agent/zhangweinan-24046/PA/envs/personal/lib/python3.10/lib-dynload/_asyncio.cpython-310-x86_64-linux-gnu.so
7ff006c1f000-7ff006c24000 r-xp 00005000 00:1ba 60863164192               /inspire/hdd/project/multi-agent/zhangweinan-24046/PA/envs/personal/lib/python3.10/lib-dynload/_asyncio.cpython-310-x86_64-linux-gnu.so
7ff006c24000-7ff006c28000 r--p 0000a000 00:1ba 60863164192               /inspire/hdd/project/multi-agent/zhangweinan-24046/PA/envs/personal/lib/python3.10/lib-dynload/_asyncio.cpython-310-x86_64-linux-gnu.so
7ff006c28000-7ff006c29000 r--p 0000d000 00:1ba 60863164192               /inspire/hdd/project/multi-agent/zhangweinan-24046/PA/envs/personal/lib/python3.10/lib-dynload/_asyncio.cpython-310-x86_64-linux-gnu.so
7ff006c29000-7ff006c2b000 rw-p 0000e000 00:1ba 60863164192               /inspire/hdd/project/multi-agent/zhangweinan-24046/PA/envs/personal/lib/python3.10/lib-dynload/_asyncio.cpython-310-x86_64-linux-gnu.so
7ff006c2b000-7ff007a23000 r--p 00000000 00:1ba 60707672604               /inspire/hdd/project/multi-agent/zhangweinan-24046/PA/envs/personal/lib/python3.10/site-packages/torch/lib/libtorch_cuda.so
7ff007a23000-7ff00a7fa000 r-xp 00df8000 00:1ba 60707672604               /inspire/hdd/project/multi-agent/zhangweinan-24046/PA/envs/personal/lib/python3.10/site-packages/torch/lib/libtorch_cuda.so
7ff00a7fa000-7ff03a511000 r--p 03bcf000 00:1ba 60707672604               /inspire/hdd/project/multi-agent/zhangweinan-24046/PA/envs/personal/lib/python3.10/site-packages/torch/lib/libtorch_cuda.so
7ff03a511000-7ff03a581000 r--p 338e5000 00:1ba 60707672604               /inspire/hdd/project/multi-agent/zhangweinan-24046/PA/envs/personal/lib/python3.10/site-packages/torch/lib/libtorch_cuda.so
7ff03a581000-7ff03a5a4000 rw-p 33955000 00:1ba 60707672604               /inspire/hdd/project/multi-agent/zhangweinan-24046/PA/envs/personal/lib/python3.10/site-packages/torch/lib/libtorch_cuda.so
7ff03a5a4000-7ff03b2b7000 rw-p 00000000 00:00 0 
7ff03b2b7000-7ff03bdd3000 rw-p 351bb000 00:1ba 60707672604               /inspire/hdd/project/multi-agent/zhangweinan-24046/PA/envs/personal/lib/python3.10/site-packages/torch/lib/libtorch_cuda.so
7ff03bdd3000-7ff03cdaf000 r--p 00000000 00:1ba 60707672593               /inspire/hdd/project/multi-agent/zhangweinan-24046/PA/envs/personal/lib/python3.10/site-packages/torch/lib/libtorch_cpu.so
7ff03cdaf000-7ff04d514000 r-xp 00fdc000 00:1ba 60707672593               /inspire/hdd/project/multi-agent/zhangweinan-24046/PA/envs/personal/lib/python3.10/site-packages/torch/lib/libtorch_cpu.so
7ff04d514000-7ff04fe96000 r--p 11741000 00:1ba 60707672593               /inspire/hdd/project/multi-agent/zhangweinan-24046/PA/envs/personal/lib/python3.10/site-packages/torch/lib/libtorch_cpu.so
7ff04fe96000-7ff04fe97000 ---p 140c3000 00:1ba 60707672593               /inspire/hdd/project/multi-agent/zhangweinan-24046/PA/envs/personal/lib/python3.10/site-packages/torch/lib/libtorch_cpu.so
7ff04fe97000-7ff0500ef000 r--p 140c3000 00:1ba 60707672593               /inspire/hdd/project/multi-agent/zhangweinan-24046/PA/envs/personal/lib/python3.10/site-packages/torch/lib/libtorch_cpu.so
7ff0500ef000-7ff0501ac000 rw-p 1431b000 00:1ba 60707672593               /inspire/hdd/project/multi-agent/zhangweinan-24046/PA/envs/personal/lib/python3.10/site-packages/torch/lib/libtorch_cpu.so
7ff0501ac000-7ff050253000 rw-p 00000000 00:00 0 
7ff050253000-7ff0508b2000 rw-p 19928000 00:1ba 60707672593               /inspire/hdd/project/multi-agent/zhangweinan-24046/PA/envs/personal/lib/python3.10/site-packages/torch/lib/libtorch_cpu.so
7ff0508b2000-7ff050e8f000 rw-p 19f87000 00:1ba 60707672593               /inspire/hdd/project/multi-agent/zhangweinan-24046/PA/envs/personal/lib/python3.10/site-packages/torch/lib/libtorch_cpu.so
7ff050e8f000-7ff051128000 r--p 00000000 00:1ba 60707672592               /inspire/hdd/project/multi-agent/zhangweinan-24046/PA/envs/personal/lib/python3.10/site-packages/torch/lib/libtorch_python.so
7ff051128000-7ff051dc4000 r-xp 00299000 00:1ba 60707672592               /inspire/hdd/project/multi-agent/zhangweinan-24046/PA/envs/personal/lib/python3.10/site-packages/torch/lib/libtorch_python.so
7ff051dc4000-7ff0521a2000 r--p 00f35000 00:1ba 60707672592               /inspire/hdd/project/multi-agent/zhangweinan-24046/PA/envs/personal/lib/python3.10/site-packages/torch/lib/libtorch_python.so
7ff0521a2000-7ff0521a3000 ---p 01313000 00:1ba 60707672592               /inspire/hdd/project/multi-agent/zhangweinan-24046/PA/envs/personal/lib/python3.10/site-packages/torch/lib/libtorch_python.so
7ff0521a3000-7ff0521c4000 r--p 01313000 00:1ba 60707672592               /inspire/hdd/project/multi-agent/zhangweinan-24046/PA/envs/personal/lib/python3.10/site-packages/torch/lib/libtorch_python.so
7ff0521c4000-7ff052225000 rw-p 01334000 00:1ba 60707672592               /inspire/hdd/project/multi-agent/zhangweinan-24046/PA/envs/personal/lib/python3.10/site-packages/torch/lib/libtorch_python.so
7ff052225000-7ff05228e000 rw-p 00000000 00:00 0 
7ff05228e000-7ff052400000 rw-p 01ab2000 00:1ba 60707672592               /inspire/hdd/project/multi-agent/zhangweinan-24046/PA/envs/personal/lib/python3.10/site-packages/torch/lib/libtorch_python.so
7ff052400000-7ff0550dd000 r-xp 00000000 00:1ba 60764683241               /inspire/hdd/project/multi-agent/zhangweinan-24046/PA/envs/personal/lib/python3.10/site-packages/nvidia/nvjitlink/lib/libnvJitLink.so.12
7ff0550dd000-7ff0552dd000 ---p 02cdd000 00:1ba 60764683241               /inspire/hdd/project/multi-agent/zhangweinan-24046/PA/envs/personal/lib/python3.10/site-packages/nvidia/nvjitlink/lib/libnvJitLink.so.12
7ff0552dd000-7ff0558aa000 r--p 02cdd000 00:1ba 60764683241               /inspire/hdd/project/multi-agent/zhangweinan-24046/PA/envs/personal/lib/python3.10/site-packages/nvidia/nvjitlink/lib/libnvJitLink.so.12
7ff0558aa000-7ff05591d000 rw-p 032aa000 00:1ba 60764683241               /inspire/hdd/project/multi-agent/zhangweinan-24046/PA/envs/personal/lib/python3.10/site-packages/nvidia/nvjitlink/lib/libnvJitLink.so.12
7ff05591d000-7ff055993000 rw-p 00000000 00:00 0 
7ff055993000-7ff055994000 r--p 00000000 00:1f2 16353947697               /usr/lib/locale/C.utf8/LC_NAME
7ff055994000-7ff055995000 r--p 00000000 00:1f2 16353947691               /usr/lib/locale/C.utf8/LC_ADDRESS
7ff055995000-7ff055997000 r--p 00000000 00:1ba 60863164175               /inspire/hdd/project/multi-agent/zhangweinan-24046/PA/envs/personal/lib/python3.10/lib-dynload/_queue.cpython-310-x86_64-linux-gnu.so
7ff055997000-7ff055998000 r-xp 00002000 00:1ba 60863164175               /inspire/hdd/project/multi-agent/zhangweinan-24046/PA/envs/personal/lib/python3.10/lib-dynload/_queue.cpython-310-x86_64-linux-gnu.so
7ff055998000-7ff055999000 r--p 00003000 00:1ba 60863164175               /inspire/hdd/project/multi-agent/zhangweinan-24046/PA/envs/personal/lib/python3.10/lib-dynload/_queue.cpython-310-x86_64-linux-gnu.so
7ff055999000-7ff05599a000 r--p 00003000 00:1ba 60863164175               /inspire/hdd/project/multi-agent/zhangweinan-24046/PA/envs/personal/lib/python3.10/lib-dynload/_queue.cpython-310-x86_64-linux-gnu.so
7ff05599a000-7ff05599b000 rw-p 00004000 00:1ba 60863164175               /inspire/hdd/project/multi-agent/zhangweinan-24046/PA/envs/personal/lib/python3.10/lib-dynload/_queue.cpython-310-x86_64-linux-gnu.so
7ff05599b000-7ff05599d000 r--p 00000000 00:1ba 60861295840               /inspire/hdd/project/multi-agent/zhangweinan-24046/PA/envs/personal/lib/python3.10/lib-dynload/mmap.cpython-310-x86_64-linux-gnu.so
7ff05599d000-7ff0559a0000 r-xp 00002000 00:1ba 60861295840               /inspire/hdd/project/multi-agent/zhangweinan-24046/PA/envs/personal/lib/python3.10/lib-dynload/mmap.cpython-310-x86_64-linux-gnu.so
7ff0559a0000-7ff0559a2000 r--p 00005000 00:1ba 60861295840               /inspire/hdd/project/multi-agent/zhangweinan-24046/PA/envs/personal/lib/python3.10/lib-dynload/mmap.cpython-310-x86_64-linux-gnu.so
7ff0559a2000-7ff0559a3000 r--p 00006000 00:1ba 60861295840               /inspire/hdd/project/multi-agent/zhangweinan-24046/PA/envs/personal/lib/python3.10/lib-dynload/mmap.cpython-310-x86_64-linux-gnu.so
7ff0559a3000-7ff0559a4000 rw-p 00007000 00:1ba 60861295840               /inspire/hdd/project/multi-agent/zhangweinan-24046/PA/envs/personal/lib/python3.10/lib-dynload/mmap.cpython-310-x86_64-linux-gnu.so
7ff0559a4000-7ff0559a6000 r--p 00000000 00:1ba 60861295847               /inspire/hdd/project/multi-agent/zhangweinan-24046/PA/envs/personal/lib/python3.10/lib-dynload/grp.cpython-310-x86_64-linux-gnu.so
7ff0559a6000-7ff0559a7000 r-xp 00002000 00:1ba 60861295847               /inspire/hdd/project/multi-agent/zhangweinan-24046/PA/envs/personal/lib/python3.10/lib-dynload/grp.cpython-310-x86_64-linux-gnu.so
7ff0559a7000-7ff0559a8000 r--p 00003000 00:1ba 60861295847               /inspire/hdd/project/multi-agent/zhangweinan-24046/PA/envs/personal/lib/python3.10/lib-dynload/grp.cpython-310-x86_64-linux-gnu.so
7ff0559a8000-7ff0559a9000 r--p 00003000 00:1ba 60861295847               /inspire/hdd/project/multi-agent/zhangweinan-24046/PA/envs/personal/lib/python3.10/lib-dynload/grp.cpython-310-x86_64-linux-gnu.so
7ff0559a9000-7ff0559aa000 rw-p 00004000 00:1ba 60861295847               /inspire/hdd/project/multi-agent/zhangweinan-24046/PA/envs/personal/lib/python3.10/lib-dynload/grp.cpython-310-x86_64-linux-gnu.so
7ff0559aa000-7ff0559ad000 r--p 00000000 00:1ba 60777534374               /inspire/hdd/project/multi-agent/zhangweinan-24046/PA/envs/personal/lib/python3.10/site-packages/numpy/random/_sfc64.cpython-310-x86_64-linux-gnu.so
7ff0559ad000-7ff0559b4000 r-xp 00003000 00:1ba 60777534374               /inspire/hdd/project/multi-agent/zhangweinan-24046/PA/envs/personal/lib/python3.10/site-packages/numpy/random/_sfc64.cpython-310-x86_64-linux-gnu.so
7ff0559b4000-7ff0559b7000 r--p 0000a000 00:1ba 60777534374               /inspire/hdd/project/multi-agent/zhangweinan-24046/PA/envs/personal/lib/python3.10/site-packages/numpy/random/_sfc64.cpython-310-x86_64-linux-gnu.so
7ff0559b7000-7ff0559b8000 r--p 0000c000 00:1ba 60777534374               /inspire/hdd/project/multi-agent/zhangweinan-24046/PA/envs/personal/lib/python3.10/site-packages/numpy/random/_sfc64.cpython-310-x86_64-linux-gnu.so
7ff0559b8000-7ff0559b9000 rw-p 0000d000 00:1ba 60777534374               /inspire/hdd/project/multi-agent/zhangweinan-24046/PA/envs/personal/lib/python3.10/site-packages/numpy/random/_sfc64.cpython-310-x86_64-linux-gnu.so
7ff0559b9000-7ff0559bc000 r--p 00000000 00:1ba 60777534369               /inspire/hdd/project/multi-agent/zhangweinan-24046/PA/envs/personal/lib/python3.10/site-packages/numpy/random/_pcg64.cpython-310-x86_64-linux-gnu.so
7ff0559bc000-7ff0559cb000 r-xp 00003000 00:1ba 60777534369               /inspire/hdd/project/multi-agent/zhangweinan-24046/PA/envs/personal/lib/python3.10/site-packages/numpy/random/_pcg64.cpython-310-x86_64-linux-gnu.so
7ff0559cb000-7ff0559d0000 r--p 00012000 00:1ba 60777534369               /inspire/hdd/project/multi-agent/zhangweinan-24046/PA/envs/personal/lib/python3.10/site-packages/numpy/random/_pcg64.cpython-310-x86_64-linux-gnu.so
7ff0559d0000-7ff0559d1000 ---p 00017000 00:1ba 60777534369               /inspire/hdd/project/multi-agent/zhangweinan-24046/PA/envs/personal/lib/python3.10/site-packages/numpy/random/_pcg64.cpython-310-x86_64-linux-gnu.so
7ff0559d1000-7ff0559d2000 r--p 00017000 00:1ba 60777534369               /inspire/hdd/project/multi-agent/zhangweinan-24046/PA/envs/personal/lib/python3.10/site-packages/numpy/random/_pcg64.cpython-310-x86_64-linux-gnu.so
7ff0559d2000-7ff0559d3000 rw-p 00018000 00:1ba 60777534369               /inspire/hdd/project/multi-agent/zhangweinan-24046/PA/envs/personal/lib/python3.10/site-packages/numpy/random/_pcg64.cpython-310-x86_64-linux-gnu.so
7ff0559d3000-7ff0559d6000 r--p 00000000 00:1ba 60777534371               /inspire/hdd/project/multi-agent/zhangweinan-24046/PA/envs/personal/lib/python3.10/site-packages/numpy/random/_philox.cpython-310-x86_64-linux-gnu.so
7ff0559d6000-7ff0559e2000 r-xp 00003000 00:1ba 60777534371               /inspire/hdd/project/multi-agent/zhangweinan-24046/PA/envs/personal/lib/python3.10/site-packages/numpy/random/_philox.cpython-310-x86_64-linux-gnu.so
7ff0559e2000-7ff0559e6000 r--p 0000f000 00:1ba 60777534371               /inspire/hdd/project/multi-agent/zhangweinan-24046/PA/envs/personal/lib/python3.10/site-packages/numpy/random/_philox.cpython-310-x86_64-linux-gnu.so
7ff0559e6000-7ff0559e7000 ---p 00013000 00:1ba 60777534371               /inspire/hdd/project/multi-agent/zhangweinan-24046/PA/envs/personal/lib/python3.10/site-packages/numpy/random/_philox.cpython-310-x86_64-linux-gnu.so
7ff0559e7000-7ff0559e8000 r--p 00013000 00:1ba 60777534371               /inspire/hdd/project/multi-agent/zhangweinan-24046/PA/envs/personal/lib/python3.10/site-packages/numpy/random/_philox.cpython-310-x86_64-linux-gnu.so
7ff0559e8000-7ff0559e9000 rw-p 00014000 00:1ba 60777534371               /inspire/hdd/project/multi-agent/zhangweinan-24046/PA/envs/personal/lib/python3.10/site-packages/numpy/random/_philox.cpython-310-x86_64-linux-gnu.so
7ff0559e9000-7ff0559ec000 r--p 00000000 00:1ba 60777534367               /inspire/hdd/project/multi-agent/zhangweinan-24046/PA/envs/personal/lib/python3.10/site-packages/numpy/random/_mt19937.cpython-310-x86_64-linux-gnu.so
7ff0559ec000-7ff0559f9000 r-xp 00003000 00:1ba 60777534367               /inspire/hdd/project/multi-agent/zhangweinan-24046/PA/envs/personal/lib/python3.10/site-packages/numpy/random/_mt19937.cpython-310-x86_64-linux-gnu.so
7ff0559f9000-7ff0559fe000 r--p 00010000 00:1ba 60777534367               /inspire/hdd/project/multi-agent/zhangweinan-24046/PA/envs/personal/lib/python3.10/site-packages/numpy/random/_mt19937.cpython-310-x86_64-linux-gnu.so
7ff0559fe000-7ff0559ff000 r--p 00014000 00:1ba 60777534367               /inspire/hdd/project/multi-agent/zhangweinan-24046/PA/envs/personal/lib/python3.10/site-packages/numpy/random/_mt19937.cpython-310-x86_64-linux-gnu.so
7ff0559ff000-7ff055a00000 rw-p 00015000 00:1ba 60777534367               /inspire/hdd/project/multi-agent/zhangweinan-24046/PA/envs/personal/lib/python3.10/site-packages/numpy/random/_mt19937.cpython-310-x86_64-linux-gnu.so
7ff055a00000-7ff058c98000 r-xp 00000000 00:1ba 57273085830               /inspire/hdd/project/multi-agent/zhangweinan-24046/PA/envs/personal/lib/python3.10/site-packages/nvidia/cuda_nvrtc/lib/libnvrtc.so.12
7ff058c98000-7ff058e98000 ---p 03298000 00:1ba 57273085830               /inspire/hdd/project/multi-agent/zhangweinan-24046/PA/envs/personal/lib/python3.10/site-packages/nvidia/cuda_nvrtc/lib/libnvrtc.so.12
7ff058e98000-7ff0594b7000 r--p 03298000 00:1ba 57273085830               /inspire/hdd/project/multi-agent/zhangweinan-24046/PA/envs/personal/lib/python3.10/site-packages/nvidia/cuda_nvrtc/lib/libnvrtc.so.12
7ff0594b7000-7ff05959c000 rw-p 038b7000 00:1ba 57273085830               /inspire/hdd/project/multi-agent/zhangweinan-24046/PA/envs/personal/lib/python3.10/site-packages/nvidia/cuda_nvrtc/lib/libnvrtc.so.12
7ff05959c000-7ff05969b000 rw-p 00000000 00:00 0 
7ff05969b000-7ff05969d000 rw-p 0399d000 00:1ba 57273085830               /inspire/hdd/project/multi-agent/zhangweinan-24046/PA/envs/personal/lib/python3.10/site-packages/nvidia/cuda_nvrtc/lib/libnvrtc.so.12
7ff05969d000-7ff05969e000 r--p 00000000 00:1ba 60863164190               /inspire/hdd/project/multi-agent/zhangweinan-24046/PA/envs/personal/lib/python3.10/lib-dynload/_uuid.cpython-310-x86_64-linux-gnu.so
7ff05969e000-7ff05969f000 r-xp 00001000 00:1ba 60863164190               /inspire/hdd/project/multi-agent/zhangweinan-24046/PA/envs/personal/lib/python3.10/lib-dynload/_uuid.cpython-310-x86_64-linux-gnu.so
7ff05969f000-7ff0596a0000 r--p 00002000 00:1ba 60863164190               /inspire/hdd/project/multi-agent/zhangweinan-24046/PA/envs/personal/lib/python3.10/lib-dynload/_uuid.cpython-310-x86_64-linux-gnu.so
7ff0596a0000-7ff0596a1000 r--p 00002000 00:1ba 60863164190               /inspire/hdd/project/multi-agent/zhangweinan-24046/PA/envs/personal/lib/python3.10/lib-dynload/_uuid.cpython-310-x86_64-linux-gnu.so
7ff0596a1000-7ff0596a2000 rw-p 00003000 00:1ba 60863164190               /inspire/hdd/project/multi-agent/zhangweinan-24046/PA/envs/personal/lib/python3.10/lib-dynload/_uuid.cpython-310-x86_64-linux-gnu.so
7ff0596a2000-7ff0596a7000 r--p 00000000 00:1ba 60777534355               /inspire/hdd/project/multi-agent/zhangweinan-24046/PA/envs/personal/lib/python3.10/site-packages/numpy/random/_bounded_integers.cpython-310-x86_64-linux-gnu.so
7ff0596a7000-7ff0596e6000 r-xp 00005000 00:1ba 60777534355               /inspire/hdd/project/multi-agent/zhangweinan-24046/PA/envs/personal/lib/python3.10/site-packages/numpy/random/_bounded_integers.cpython-310-x86_64-linux-gnu.so
7ff0596e6000-7ff0596ef000 r--p 00044000 00:1ba 60777534355               /inspire/hdd/project/multi-agent/zhangweinan-24046/PA/envs/personal/lib/python3.10/site-packages/numpy/random/_bounded_integers.cpython-310-x86_64-linux-gnu.so
7ff0596ef000-7ff0596f0000 r--p 0004c000 00:1ba 60777534355               /inspire/hdd/project/multi-agent/zhangweinan-24046/PA/envs/personal/lib/python3.10/site-packages/numpy/random/_bounded_integers.cpython-310-x86_64-linux-gnu.so
7ff0596f0000-7ff0596f1000 rw-p 0004d000 00:1ba 60777534355               /inspire/hdd/project/multi-agent/zhangweinan-24046/PA/envs/personal/lib/python3.10/site-packages/numpy/random/_bounded_integers.cpython-310-x86_64-linux-gnu.so
7ff0596f1000-7ff0596f2000 rw-p 00000000 00:00 0 
7ff0596f2000-7ff0596f4000 r--p 00000000 00:1ba 60863164162               /inspire/hdd/project/multi-agent/zhangweinan-24046/PA/envs/personal/lib/python3.10/lib-dynload/_blake2.cpython-310-x86_64-linux-gnu.so
7ff0596f4000-7ff0596fc000 r-xp 00002000 00:1ba 60863164162               /inspire/hdd/project/multi-agent/zhangweinan-24046/PA/envs/personal/lib/python3.10/lib-dynload/_blake2.cpython-310-x86_64-linux-gnu.so
7ff0596fc000-7ff0596fe000 r--p 0000a000 00:1ba 60863164162               /inspire/hdd/project/multi-agent/zhangweinan-24046/PA/envs/personal/lib/python3.10/lib-dynload/_blake2.cpython-310-x86_64-linux-gnu.so
7ff0596fe000-7ff0596ff000 r--p 0000b000 00:1ba 60863164162               /inspire/hdd/project/multi-agent/zhangweinan-24046/PA/envs/personal/lib/python3.10/lib-dynload/_blake2.cpython-310-x86_64-linux-gnu.so
7ff0596ff000-7ff059700000 rw-p 0000c000 00:1ba 60863164162               /inspire/hdd/project/multi-agent/zhangweinan-24046/PA/envs/personal/lib/python3.10/lib-dynload/_blake2.cpython-310-x86_64-linux-gnu.so
7ff059700000-7ff059800000 rw-p 00000000 00:00 0 
7ff059800000-7ff059825000 r-xp 00000000 00:1ba 60707672603               /inspire/hdd/project/multi-agent/zhangweinan-24046/PA/envs/personal/lib/python3.10/site-packages/torch/lib/libgomp-a34b3233.so.1
7ff059825000-7ff059a24000 ---p 00025000 00:1ba 60707672603               /inspire/hdd/project/multi-agent/zhangweinan-24046/PA/envs/personal/lib/python3.10/site-packages/torch/lib/libgomp-a34b3233.so.1
7ff059a24000-7ff059a25000 r--p 00024000 00:1ba 60707672603               /inspire/hdd/project/multi-agent/zhangweinan-24046/PA/envs/personal/lib/python3.10/site-packages/torch/lib/libgomp-a34b3233.so.1
7ff059a25000-7ff059a26000 rw-p 00025000 00:1ba 60707672603               /inspire/hdd/project/multi-agent/zhangweinan-24046/PA/envs/personal/lib/python3.10/site-packages/torch/lib/libgomp-a34b3233.so.1
7ff059a26000-7ff059a2a000 rw-p 00026000 00:1ba 60707672603               /inspire/hdd/project/multi-agent/zhangweinan-24046/PA/envs/personal/lib/python3.10/site-packages/torch/lib/libgomp-a34b3233.so.1
7ff059a2a000-7ff059a2b000 r--p 00000000 00:1f2 16353947700               /usr/lib/locale/C.utf8/LC_TELEPHONE
7ff059a2b000-7ff059a2c000 r--p 00000000 00:1f2 16353947695               /usr/lib/locale/C.utf8/LC_MEASUREMENT
7ff059a2c000-7ff059a2d000 ---p 00000000 00:00 0 
7ff059a2d000-7ff059a2e000 r--p 00000000 00:00 0 
7ff059a2e000-7ff059a32000 r--p 00000000 00:1ba 60863164194               /inspire/hdd/project/multi-agent/zhangweinan-24046/PA/envs/personal/lib/python3.10/lib-dynload/_hashlib.cpython-310-x86_64-linux-gnu.so
7ff059a32000-7ff059a38000 r-xp 00004000 00:1ba 60863164194               /inspire/hdd/project/multi-agent/zhangweinan-24046/PA/envs/personal/lib/python3.10/lib-dynload/_hashlib.cpython-310-x86_64-linux-gnu.so
7ff059a38000-7ff059a3c000 r--p 0000a000 00:1ba 60863164194               /inspire/hdd/project/multi-agent/zhangweinan-24046/PA/envs/personal/lib/python3.10/lib-dynload/_hashlib.cpython-310-x86_64-linux-gnu.so
7ff059a3c000-7ff059a3d000 r--p 0000e000 00:1ba 60863164194               /inspire/hdd/project/multi-agent/zhangweinan-24046/PA/envs/personal/lib/python3.10/lib-dynload/_hashlib.cpython-310-x86_64-linux-gnu.so
7ff059a3d000-7ff059a3e000 rw-p 0000f000 00:1ba 60863164194               /inspire/hdd/project/multi-agent/zhangweinan-24046/PA/envs/personal/lib/python3.10/lib-dynload/_hashlib.cpython-310-x86_64-linux-gnu.so
7ff059a3e000-7ff059a40000 r--p 00000000 00:1ba 60863164182               /inspire/hdd/project/multi-agent/zhangweinan-24046/PA/envs/personal/lib/python3.10/lib-dynload/binascii.cpython-310-x86_64-linux-gnu.so
7ff059a40000-7ff059a45000 r-xp 00002000 00:1ba 60863164182               /inspire/hdd/project/multi-agent/zhangweinan-24046/PA/envs/personal/lib/python3.10/lib-dynload/binascii.cpython-310-x86_64-linux-gnu.so
7ff059a45000-7ff059a47000 r--p 00007000 00:1ba 60863164182               /inspire/hdd/project/multi-agent/zhangweinan-24046/PA/envs/personal/lib/python3.10/lib-dynload/binascii.cpython-310-x86_64-linux-gnu.so
7ff059a47000-7ff059a48000 r--p 00009000 00:1ba 60863164182               /inspire/hdd/project/multi-agent/zhangweinan-24046/PA/envs/personal/lib/python3.10/lib-dynload/binascii.cpython-310-x86_64-linux-gnu.so
7ff059a48000-7ff059a49000 rw-p 0000a000 00:1ba 60863164182               /inspire/hdd/project/multi-agent/zhangweinan-24046/PA/envs/personal/lib/python3.10/lib-dynload/binascii.cpython-310-x86_64-linux-gnu.so
7ff059a49000-7ff059a4d000 r--p 00000000 00:1ba 60777534357               /inspire/hdd/project/multi-agent/zhangweinan-24046/PA/envs/personal/lib/python3.10/site-packages/numpy/random/_common.cpython-310-x86_64-linux-gnu.so
7ff059a4d000-7ff059a79000 r-xp 00004000 00:1ba 60777534357               /inspire/hdd/project/multi-agent/zhangweinan-24046/PA/envs/personal/lib/python3.10/site-packages/numpy/random/_common.cpython-310-x86_64-linux-gnu.so
7ff059a79000-7ff059a7d000 r--p 00030000 00:1ba 60777534357               /inspire/hdd/project/multi-agent/zhangweinan-24046/PA/envs/personal/lib/python3.10/site-packages/numpy/random/_common.cpython-310-x86_64-linux-gnu.so
7ff059a7d000-7ff059a7e000 ---p 00034000 00:1ba 60777534357               /inspire/hdd/project/multi-agent/zhangweinan-24046/PA/envs/personal/lib/python3.10/site-packages/numpy/random/_common.cpython-310-x86_64-linux-gnu.so
7ff059a7e000-7ff059a7f000 r--p 00034000 00:1ba 60777534357               /inspire/hdd/project/multi-agent/zhangweinan-24046/PA/envs/personal/lib/python3.10/site-packages/numpy/random/_common.cpython-310-x86_64-linux-gnu.so
7ff059a7f000-7ff059a80000 rw-p 00035000 00:1ba 60777534357               /inspire/hdd/project/multi-agent/zhangweinan-24046/PA/envs/personal/lib/python3.10/site-packages/numpy/random/_common.cpython-310-x86_64-linux-gnu.so
7ff059a80000-7ff059a81000 rw-p 00000000 00:00 0 
7ff059a81000-7ff059a86000 r--p 00000000 00:1ba 60777534376               /inspire/hdd/project/multi-agent/zhangweinan-24046/PA/envs/personal/lib/python3.10/site-packages/numpy/random/bit_generator.cpython-310-x86_64-linux-gnu.so
7ff059a86000-7ff059aa4000 r-xp 00005000 00:1ba 60777534376               /inspire/hdd/project/multi-agent/zhangweinan-24046/PA/envs/personal/lib/python3.10/site-packages/numpy/random/bit_generator.cpython-310-x86_64-linux-gnu.so
7ff059aa4000-7ff059aae000 r--p 00023000 00:1ba 60777534376               /inspire/hdd/project/multi-agent/zhangweinan-24046/PA/envs/personal/lib/python3.10/site-packages/numpy/random/bit_generator.cpython-310-x86_64-linux-gnu.so
7ff059aae000-7ff059aaf000 r--p 0002c000 00:1ba 60777534376               /inspire/hdd/project/multi-agent/zhangweinan-24046/PA/envs/personal/lib/python3.10/site-packages/numpy/random/bit_generator.cpython-310-x86_64-linux-gnu.so
7ff059aaf000-7ff059ab1000 rw-p 0002d000 00:1ba 60777534376               /inspire/hdd/project/multi-agent/zhangweinan-24046/PA/envs/personal/lib/python3.10/site-packages/numpy/random/bit_generator.cpython-310-x86_64-linux-gnu.so
7ff059ab1000-7ff059ab8000 r--p 00000000 00:1ba 8879128642                /inspire/hdd/project/multi-agent/zhangweinan-24046/PA/envs/personal/lib/python3.10/site-packages/numpy/linalg/_umath_linalg.cpython-310-x86_64-linux-gnu.so
7ff059ab8000-7ff059ad6000 r-xp 00007000 00:1ba 8879128642                /inspire/hdd/project/multi-agent/zhangweinan-24046/PA/envs/personal/lib/python3.10/site-packages/numpy/linalg/_umath_linalg.cpython-310-x86_64-linux-gnu.so
7ff059ad6000-7ff059adb000 r--p 00025000 00:1ba 8879128642                /inspire/hdd/project/multi-agent/zhangweinan-24046/PA/envs/personal/lib/python3.10/site-packages/numpy/linalg/_umath_linalg.cpython-310-x86_64-linux-gnu.so
7ff059adb000-7ff059adc000 ---p 0002a000 00:1ba 8879128642                /inspire/hdd/project/multi-agent/zhangweinan-24046/PA/envs/personal/lib/python3.10/site-packages/numpy/linalg/_umath_linalg.cpython-310-x86_64-linux-gnu.so
7ff059adc000-7ff059add000 r--p 0002a000 00:1ba 8879128642                /inspire/hdd/project/multi-agent/zhangweinan-24046/PA/envs/personal/lib/python3.10/site-packages/numpy/linalg/_umath_linalg.cpython-310-x86_64-linux-gnu.so
7ff059add000-7ff059ade000 rw-p 0002b000 00:1ba 8879128642                /inspire/hdd/project/multi-agent/zhangweinan-24046/PA/envs/personal/lib/python3.10/site-packages/numpy/linalg/_umath_linalg.cpython-310-x86_64-linux-gnu.so
7ff059ade000-7ff059b0d000 r--p 00000000 00:1ba 60707672590               /inspire/hdd/project/multi-agent/zhangweinan-24046/PA/envs/personal/lib/python3.10/site-packages/torch/lib/libc10.so
7ff059b0d000-7ff059ba8000 r-xp 0002f000 00:1ba 60707672590               /inspire/hdd/project/multi-agent/zhangweinan-24046/PA/envs/personal/lib/python3.10/site-packages/torch/lib/libc10.so
7ff059ba8000-7ff059bdb000 r--p 000ca000 00:1ba 60707672590               /inspire/hdd/project/multi-agent/zhangweinan-24046/PA/envs/personal/lib/python3.10/site-packages/torch/lib/libc10.so
7ff059bdb000-7ff059bde000 r--p 000fc000 00:1ba 60707672590               /inspire/hdd/project/multi-agent/zhangweinan-24046/PA/envs/personal/lib/python3.10/site-packages/torch/lib/libc10.so
7ff059bde000-7ff059be4000 rw-p 000ff000 00:1ba 60707672590               /inspire/hdd/project/multi-agent/zhangweinan-24046/PA/envs/personal/lib/python3.10/site-packages/torch/lib/libc10.so
7ff059be4000-7ff059be7000 rw-p 00000000 00:00 0 
7ff059be7000-7ff059c00000 rw-p 0014b000 00:1ba 60707672590               /inspire/hdd/project/multi-agent/zhangweinan-24046/PA/envs/personal/lib/python3.10/site-packages/torch/lib/libc10.so
7ff059c00000-7ff059ca7000 r-xp 00000000 00:1ba 61022921097               /inspire/hdd/project/multi-agent/zhangweinan-24046/PA/envs/personal/lib/python3.10/site-packages/nvidia/cuda_runtime/lib/libcudart.so.12
7ff059ca7000-7ff059ea7000 ---p 000a7000 00:1ba 61022921097               /inspire/hdd/project/multi-agent/zhangweinan-24046/PA/envs/personal/lib/python3.10/site-packages/nvidia/cuda_runtime/lib/libcudart.so.12
7ff059ea7000-7ff059eac000 r--p 000a7000 00:1ba 61022921097               /inspire/hdd/project/multi-agent/zhangweinan-24046/PA/envs/personal/lib/python3.10/site-packages/nvidia/cuda_runtime/lib/libcudart.so.12
7ff059eac000-7ff059ead000 rw-p 000ac000 00:1ba 61022921097               /inspire/hdd/project/multi-agent/zhangweinan-24046/PA/envs/personal/lib/python3.10/site-packages/nvidia/cuda_runtime/lib/libcudart.so.12
7ff059ead000-7ff059eaf000 rw-p 00000000 00:00 0 
7ff059eaf000-7ff059eb0000 r--p 00000000 00:1ba 60863164165               /inspire/hdd/project/multi-agent/zhangweinan-24046/PA/envs/personal/lib/python3.10/lib-dynload/_heapq.cpython-310-x86_64-linux-gnu.so
7ff059eb0000-7ff059eb3000 r-xp 00001000 00:1ba 60863164165               /inspire/hdd/project/multi-agent/zhangweinan-24046/PA/envs/personal/lib/python3.10/lib-dynload/_heapq.cpython-310-x86_64-linux-gnu.so
7ff059eb3000-7ff059eb6000 r--p 00004000 00:1ba 60863164165               /inspire/hdd/project/multi-agent/zhangweinan-24046/PA/envs/personal/lib/python3.10/lib-dynload/_heapq.cpython-310-x86_64-linux-gnu.so
7ff059eb6000-7ff059eb7000 r--p 00006000 00:1ba 60863164165               /inspire/hdd/project/multi-agent/zhangweinan-24046/PA/envs/personal/lib/python3.10/lib-dynload/_heapq.cpython-310-x86_64-linux-gnu.so
7ff059eb7000-7ff059eb8000 rw-p 00007000 00:1ba 60863164165               /inspire/hdd/project/multi-agent/zhangweinan-24046/PA/envs/personal/lib/python3.10/lib-dynload/_heapq.cpython-310-x86_64-linux-gnu.so
7ff059eb8000-7ff059eb9000 r--p 00000000 00:1ba 60777534310               /inspire/hdd/project/multi-agent/zhangweinan-24046/PA/envs/personal/lib/python3.10/site-packages/numpy/fft/_pocketfft_internal.cpython-310-x86_64-linux-gnu.so
7ff059eb9000-7ff059ec8000 r-xp 00001000 00:1ba 60777534310               /inspire/hdd/project/multi-agent/zhangweinan-24046/PA/envs/personal/lib/python3.10/site-packages/numpy/fft/_pocketfft_internal.cpython-310-x86_64-linux-gnu.so
7ff059ec8000-7ff059eca000 r--p 00010000 00:1ba 60777534310               /inspire/hdd/project/multi-agent/zhangweinan-24046/PA/envs/personal/lib/python3.10/site-packages/numpy/fft/_pocketfft_internal.cpython-310-x86_64-linux-gnu.so
7ff059eca000-7ff059ecb000 r--p 00011000 00:1ba 60777534310               /inspire/hdd/project/multi-agent/zhangweinan-24046/PA/envs/personal/lib/python3.10/site-packages/numpy/fft/_pocketfft_internal.cpython-310-x86_64-linux-gnu.so
7ff059ecb000-7ff059ecc000 rw-p 00012000 00:1ba 60777534310               /inspire/hdd/project/multi-agent/zhangweinan-24046/PA/envs/personal/lib/python3.10/site-packages/numpy/fft/_pocketfft_internal.cpython-310-x86_64-linux-gnu.so
7ff059ecc000-7ff059ed5000 r--p 00000000 00:1ba 61034952427               /inspire/hdd/project/multi-agent/zhangweinan-24046/PA/envs/personal/lib/python3.10/site-packages/numpy/core/_multiarray_tests.cpython-310-x86_64-linux-gnu.so
7ff059ed5000-7ff059ee8000 r-xp 00009000 00:1ba 61034952427               /inspire/hdd/project/multi-agent/zhangweinan-24046/PA/envs/personal/lib/python3.10/site-packages/numpy/core/_multiarray_tests.cpython-310-x86_64-linux-gnu.so
7ff059ee8000-7ff059eee000 r--p 0001c000 00:1ba 61034952427               /inspire/hdd/project/multi-agent/zhangweinan-24046/PA/envs/personal/lib/python3.10/site-packages/numpy/core/_multiarray_tests.cpython-310-x86_64-linux-gnu.so
7ff059eee000-7ff059eef000 r--p 00021000 00:1ba 61034952427               /inspire/hdd/project/multi-agent/zhangweinan-24046/PA/envs/personal/lib/python3.10/site-packages/numpy/core/_multiarray_tests.cpython-310-x86_64-linux-gnu.so
7ff059eef000-7ff059ef0000 rw-p 00022000 00:1ba 61034952427               /inspire/hdd/project/multi-agent/zhangweinan-24046/PA/envs/personal/lib/python3.10/site-packages/numpy/core/_multiarray_tests.cpython-310-x86_64-linux-gnu.so
7ff059ef0000-7ff059ef1000 r--p 00000000 00:1ba 60861295867               /inspire/hdd/project/multi-agent/zhangweinan-24046/PA/envs/personal/lib/python3.10/lib-dynload/_contextvars.cpython-310-x86_64-linux-gnu.so
7ff059ef1000-7ff059ef2000 r-xp 00001000 00:1ba 60861295867               /inspire/hdd/project/multi-agent/zhangweinan-24046/PA/envs/personal/lib/python3.10/lib-dynload/_contextvars.cpython-310-x86_64-linux-gnu.so
7ff059ef2000-7ff059ef3000 r--p 00002000 00:1ba 60861295867               /inspire/hdd/project/multi-agent/zhangweinan-24046/PA/envs/personal/lib/python3.10/lib-dynload/_contextvars.cpython-310-x86_64-linux-gnu.so
7ff059ef3000-7ff059ef4000 r--p 00002000 00:1ba 60861295867               /inspire/hdd/project/multi-agent/zhangweinan-24046/PA/envs/personal/lib/python3.10/lib-dynload/_contextvars.cpython-310-x86_64-linux-gnu.so
7ff059ef4000-7ff059ef5000 rw-p 00003000 00:1ba 60861295867               /inspire/hdd/project/multi-agent/zhangweinan-24046/PA/envs/personal/lib/python3.10/lib-dynload/_contextvars.cpython-310-x86_64-linux-gnu.so
7ff059ef5000-7ff059efa000 r--p 00000000 00:1ba 60863164166               /inspire/hdd/project/multi-agent/zhangweinan-24046/PA/envs/personal/lib/python3.10/lib-dynload/_pickle.cpython-310-x86_64-linux-gnu.so
7ff059efa000-7ff059f0c000 r-xp 00005000 00:1ba 60863164166               /inspire/hdd/project/multi-agent/zhangweinan-24046/PA/envs/personal/lib/python3.10/lib-dynload/_pickle.cpython-310-x86_64-linux-gnu.so
7ff059f0c000-7ff059f12000 r--p 00017000 00:1ba 60863164166               /inspire/hdd/project/multi-agent/zhangweinan-24046/PA/envs/personal/lib/python3.10/lib-dynload/_pickle.cpython-310-x86_64-linux-gnu.so
7ff059f12000-7ff059f13000 r--p 0001d000 00:1ba 60863164166               /inspire/hdd/project/multi-agent/zhangweinan-24046/PA/envs/personal/lib/python3.10/lib-dynload/_pickle.cpython-310-x86_64-linux-gnu.so
7ff059f13000-7ff059f15000 rw-p 0001e000 00:1ba 60863164166               /inspire/hdd/project/multi-agent/zhangweinan-24046/PA/envs/personal/lib/python3.10/lib-dynload/_pickle.cpython-310-x86_64-linux-gnu.so
7ff059f15000-7ff059f20000 r--p 00000000 00:1ba 70117876211               /inspire/hdd/project/multi-agent/zhangweinan-24046/PA/envs/personal/lib/libgomp.so.1.0.0
7ff059f20000-7ff059f4b000 r-xp 0000b000 00:1ba 70117876211               /inspire/hdd/project/multi-agent/zhangweinan-24046/PA/envs/personal/lib/libgomp.so.1.0.0
7ff059f4b000-7ff059f57000 r--p 00036000 00:1ba 70117876211               /inspire/hdd/project/multi-agent/zhangweinan-24046/PA/envs/personal/lib/libgomp.so.1.0.0
7ff059f57000-7ff059f58000 r--p 00041000 00:1ba 70117876211               /inspire/hdd/project/multi-agent/zhangweinan-24046/PA/envs/personal/lib/libgomp.so.1.0.0
7ff059f58000-7ff059f59000 rw-p 00042000 00:1ba 70117876211               /inspire/hdd/project/multi-agent/zhangweinan-24046/PA/envs/personal/lib/libgomp.so.1.0.0
7ff059f59000-7ff059f5e000 r--p 00000000 00:1ba 60974204737               /inspire/hdd/project/multi-agent/zhangweinan-24046/PA/envs/personal/lib/python3.10/site-packages/mkl/_py_mkl_service.cpython-310-x86_64-linux-gnu.so
7ff059f5e000-7ff059f76000 r-xp 00005000 00:1ba 60974204737               /inspire/hdd/project/multi-agent/zhangweinan-24046/PA/envs/personal/lib/python3.10/site-packages/mkl/_py_mkl_service.cpython-310-x86_64-linux-gnu.so
7ff059f76000-7ff059f7c000 r--p 0001d000 00:1ba 60974204737               /inspire/hdd/project/multi-agent/zhangweinan-24046/PA/envs/personal/lib/python3.10/site-packages/mkl/_py_mkl_service.cpython-310-x86_64-linux-gnu.so
7ff059f7c000-7ff059f7d000 r--p 00023000 00:1ba 60974204737               /inspire/hdd/project/multi-agent/zhangweinan-24046/PA/envs/personal/lib/python3.10/site-packages/mkl/_py_mkl_service.cpython-310-x86_64-linux-gnu.so
7ff059f7d000-7ff059f7e000 rw-p 00024000 00:1ba 60974204737               /inspire/hdd/project/multi-agent/zhangweinan-24046/PA/envs/personal/lib/python3.10/site-packages/mkl/_py_mkl_service.cpython-310-x86_64-linux-gnu.so
7ff059f7e000-7ff059f7f000 rw-p 00000000 00:00 0 
7ff059f7f000-7ff059f82000 r--p 00000000 00:1ba 70117876150               /inspire/hdd/project/multi-agent/zhangweinan-24046/PA/envs/personal/lib/libgcc_s.so.1
7ff059f82000-7ff059f94000 r-xp 00003000 00:1ba 70117876150               /inspire/hdd/project/multi-agent/zhangweinan-24046/PA/envs/personal/lib/libgcc_s.so.1
7ff059f94000-7ff059f97000 r--p 00015000 00:1ba 70117876150               /inspire/hdd/project/multi-agent/zhangweinan-24046/PA/envs/personal/lib/libgcc_s.so.1
7ff059f97000-7ff059f98000 r--p 00017000 00:1ba 70117876150               /inspire/hdd/project/multi-agent/zhangweinan-24046/PA/envs/personal/lib/libgcc_s.so.1
7ff059f98000-7ff059f99000 rw-p 00018000 00:1ba 70117876150               /inspire/hdd/project/multi-agent/zhangweinan-24046/PA/envs/personal/lib/libgcc_s.so.1
7ff059f99000-7ff059fab000 r--p 00000000 00:1ba 60707672591               /inspire/hdd/project/multi-agent/zhangweinan-24046/PA/envs/personal/lib/python3.10/site-packages/torch/lib/libc10_cuda.so
7ff059fab000-7ff05a007000 r-xp 00012000 00:1ba 60707672591               /inspire/hdd/project/multi-agent/zhangweinan-24046/PA/envs/personal/lib/python3.10/site-packages/torch/lib/libc10_cuda.so
7ff05a007000-7ff05a01d000 r--p 0006e000 00:1ba 60707672591               /inspire/hdd/project/multi-agent/zhangweinan-24046/PA/envs/personal/lib/python3.10/site-packages/torch/lib/libc10_cuda.so
7ff05a01d000-7ff05a01e000 ---p 00084000 00:1ba 60707672591               /inspire/hdd/project/multi-agent/zhangweinan-24046/PA/envs/personal/lib/python3.10/site-packages/torch/lib/libc10_cuda.so
7ff05a01e000-7ff05a01f000 r--p 00084000 00:1ba 60707672591               /inspire/hdd/project/multi-agent/zhangweinan-24046/PA/envs/personal/lib/python3.10/site-packages/torch/lib/libc10_cuda.so
7ff05a01f000-7ff05a020000 rw-p 00085000 00:1ba 60707672591               /inspire/hdd/project/multi-agent/zhangweinan-24046/PA/envs/personal/lib/python3.10/site-packages/torch/lib/libc10_cuda.so
7ff05a020000-7ff05a046000 rw-p 00000000 00:00 0 
7ff05a046000-7ff05a050000 rw-p 000a7000 00:1ba 60707672591               /inspire/hdd/project/multi-agent/zhangweinan-24046/PA/envs/personal/lib/python3.10/site-packages/torch/lib/libc10_cuda.so
7ff05a050000-7ff05a053000 r--p 00000000 00:1ba 60707672601               /inspire/hdd/project/multi-agent/zhangweinan-24046/PA/envs/personal/lib/python3.10/site-packages/torch/lib/libshm.so
7ff05a053000-7ff05a056000 r-xp 00003000 00:1ba 60707672601               /inspire/hdd/project/multi-agent/zhangweinan-24046/PA/envs/personal/lib/python3.10/site-packages/torch/lib/libshm.so
7ff05a056000-7ff05a057000 r--p 00006000 00:1ba 60707672601               /inspire/hdd/project/multi-agent/zhangweinan-24046/PA/envs/personal/lib/python3.10/site-packages/torch/lib/libshm.so
7ff05a057000-7ff05a058000 ---p 00007000 00:1ba 60707672601               /inspire/hdd/project/multi-agent/zhangweinan-24046/PA/envs/personal/lib/python3.10/site-packages/torch/lib/libshm.so
7ff05a058000-7ff05a059000 r--p 00007000 00:1ba 60707672601               /inspire/hdd/project/multi-agent/zhangweinan-24046/PA/envs/personal/lib/python3.10/site-packages/torch/lib/libshm.so
7ff05a059000-7ff05a05a000 rw-p 00008000 00:1ba 60707672601               /inspire/hdd/project/multi-agent/zhangweinan-24046/PA/envs/personal/lib/python3.10/site-packages/torch/lib/libshm.so
7ff05a05a000-7ff05a05b000 rw-p 0000b000 00:1ba 60707672601               /inspire/hdd/project/multi-agent/zhangweinan-24046/PA/envs/personal/lib/python3.10/site-packages/torch/lib/libshm.so
7ff05a05b000-7ff05a05c000 rw-p 0000c000 00:1ba 60707672601               /inspire/hdd/project/multi-agent/zhangweinan-24046/PA/envs/personal/lib/python3.10/site-packages/torch/lib/libshm.so
7ff05a05c000-7ff05a068000 r--p 00000000 00:1ba 60707672594               /inspire/hdd/project/multi-agent/zhangweinan-24046/PA/envs/personal/lib/python3.10/site-packages/torch/lib/libtorch.so
7ff05a068000-7ff05a073000 r-xp 0000c000 00:1ba 60707672594               /inspire/hdd/project/multi-agent/zhangweinan-24046/PA/envs/personal/lib/python3.10/site-packages/torch/lib/libtorch.so
7ff05a073000-7ff05a078000 r--p 00017000 00:1ba 60707672594               /inspire/hdd/project/multi-agent/zhangweinan-24046/PA/envs/personal/lib/python3.10/site-packages/torch/lib/libtorch.so
7ff05a078000-7ff05a079000 ---p 0001c000 00:1ba 60707672594               /inspire/hdd/project/multi-agent/zhangweinan-24046/PA/envs/personal/lib/python3.10/site-packages/torch/lib/libtorch.so
7ff05a079000-7ff05a07a000 r--p 0001c000 00:1ba 60707672594               /inspire/hdd/project/multi-agent/zhangweinan-24046/PA/envs/personal/lib/python3.10/site-packages/torch/lib/libtorch.so
7ff05a07a000-7ff05a07b000 rw-p 0001d000 00:1ba 60707672594               /inspire/hdd/project/multi-agent/zhangweinan-24046/PA/envs/personal/lib/python3.10/site-packages/torch/lib/libtorch.so
7ff05a07b000-7ff05a082000 rw-p 00029000 00:1ba 60707672594               /inspire/hdd/project/multi-agent/zhangweinan-24046/PA/envs/personal/lib/python3.10/site-packages/torch/lib/libtorch.so
7ff05a082000-7ff05a083000 r--p 00000000 00:1f2 1766728849                /usr/lib/x86_64-linux-gnu/librt.so.1
7ff05a083000-7ff05a084000 r-xp 00001000 00:1f2 1766728849                /usr/lib/x86_64-linux-gnu/librt.so.1
7ff05a084000-7ff05a085000 r--p 00002000 00:1f2 1766728849                /usr/lib/x86_64-linux-gnu/librt.so.1
7ff05a085000-7ff05a086000 r--p 00002000 00:1f2 1766728849                /usr/lib/x86_64-linux-gnu/librt.so.1
7ff05a086000-7ff05a087000 rw-p 00003000 00:1f2 1766728849                /usr/lib/x86_64-linux-gnu/librt.so.1
7ff05a087000-7ff05a088000 r--p 00000000 00:1f2 16353947694               /usr/lib/locale/C.utf8/LC_IDENTIFICATION
7ff05a088000-7ff05a089000 ---p 00000000 00:00 0 
7ff05a089000-7ff05a08a000 ---p 00000000 00:00 0 
7ff05a08a000-7ff05a08b000 r--p 00000000 00:1ba 60974204736               /inspire/hdd/project/multi-agent/zhangweinan-24046/PA/envs/personal/lib/python3.10/site-packages/mkl/_mklinit.cpython-310-x86_64-linux-gnu.so
7ff05a08b000-7ff05a08c000 r-xp 00001000 00:1ba 60974204736               /inspire/hdd/project/multi-agent/zhangweinan-24046/PA/envs/personal/lib/python3.10/site-packages/mkl/_mklinit.cpython-310-x86_64-linux-gnu.so
7ff05a08c000-7ff05a08d000 r--p 00002000 00:1ba 60974204736               /inspire/hdd/project/multi-agent/zhangweinan-24046/PA/envs/personal/lib/python3.10/site-packages/mkl/_mklinit.cpython-310-x86_64-linux-gnu.so
7ff05a08d000-7ff05a08e000 r--p 00002000 00:1ba 60974204736               /inspire/hdd/project/multi-agent/zhangweinan-24046/PA/envs/personal/lib/python3.10/site-packages/mkl/_mklinit.cpython-310-x86_64-linux-gnu.so
7ff05a08e000-7ff05a08f000 rw-p 00003000 00:1ba 60974204736               /inspire/hdd/project/multi-agent/zhangweinan-24046/PA/envs/personal/lib/python3.10/site-packages/mkl/_mklinit.cpython-310-x86_64-linux-gnu.so
7ff05a08f000-7ff05a090000 r--p 00000000 00:1ba 44775387364               /inspire/hdd/project/multi-agent/zhangweinan-24046/PA/envs/personal/lib/python3.10/site-packages/torch/_C.cpython-310-x86_64-linux-gnu.so
7ff05a090000-7ff05a091000 r-xp 00001000 00:1ba 44775387364               /inspire/hdd/project/multi-agent/zhangweinan-24046/PA/envs/personal/lib/python3.10/site-packages/torch/_C.cpython-310-x86_64-linux-gnu.so
7ff05a091000-7ff05a092000 r--p 00002000 00:1ba 44775387364               /inspire/hdd/project/multi-agent/zhangweinan-24046/PA/envs/personal/lib/python3.10/site-packages/torch/_C.cpython-310-x86_64-linux-gnu.so
7ff05a092000-7ff05a093000 r--p 00002000 00:1ba 44775387364               /inspire/hdd/project/multi-agent/zhangweinan-24046/PA/envs/personal/lib/python3.10/site-packages/torch/_C.cpython-310-x86_64-linux-gnu.so
7ff05a093000-7ff05a094000 rw-p 00003000 00:1ba 44775387364               /inspire/hdd/project/multi-agent/zhangweinan-24046/PA/envs/personal/lib/python3.10/site-packages/torch/_C.cpython-310-x86_64-linux-gnu.so
7ff05a094000-7ff05a095000 rw-p 00009000 00:1ba 44775387364               /inspire/hdd/project/multi-agent/zhangweinan-24046/PA/envs/personal/lib/python3.10/site-packages/torch/_C.cpython-310-x86_64-linux-gnu.so
7ff05a095000-7ff05a096000 r--p 00000000 00:1ba 60707672587               /inspire/hdd/project/multi-agent/zhangweinan-24046/PA/envs/personal/lib/python3.10/site-packages/torch/lib/libtorch_global_deps.so
7ff05a096000-7ff05a097000 r-xp 00001000 00:1ba 60707672587               /inspire/hdd/project/multi-agent/zhangweinan-24046/PA/envs/personal/lib/python3.10/site-packages/torch/lib/libtorch_global_deps.so
7ff05a097000-7ff05a098000 r--p 00002000 00:1ba 60707672587               /inspire/hdd/project/multi-agent/zhangweinan-24046/PA/envs/personal/lib/python3.10/site-packages/torch/lib/libtorch_global_deps.so
7ff05a098000-7ff05a099000 r--p 00002000 00:1ba 60707672587               /inspire/hdd/project/multi-agent/zhangweinan-24046/PA/envs/personal/lib/python3.10/site-packages/torch/lib/libtorch_global_deps.so
7ff05a099000-7ff05a09a000 rw-p 00003000 00:1ba 60707672587               /inspire/hdd/project/multi-agent/zhangweinan-24046/PA/envs/personal/lib/python3.10/site-packages/torch/lib/libtorch_global_deps.so
7ff05a09a000-7ff05a09b000 rw-p 00004000 00:1ba 60707672587               /inspire/hdd/project/multi-agent/zhangweinan-24046/PA/envs/personal/lib/python3.10/site-packages/torch/lib/libtorch_global_deps.so
7ff05a09b000-7ff05a09c000 rw-p 00005000 00:1ba 60707672587               /inspire/hdd/project/multi-agent/zhangweinan-24046/PA/envs/personal/lib/python3.10/site-packages/torch/lib/libtorch_global_deps.so
7ff05a09c000-7ff05a0a0000 r--p 00000000 00:1ba 60863164178               /inspire/hdd/project/multi-agent/zhangweinan-24046/PA/envs/personal/lib/python3.10/lib-dynload/array.cpython-310-x86_64-linux-gnu.so
7ff05a0a0000-7ff05a0a7000 r-xp 00004000 00:1ba 60863164178               /inspire/hdd/project/multi-agent/zhangweinan-24046/PA/envs/personal/lib/python3.10/lib-dynload/array.cpython-310-x86_64-linux-gnu.so
7ff05a0a7000-7ff05a0ab000 r--p 0000b000 00:1ba 60863164178               /inspire/hdd/project/multi-agent/zhangweinan-24046/PA/envs/personal/lib/python3.10/lib-dynload/array.cpython-310-x86_64-linux-gnu.so
7ff05a0ab000-7ff05a0ac000 r--p 0000f000 00:1ba 60863164178               /inspire/hdd/project/multi-agent/zhangweinan-24046/PA/envs/personal/lib/python3.10/lib-dynload/array.cpython-310-x86_64-linux-gnu.so
7ff05a0ac000-7ff05a0ad000 rw-p 00010000 00:1ba 60863164178               /inspire/hdd/project/multi-agent/zhangweinan-24046/PA/envs/personal/lib/python3.10/lib-dynload/array.cpython-310-x86_64-linux-gnu.so
7ff05a0ad000-7ff05a0b2000 r--p 00000000 00:1ba 60863164171               /inspire/hdd/project/multi-agent/zhangweinan-24046/PA/envs/personal/lib/python3.10/lib-dynload/_datetime.cpython-310-x86_64-linux-gnu.so
7ff05a0b2000-7ff05a0c3000 r-xp 00005000 00:1ba 60863164171               /inspire/hdd/project/multi-agent/zhangweinan-24046/PA/envs/personal/lib/python3.10/lib-dynload/_datetime.cpython-310-x86_64-linux-gnu.so
7ff05a0c3000-7ff05a0c9000 r--p 00016000 00:1ba 60863164171               /inspire/hdd/project/multi-agent/zhangweinan-24046/PA/envs/personal/lib/python3.10/lib-dynload/_datetime.cpython-310-x86_64-linux-gnu.so
7ff05a0c9000-7ff05a0ca000 r--p 0001b000 00:1ba 60863164171               /inspire/hdd/project/multi-agent/zhangweinan-24046/PA/envs/personal/lib/python3.10/lib-dynload/_datetime.cpython-310-x86_64-linux-gnu.so
7ff05a0ca000-7ff05a0cc000 rw-p 0001c000 00:1ba 60863164171               /inspire/hdd/project/multi-agent/zhangweinan-24046/PA/envs/personal/lib/python3.10/lib-dynload/_datetime.cpython-310-x86_64-linux-gnu.so
7ff05a0cc000-7ff05a0cf000 r--p 00000000 00:1ba 60863164181               /inspire/hdd/project/multi-agent/zhangweinan-24046/PA/envs/personal/lib/python3.10/lib-dynload/_json.cpython-310-x86_64-linux-gnu.so
7ff05a0cf000-7ff05a0d5000 r-xp 00003000 00:1ba 60863164181               /inspire/hdd/project/multi-agent/zhangweinan-24046/PA/envs/personal/lib/python3.10/lib-dynload/_json.cpython-310-x86_64-linux-gnu.so
7ff05a0d5000-7ff05a0d7000 r--p 00009000 00:1ba 60863164181               /inspire/hdd/project/multi-agent/zhangweinan-24046/PA/envs/personal/lib/python3.10/lib-dynload/_json.cpython-310-x86_64-linux-gnu.so
7ff05a0d7000-7ff05a0d8000 r--p 0000a000 00:1ba 60863164181               /inspire/hdd/project/multi-agent/zhangweinan-24046/PA/envs/personal/lib/python3.10/lib-dynload/_json.cpython-310-x86_64-linux-gnu.so
7ff05a0d8000-7ff05a0d9000 rw-p 0000b000 00:1ba 60863164181               /inspire/hdd/project/multi-agent/zhangweinan-24046/PA/envs/personal/lib/python3.10/lib-dynload/_json.cpython-310-x86_64-linux-gnu.so
7ff05a0d9000-7ff05a1d9000 rw-p 00000000 00:00 0 
7ff05a1d9000-7ff05a1db000 r--p 00000000 00:1ba 60863164176               /inspire/hdd/project/multi-agent/zhangweinan-24046/PA/envs/personal/lib/python3.10/lib-dynload/_sha512.cpython-310-x86_64-linux-gnu.so
7ff05a1db000-7ff05a1e0000 r-xp 00002000 00:1ba 60863164176               /inspire/hdd/project/multi-agent/zhangweinan-24046/PA/envs/personal/lib/python3.10/lib-dynload/_sha512.cpython-310-x86_64-linux-gnu.so
7ff05a1e0000-7ff05a1e1000 r--p 00007000 00:1ba 60863164176               /inspire/hdd/project/multi-agent/zhangweinan-24046/PA/envs/personal/lib/python3.10/lib-dynload/_sha512.cpython-310-x86_64-linux-gnu.so
7ff05a1e1000-7ff05a1e2000 r--p 00007000 00:1ba 60863164176               /inspire/hdd/project/multi-agent/zhangweinan-24046/PA/envs/personal/lib/python3.10/lib-dynload/_sha512.cpython-310-x86_64-linux-gnu.so
7ff05a1e2000-7ff05a1e3000 rw-p 00008000 00:1ba 60863164176               /inspire/hdd/project/multi-agent/zhangweinan-24046/PA/envs/personal/lib/python3.10/lib-dynload/_sha512.cpython-310-x86_64-linux-gnu.so
7ff05a1e3000-7ff05a1e5000 r--p 00000000 00:1ba 60861295835               /inspire/hdd/project/multi-agent/zhangweinan-24046/PA/envs/personal/lib/python3.10/lib-dynload/_random.cpython-310-x86_64-linux-gnu.so
7ff05a1e5000-7ff05a1e7000 r-xp 00002000 00:1ba 60861295835               /inspire/hdd/project/multi-agent/zhangweinan-24046/PA/envs/personal/lib/python3.10/lib-dynload/_random.cpython-310-x86_64-linux-gnu.so
7ff05a1e7000-7ff05a1e8000 r--p 00004000 00:1ba 60861295835               /inspire/hdd/project/multi-agent/zhangweinan-24046/PA/envs/personal/lib/python3.10/lib-dynload/_random.cpython-310-x86_64-linux-gnu.so
7ff05a1e8000-7ff05a1e9000 r--p 00004000 00:1ba 60861295835               /inspire/hdd/project/multi-agent/zhangweinan-24046/PA/envs/personal/lib/python3.10/lib-dynload/_random.cpython-310-x86_64-linux-gnu.so
7ff05a1e9000-7ff05a1ea000 rw-p 00005000 00:1ba 60861295835               /inspire/hdd/project/multi-agent/zhangweinan-24046/PA/envs/personal/lib/python3.10/lib-dynload/_random.cpython-310-x86_64-linux-gnu.so
7ff05a1ea000-7ff05a1ec000 r--p 00000000 00:1ba 60863164196               /inspire/hdd/project/multi-agent/zhangweinan-24046/PA/envs/personal/lib/python3.10/lib-dynload/_bisect.cpython-310-x86_64-linux-gnu.so
7ff05a1ec000-7ff05a1ee000 r-xp 00002000 00:1ba 60863164196               /inspire/hdd/project/multi-agent/zhangweinan-24046/PA/envs/personal/lib/python3.10/lib-dynload/_bisect.cpython-310-x86_64-linux-gnu.so
7ff05a1ee000-7ff05a1ef000 r--p 00004000 00:1ba 60863164196               /inspire/hdd/project/multi-agent/zhangweinan-24046/PA/envs/personal/lib/python3.10/lib-dynload/_bisect.cpython-310-x86_64-linux-gnu.so
7ff05a1ef000-7ff05a1f0000 r--p 00004000 00:1ba 60863164196               /inspire/hdd/project/multi-agent/zhangweinan-24046/PA/envs/personal/lib/python3.10/lib-dynload/_bisect.cpython-310-x86_64-linux-gnu.so
7ff05a1f0000-7ff05a1f1000 rw-p 00005000 00:1ba 60863164196               /inspire/hdd/project/multi-agent/zhangweinan-24046/PA/envs/personal/lib/python3.10/lib-dynload/_bisect.cpython-310-x86_64-linux-gnu.so
7ff05a1f1000-7ff05a1f5000 r--p 00000000 00:1ba 70101287755               /inspire/hdd/project/multi-agent/zhangweinan-24046/PA/envs/personal/lib/liblzma.so.5.6.4
7ff05a1f5000-7ff05a213000 r-xp 00004000 00:1ba 70101287755               /inspire/hdd/project/multi-agent/zhangweinan-24046/PA/envs/personal/lib/liblzma.so.5.6.4
7ff05a213000-7ff05a21f000 r--p 00022000 00:1ba 70101287755               /inspire/hdd/project/multi-agent/zhangweinan-24046/PA/envs/personal/lib/liblzma.so.5.6.4
7ff05a21f000-7ff05a220000 r--p 0002e000 00:1ba 70101287755               /inspire/hdd/project/multi-agent/zhangweinan-24046/PA/envs/personal/lib/liblzma.so.5.6.4
7ff05a220000-7ff05a221000 rw-p 0002f000 00:1ba 70101287755               /inspire/hdd/project/multi-agent/zhangweinan-24046/PA/envs/personal/lib/liblzma.so.5.6.4
7ff05a221000-7ff05a224000 r--p 00000000 00:1ba 60863164191               /inspire/hdd/project/multi-agent/zhangweinan-24046/PA/envs/personal/lib/python3.10/lib-dynload/_lzma.cpython-310-x86_64-linux-gnu.so
7ff05a224000-7ff05a228000 r-xp 00003000 00:1ba 60863164191               /inspire/hdd/project/multi-agent/zhangweinan-24046/PA/envs/personal/lib/python3.10/lib-dynload/_lzma.cpython-310-x86_64-linux-gnu.so
7ff05a228000-7ff05a22b000 r--p 00007000 00:1ba 60863164191               /inspire/hdd/project/multi-agent/zhangweinan-24046/PA/envs/personal/lib/python3.10/lib-dynload/_lzma.cpython-310-x86_64-linux-gnu.so
7ff05a22b000-7ff05a22c000 r--p 00009000 00:1ba 60863164191               /inspire/hdd/project/multi-agent/zhangweinan-24046/PA/envs/personal/lib/python3.10/lib-dynload/_lzma.cpython-310-x86_64-linux-gnu.so
7ff05a22c000-7ff05a22d000 rw-p 0000a000 00:1ba 60863164191               /inspire/hdd/project/multi-agent/zhangweinan-24046/PA/envs/personal/lib/python3.10/lib-dynload/_lzma.cpython-310-x86_64-linux-gnu.so
7ff05a22d000-7ff05a22f000 r--p 00000000 00:1ba 70124301686               /inspire/hdd/project/multi-agent/zhangweinan-24046/PA/envs/personal/lib/libbz2.so.1.0.8
7ff05a22f000-7ff05a23d000 r-xp 00002000 00:1ba 70124301686               /inspire/hdd/project/multi-agent/zhangweinan-24046/PA/envs/personal/lib/libbz2.so.1.0.8
7ff05a23d000-7ff05a23f000 r--p 00010000 00:1ba 70124301686               /inspire/hdd/project/multi-agent/zhangweinan-24046/PA/envs/personal/lib/libbz2.so.1.0.8
7ff05a23f000-7ff05a240000 r--p 00011000 00:1ba 70124301686               /inspire/hdd/project/multi-agent/zhangweinan-24046/PA/envs/personal/lib/libbz2.so.1.0.8
7ff05a240000-7ff05a241000 rw-p 00012000 00:1ba 70124301686               /inspire/hdd/project/multi-agent/zhangweinan-24046/PA/envs/personal/lib/libbz2.so.1.0.8
7ff05a241000-7ff05a243000 r--p 00000000 00:1ba 60861295863               /inspire/hdd/project/multi-agent/zhangweinan-24046/PA/envs/personal/lib/python3.10/lib-dynload/_bz2.cpython-310-x86_64-linux-gnu.so
7ff05a243000-7ff05a245000 r-xp 00002000 00:1ba 60861295863               /inspire/hdd/project/multi-agent/zhangweinan-24046/PA/envs/personal/lib/python3.10/lib-dynload/_bz2.cpython-310-x86_64-linux-gnu.so
7ff05a245000-7ff05a247000 r--p 00004000 00:1ba 60861295863               /inspire/hdd/project/multi-agent/zhangweinan-24046/PA/envs/personal/lib/python3.10/lib-dynload/_bz2.cpython-310-x86_64-linux-gnu.so
7ff05a247000-7ff05a248000 r--p 00005000 00:1ba 60861295863               /inspire/hdd/project/multi-agent/zhangweinan-24046/PA/envs/personal/lib/python3.10/lib-dynload/_bz2.cpython-310-x86_64-linux-gnu.so
7ff05a248000-7ff05a249000 rw-p 00006000 00:1ba 60861295863               /inspire/hdd/project/multi-agent/zhangweinan-24046/PA/envs/personal/lib/python3.10/lib-dynload/_bz2.cpython-310-x86_64-linux-gnu.so
7ff05a249000-7ff05a24c000 r--p 00000000 00:1ba 70101287748               /inspire/hdd/project/multi-agent/zhangweinan-24046/PA/envs/personal/lib/libz.so.1.2.13
7ff05a24c000-7ff05a25e000 r-xp 00003000 00:1ba 70101287748               /inspire/hdd/project/multi-agent/zhangweinan-24046/PA/envs/personal/lib/libz.so.1.2.13
7ff05a25e000-7ff05a265000 r--p 00015000 00:1ba 70101287748               /inspire/hdd/project/multi-agent/zhangweinan-24046/PA/envs/personal/lib/libz.so.1.2.13
7ff05a265000-7ff05a266000 r--p 0001b000 00:1ba 70101287748               /inspire/hdd/project/multi-agent/zhangweinan-24046/PA/envs/personal/lib/libz.so.1.2.13
7ff05a266000-7ff05a267000 rw-p 0001c000 00:1ba 70101287748               /inspire/hdd/project/multi-agent/zhangweinan-24046/PA/envs/personal/lib/libz.so.1.2.13
7ff05a267000-7ff05a26a000 r--p 00000000 00:1ba 60863164174               /inspire/hdd/project/multi-agent/zhangweinan-24046/PA/envs/personal/lib/python3.10/lib-dynload/zlib.cpython-310-x86_64-linux-gnu.so
7ff05a26a000-7ff05a26e000 r-xp 00003000 00:1ba 60863164174               /inspire/hdd/project/multi-agent/zhangweinan-24046/PA/envs/personal/lib/python3.10/lib-dynload/zlib.cpython-310-x86_64-linux-gnu.so
7ff05a26e000-7ff05a271000 r--p 00007000 00:1ba 60863164174               /inspire/hdd/project/multi-agent/zhangweinan-24046/PA/envs/personal/lib/python3.10/lib-dynload/zlib.cpython-310-x86_64-linux-gnu.so
7ff05a271000-7ff05a272000 r--p 00009000 00:1ba 60863164174               /inspire/hdd/project/multi-agent/zhangweinan-24046/PA/envs/personal/lib/python3.10/lib-dynload/zlib.cpython-310-x86_64-linux-gnu.so
7ff05a272000-7ff05a273000 rw-p 0000a000 00:1ba 60863164174               /inspire/hdd/project/multi-agent/zhangweinan-24046/PA/envs/personal/lib/python3.10/lib-dynload/zlib.cpython-310-x86_64-linux-gnu.so
7ff05a273000-7ff05a278000 r--p 00000000 00:1ba 60863164179               /inspire/hdd/project/multi-agent/zhangweinan-24046/PA/envs/personal/lib/python3.10/lib-dynload/_socket.cpython-310-x86_64-linux-gnu.so
7ff05a278000-7ff05a281000 r-xp 00005000 00:1ba 60863164179               /inspire/hdd/project/multi-agent/zhangweinan-24046/PA/envs/personal/lib/python3.10/lib-dynload/_socket.cpython-310-x86_64-linux-gnu.so
7ff05a281000-7ff05a289000 r--p 0000e000 00:1ba 60863164179               /inspire/hdd/project/multi-agent/zhangweinan-24046/PA/envs/personal/lib/python3.10/lib-dynload/_socket.cpython-310-x86_64-linux-gnu.so
7ff05a289000-7ff05a28a000 r--p 00016000 00:1ba 60863164179               /inspire/hdd/project/multi-agent/zhangweinan-24046/PA/envs/personal/lib/python3.10/lib-dynload/_socket.cpython-310-x86_64-linux-gnu.so
7ff05a28a000-7ff05a28b000 rw-p 00017000 00:1ba 60863164179               /inspire/hdd/project/multi-agent/zhangweinan-24046/PA/envs/personal/lib/python3.10/lib-dynload/_socket.cpython-310-x86_64-linux-gnu.so
7ff05a28b000-7ff05a38b000 rw-p 00000000 00:00 0 
7ff05a38b000-7ff05a38e000 r--p 00000000 00:1ba 60861295843               /inspire/hdd/project/multi-agent/zhangweinan-24046/PA/envs/personal/lib/python3.10/lib-dynload/select.cpython-310-x86_64-linux-gnu.so
7ff05a38e000-7ff05a391000 r-xp 00003000 00:1ba 60861295843               /inspire/hdd/project/multi-agent/zhangweinan-24046/PA/envs/personal/lib/python3.10/lib-dynload/select.cpython-310-x86_64-linux-gnu.so
7ff05a391000-7ff05a393000 r--p 00006000 00:1ba 60861295843               /inspire/hdd/project/multi-agent/zhangweinan-24046/PA/envs/personal/lib/python3.10/lib-dynload/select.cpython-310-x86_64-linux-gnu.so
7ff05a393000-7ff05a394000 r--p 00008000 00:1ba 60861295843               /inspire/hdd/project/multi-agent/zhangweinan-24046/PA/envs/personal/lib/python3.10/lib-dynload/select.cpython-310-x86_64-linux-gnu.so
7ff05a394000-7ff05a395000 rw-p 00009000 00:1ba 60861295843               /inspire/hdd/project/multi-agent/zhangweinan-24046/PA/envs/personal/lib/python3.10/lib-dynload/select.cpython-310-x86_64-linux-gnu.so
7ff05a395000-7ff05a397000 r--p 00000000 00:1ba 60861295870               /inspire/hdd/project/multi-agent/zhangweinan-24046/PA/envs/personal/lib/python3.10/lib-dynload/_posixsubprocess.cpython-310-x86_64-linux-gnu.so
7ff05a397000-7ff05a399000 r-xp 00002000 00:1ba 60861295870               /inspire/hdd/project/multi-agent/zhangweinan-24046/PA/envs/personal/lib/python3.10/lib-dynload/_posixsubprocess.cpython-310-x86_64-linux-gnu.so
7ff05a399000-7ff05a39a000 r--p 00004000 00:1ba 60861295870               /inspire/hdd/project/multi-agent/zhangweinan-24046/PA/envs/personal/lib/python3.10/lib-dynload/_posixsubprocess.cpython-310-x86_64-linux-gnu.so
7ff05a39a000-7ff05a39b000 r--p 00004000 00:1ba 60861295870               /inspire/hdd/project/multi-agent/zhangweinan-24046/PA/envs/personal/lib/python3.10/lib-dynload/_posixsubprocess.cpython-310-x86_64-linux-gnu.so
7ff05a39b000-7ff05a39c000 rw-p 00005000 00:1ba 60861295870               /inspire/hdd/project/multi-agent/zhangweinan-24046/PA/envs/personal/lib/python3.10/lib-dynload/_posixsubprocess.cpython-310-x86_64-linux-gnu.so
7ff05a39c000-7ff05a39e000 r--p 00000000 00:1ba 60861295851               /inspire/hdd/project/multi-agent/zhangweinan-24046/PA/envs/personal/lib/python3.10/lib-dynload/fcntl.cpython-310-x86_64-linux-gnu.so
7ff05a39e000-7ff05a3a0000 r-xp 00002000 00:1ba 60861295851               /inspire/hdd/project/multi-agent/zhangweinan-24046/PA/envs/personal/lib/python3.10/lib-dynload/fcntl.cpython-310-x86_64-linux-gnu.so
7ff05a3a0000-7ff05a3a2000 r--p 00004000 00:1ba 60861295851               /inspire/hdd/project/multi-agent/zhangweinan-24046/PA/envs/personal/lib/python3.10/lib-dynload/fcntl.cpython-310-x86_64-linux-gnu.so
7ff05a3a2000-7ff05a3a3000 r--p 00005000 00:1ba 60861295851               /inspire/hdd/project/multi-agent/zhangweinan-24046/PA/envs/personal/lib/python3.10/lib-dynload/fcntl.cpython-310-x86_64-linux-gnu.so
7ff05a3a3000-7ff05a3a4000 rw-p 00006000 00:1ba 60861295851               /inspire/hdd/project/multi-agent/zhangweinan-24046/PA/envs/personal/lib/python3.10/lib-dynload/fcntl.cpython-310-x86_64-linux-gnu.so
7ff05a3a4000-7ff05a3a8000 r--p 00000000 00:1ba 60863164177               /inspire/hdd/project/multi-agent/zhangweinan-24046/PA/envs/personal/lib/python3.10/lib-dynload/math.cpython-310-x86_64-linux-gnu.so
7ff05a3a8000-7ff05a3b0000 r-xp 00004000 00:1ba 60863164177               /inspire/hdd/project/multi-agent/zhangweinan-24046/PA/envs/personal/lib/python3.10/lib-dynload/math.cpython-310-x86_64-linux-gnu.so
7ff05a3b0000-7ff05a3b4000 r--p 0000c000 00:1ba 60863164177               /inspire/hdd/project/multi-agent/zhangweinan-24046/PA/envs/personal/lib/python3.10/lib-dynload/math.cpython-310-x86_64-linux-gnu.so
7ff05a3b4000-7ff05a3b5000 r--p 00010000 00:1ba 60863164177               /inspire/hdd/project/multi-agent/zhangweinan-24046/PA/envs/personal/lib/python3.10/lib-dynload/math.cpython-310-x86_64-linux-gnu.so
7ff05a3b5000-7ff05a3b6000 rw-p 00011000 00:1ba 60863164177               /inspire/hdd/project/multi-agent/zhangweinan-24046/PA/envs/personal/lib/python3.10/lib-dynload/math.cpython-310-x86_64-linux-gnu.so
7ff05a3b6000-7ff05a4b6000 rw-p 00000000 00:00 0 
7ff05a4b6000-7ff05a4ba000 r--p 00000000 00:1ba 60861295845               /inspire/hdd/project/multi-agent/zhangweinan-24046/PA/envs/personal/lib/python3.10/lib-dynload/_struct.cpython-310-x86_64-linux-gnu.so
7ff05a4ba000-7ff05a4bf000 r-xp 00004000 00:1ba 60861295845               /inspire/hdd/project/multi-agent/zhangweinan-24046/PA/envs/personal/lib/python3.10/lib-dynload/_struct.cpython-310-x86_64-linux-gnu.so
7ff05a4bf000-7ff05a4c3000 r--p 00009000 00:1ba 60861295845               /inspire/hdd/project/multi-agent/zhangweinan-24046/PA/envs/personal/lib/python3.10/lib-dynload/_struct.cpython-310-x86_64-linux-gnu.so
7ff05a4c3000-7ff05a4c4000 r--p 0000c000 00:1ba 60861295845               /inspire/hdd/project/multi-agent/zhangweinan-24046/PA/envs/personal/lib/python3.10/lib-dynload/_struct.cpython-310-x86_64-linux-gnu.so
7ff05a4c4000-7ff05a4c5000 rw-p 0000d000 00:1ba 60861295845               /inspire/hdd/project/multi-agent/zhangweinan-24046/PA/envs/personal/lib/python3.10/lib-dynload/_struct.cpython-310-x86_64-linux-gnu.so
7ff05a4c5000-7ff05a4c8000 r--p 00000000 00:1ba 70117876220               /inspire/hdd/project/multi-agent/zhangweinan-24046/PA/envs/personal/lib/libffi.so.8.1.2
7ff05a4c8000-7ff05a4d2000 r-xp 00003000 00:1ba 70117876220               /inspire/hdd/project/multi-agent/zhangweinan-24046/PA/envs/personal/lib/libffi.so.8.1.2
7ff05a4d2000-7ff05a4d4000 r--p 0000d000 00:1ba 70117876220               /inspire/hdd/project/multi-agent/zhangweinan-24046/PA/envs/personal/lib/libffi.so.8.1.2
7ff05a4d4000-7ff05a4d5000 r--p 0000e000 00:1ba 70117876220               /inspire/hdd/project/multi-agent/zhangweinan-24046/PA/envs/personal/lib/libffi.so.8.1.2
7ff05a4d5000-7ff05a4d6000 rw-p 0000f000 00:1ba 70117876220               /inspire/hdd/project/multi-agent/zhangweinan-24046/PA/envs/personal/lib/libffi.so.8.1.2
7ff05a4d6000-7ff05a4dd000 r--p 00000000 00:1ba 60861295855               /inspire/hdd/project/multi-agent/zhangweinan-24046/PA/envs/personal/lib/python3.10/lib-dynload/_ctypes.cpython-310-x86_64-linux-gnu.so
7ff05a4dd000-7ff05a4eb000 r-xp 00007000 00:1ba 60861295855               /inspire/hdd/project/multi-agent/zhangweinan-24046/PA/envs/personal/lib/python3.10/lib-dynload/_ctypes.cpython-310-x86_64-linux-gnu.so
7ff05a4eb000-7ff05a4f1000 r--p 00015000 00:1ba 60861295855               /inspire/hdd/project/multi-agent/zhangweinan-24046/PA/envs/personal/lib/python3.10/lib-dynload/_ctypes.cpython-310-x86_64-linux-gnu.so
7ff05a4f1000-7ff05a4f2000 r--p 0001a000 00:1ba 60861295855               /inspire/hdd/project/multi-agent/zhangweinan-24046/PA/envs/personal/lib/python3.10/lib-dynload/_ctypes.cpython-310-x86_64-linux-gnu.so
7ff05a4f2000-7ff05a4f6000 rw-p 0001b000 00:1ba 60861295855               /inspire/hdd/project/multi-agent/zhangweinan-24046/PA/envs/personal/lib/python3.10/lib-dynload/_ctypes.cpython-310-x86_64-linux-gnu.so
7ff05a4f6000-7ff05a7f6000 rw-p 00000000 00:00 0 
7ff05a7f6000-7ff05a84d000 r--p 00000000 00:1f2 16353947693               /usr/lib/locale/C.utf8/LC_CTYPE
7ff05a84d000-7ff05a850000 rw-p 00000000 00:00 0 
7ff05a850000-7ff05a878000 r--p 00000000 00:1f2 1766740542                /usr/lib/x86_64-linux-gnu/libc.so.6
7ff05a878000-7ff05aa0d000 r-xp 00028000 00:1f2 1766740542                /usr/lib/x86_64-linux-gnu/libc.so.6
7ff05aa0d000-7ff05aa65000 r--p 001bd000 00:1f2 1766740542                /usr/lib/x86_64-linux-gnu/libc.so.6
7ff05aa65000-7ff05aa66000 ---p 00215000 00:1f2 1766740542                /usr/lib/x86_64-linux-gnu/libc.so.6
7ff05aa66000-7ff05aa6a000 r--p 00215000 00:1f2 1766740542                /usr/lib/x86_64-linux-gnu/libc.so.6
7ff05aa6a000-7ff05aa6c000 rw-p 00219000 00:1f2 1766740542                /usr/lib/x86_64-linux-gnu/libc.so.6
7ff05aa6c000-7ff05aa7b000 rw-p 00000000 00:00 0 
7ff05aa7b000-7ff05aa89000 r--p 00000000 00:1f2 1766728798                /usr/lib/x86_64-linux-gnu/libm.so.6
7ff05aa89000-7ff05ab05000 r-xp 0000e000 00:1f2 1766728798                /usr/lib/x86_64-linux-gnu/libm.so.6
7ff05ab05000-7ff05ab60000 r--p 0008a000 00:1f2 1766728798                /usr/lib/x86_64-linux-gnu/libm.so.6
7ff05ab60000-7ff05ab61000 r--p 000e4000 00:1f2 1766728798                /usr/lib/x86_64-linux-gnu/libm.so.6
7ff05ab61000-7ff05ab62000 rw-p 000e5000 00:1f2 1766728798                /usr/lib/x86_64-linux-gnu/libm.so.6
7ff05ab62000-7ff05ab63000 r--p 00000000 00:1f2 1766728857                /usr/lib/x86_64-linux-gnu/libutil.so.1
7ff05ab63000-7ff05ab64000 r-xp 00001000 00:1f2 1766728857                /usr/lib/x86_64-linux-gnu/libutil.so.1
7ff05ab64000-7ff05ab65000 r--p 00002000 00:1f2 1766728857                /usr/lib/x86_64-linux-gnu/libutil.so.1
7ff05ab65000-7ff05ab66000 r--p 00002000 00:1f2 1766728857                /usr/lib/x86_64-linux-gnu/libutil.so.1
7ff05ab66000-7ff05ab67000 rw-p 00003000 00:1f2 1766728857                /usr/lib/x86_64-linux-gnu/libutil.so.1
7ff05ab67000-7ff05ab68000 r--p 00000000 00:1f2 1766728775                /usr/lib/x86_64-linux-gnu/libdl.so.2
7ff05ab68000-7ff05ab69000 r-xp 00001000 00:1f2 1766728775                /usr/lib/x86_64-linux-gnu/libdl.so.2
7ff05ab69000-7ff05ab6a000 r--p 00002000 00:1f2 1766728775                /usr/lib/x86_64-linux-gnu/libdl.so.2
7ff05ab6a000-7ff05ab6b000 r--p 00002000 00:1f2 1766728775                /usr/lib/x86_64-linux-gnu/libdl.so.2
7ff05ab6b000-7ff05ab6c000 rw-p 00003000 00:1f2 1766728775                /usr/lib/x86_64-linux-gnu/libdl.so.2
7ff05ab6c000-7ff05ab6d000 r--p 00000000 00:1f2 1766728840                /usr/lib/x86_64-linux-gnu/libpthread.so.0
7ff05ab6d000-7ff05ab6e000 r-xp 00001000 00:1f2 1766728840                /usr/lib/x86_64-linux-gnu/libpthread.so.0
7ff05ab6e000-7ff05ab6f000 r--p 00002000 00:1f2 1766728840                /usr/lib/x86_64-linux-gnu/libpthread.so.0
7ff05ab6f000-7ff05ab70000 r--p 00002000 00:1f2 1766728840                /usr/lib/x86_64-linux-gnu/libpthread.so.0
7ff05ab70000-7ff05ab71000 rw-p 00003000 00:1f2 1766728840                /usr/lib/x86_64-linux-gnu/libpthread.so.0
7ff05ab71000-7ff05ab72000 r--s 00000000 00:05 968                        /dev/nvidiactl
7ff05ab72000-7ff05ab73000 ---p 00000000 00:00 0 
7ff05ab73000-7ff05ab74000 r--p 00000000 00:1ba 60863164170               /inspire/hdd/project/multi-agent/zhangweinan-24046/PA/envs/personal/lib/python3.10/lib-dynload/_opcode.cpython-310-x86_64-linux-gnu.so
7ff05ab74000-7ff05ab75000 r-xp 00001000 00:1ba 60863164170               /inspire/hdd/project/multi-agent/zhangweinan-24046/PA/envs/personal/lib/python3.10/lib-dynload/_opcode.cpython-310-x86_64-linux-gnu.so
7ff05ab75000-7ff05ab76000 r--p 00002000 00:1ba 60863164170               /inspire/hdd/project/multi-agent/zhangweinan-24046/PA/envs/personal/lib/python3.10/lib-dynload/_opcode.cpython-310-x86_64-linux-gnu.so
7ff05ab76000-7ff05ab77000 r--p 00002000 00:1ba 60863164170               /inspire/hdd/project/multi-agent/zhangweinan-24046/PA/envs/personal/lib/python3.10/lib-dynload/_opcode.cpython-310-x86_64-linux-gnu.so
7ff05ab77000-7ff05ab78000 rw-p 00003000 00:1ba 60863164170               /inspire/hdd/project/multi-agent/zhangweinan-24046/PA/envs/personal/lib/python3.10/lib-dynload/_opcode.cpython-310-x86_64-linux-gnu.so
7ff05ab78000-7ff05ab7f000 r--s 00000000 00:1f2 2836322857                /usr/lib/x86_64-linux-gnu/gconv/gconv-modules.cache
7ff05ab7f000-7ff05ab81000 rw-p 00000000 00:00 0 
7ff05ab81000-7ff05ab83000 r--p 00000000 00:1f2 1766740529                /usr/lib/x86_64-linux-gnu/ld-linux-x86-64.so.2
7ff05ab83000-7ff05abad000 r-xp 00002000 00:1f2 1766740529                /usr/lib/x86_64-linux-gnu/ld-linux-x86-64.so.2
7ff05abad000-7ff05abb8000 r--p 0002c000 00:1f2 1766740529                /usr/lib/x86_64-linux-gnu/ld-linux-x86-64.so.2
7ff05abb8000-7ff05abb9000 ---p 00000000 00:00 0 
7ff05abb9000-7ff05abbb000 r--p 00037000 00:1f2 1766740529                /usr/lib/x86_64-linux-gnu/ld-linux-x86-64.so.2
7ff05abbb000-7ff05abbd000 rw-p 00039000 00:1f2 1766740529                /usr/lib/x86_64-linux-gnu/ld-linux-x86-64.so.2
7ffd1dd7b000-7ffd1dd7f000 ---p 00000000 00:00 0 
7ffd1dd7f000-7ffd1de7b000 rw-p 00000000 00:00 0                          [stack]
7ffd1df4a000-7ffd1df4e000 r--p 00000000 00:00 0                          [vvar]
7ffd1df4e000-7ffd1df50000 r-xp 00000000 00:00 0                          [vdso]
ffffffffff600000-ffffffffff601000 --xp 00000000 00:00 0                  [vsyscall]
Total number of mappings: 2738


VM Arguments:
jvm_args: --add-modules=jdk.incubator.vector 
java_command: <unknown>
java_class_path (initial): /inspire/hdd/project/multi-agent/zhangweinan-24046/PA/envs/personal/lib/python3.10/site-packages/pyserini/resources/jars/anserini-1.1.1-fatjar.jar:/inspire/hdd/project/multi-agent/zhangweinan-24046/PA/envs/personal/lib/python3.10/site-packages/jnius/src
Launcher Type: generic

[Global flags]
     intx CICompilerCount                          = 15                                        {product} {ergonomic}
     uint ConcGCThreads                            = 10                                        {product} {ergonomic}
     uint G1ConcRefinementThreads                  = 40                                        {product} {ergonomic}
   size_t G1HeapRegionSize                         = 16777216                                  {product} {ergonomic}
    uintx GCDrainStackTargetSize                   = 64                                        {product} {ergonomic}
   size_t InitialHeapSize                          = 2147483648                                {product} {ergonomic}
   size_t MarkStackSize                            = 4194304                                   {product} {ergonomic}
   size_t MaxHeapSize                              = 31675383808                               {product} {ergonomic}
   size_t MaxNewSize                               = 18991808512                               {product} {ergonomic}
   size_t MinHeapDeltaBytes                        = 16777216                                  {product} {ergonomic}
   size_t MinHeapSize                              = 16777216                                  {product} {ergonomic}
    uintx NonNMethodCodeHeapSize                   = 8192380                                {pd product} {ergonomic}
    uintx NonProfiledCodeHeapSize                  = 121732930                              {pd product} {ergonomic}
    uintx ProfiledCodeHeapSize                     = 121732930                              {pd product} {ergonomic}
    uintx ReservedCodeCacheSize                    = 251658240                              {pd product} {ergonomic}
     bool SegmentedCodeCache                       = true                                      {product} {ergonomic}
   size_t SoftMaxHeapSize                          = 31675383808                            {manageable} {ergonomic}
     bool UseCompressedOops                        = true                           {product lp64_product} {ergonomic}
     bool UseG1GC                                  = true                                      {product} {ergonomic}

Logging:
Log output configuration:
 #0: 
[error occurred during error reporting (printing log configuration), id 0xb, SIGSEGV (0xb) at pc=0x00007fec9fae6c16]
Environment Variables:
JAVA_HOME=/usr/lib/jvm/java-21-openjdk-amd64
PATH=/usr/lib/jvm/java-21-openjdk-amd64/bin:/inspire/hdd/project/multi-agent/zhangweinan-24046/PA/envs/personal/bin:/usr/local/lib/python3.10/dist-packages/torch_tensorrt/bin:/usr/local/mpi/bin:/usr/local/nvidia/bin:/usr/local/cuda/bin:/usr/local/sbin:/usr/local/bin:/usr/sbin:/usr/bin:/sbin:/bin:/usr/local/ucx/bin:/opt/tensorrt/bin
LD_LIBRARY_PATH=/usr/local/lib/python3.10/dist-packages/torch/lib:/usr/local/lib/python3.10/dist-packages/torch_tensorrt/lib:/usr/local/cuda/compat/lib:/usr/local/nvidia/lib:/usr/local/nvidia/lib64
SHELL=/bin/bash
LC_ALL=C.UTF-8
TERM=xterm-256color

Active Locale:
LC_ALL=C.UTF-8
LC_COLLATE=C.UTF-8
LC_CTYPE=C.UTF-8
LC_MESSAGES=C.UTF-8
LC_MONETARY=C.UTF-8
LC_NUMERIC=C.UTF-8
LC_TIME=C.UTF-8

Signal Handlers:
   SIGSEGV: crash_handler in libjvm.so, mask=11100100010111111101111111111110, flags=SA_RESTART|SA_SIGINFO, unblocked
    SIGBUS: crash_handler in libjvm.so, mask=11100100010111111101111111111110, flags=SA_RESTART|SA_SIGINFO, unblocked
    SIGFPE: crash_handler in libjvm.so, mask=11100100010111111101111111111110, flags=SA_RESTART|SA_SIGINFO, unblocked
   SIGPIPE: javaSignalHandler in libjvm.so, mask=11100100010111111101111111111110, flags=SA_RESTART|SA_SIGINFO, blocked
  *** Handler was modified!
  *** Expected: 0x00000000022920f0, mask=00000101100001100100010111010000, flags=SA_RESTART|SA_SIGINFO
   SIGXFSZ: javaSignalHandler in libjvm.so, mask=11100100010111111101111111111110, flags=SA_RESTART|SA_SIGINFO, blocked
  *** Handler was modified!
  *** Expected: 0x000000000b9d0680, mask=00001101001000100110111101010000, flags=SA_RESTART|SA_SIGINFO
    SIGILL: crash_handler in libjvm.so, mask=11100100010111111101111111111110, flags=SA_RESTART|SA_SIGINFO, unblocked
   SIGUSR2: SR_handler in libjvm.so, mask=00000000000000000000000000000000, flags=SA_RESTART|SA_SIGINFO, blocked
  *** Handler was modified!
  *** Expected: 0x000000000ba3f590, mask=00000001011000001011100111010000, flags=SA_RESTART|SA_SIGINFO
    SIGHUP: UserHandler in libjvm.so, mask=11100100010111111101111111111110, flags=SA_RESTART|SA_SIGINFO, blocked
    SIGINT: UserHandler in libjvm.so, mask=11100100010111111101111111111110, flags=SA_RESTART|SA_SIGINFO, blocked
   SIGTERM: UserHandler in libjvm.so, mask=11100100010111111101111111111110, flags=SA_RESTART|SA_SIGINFO, blocked
   SIGQUIT: UserHandler in libjvm.so, mask=11100100010111111101111111111110, flags=SA_RESTART|SA_SIGINFO, blocked
   SIGTRAP: crash_handler in libjvm.so, mask=11100100010111111101111111111110, flags=SA_RESTART|SA_SIGINFO, unblocked


Periodic native trim disabled

---------------  S Y S T E M  ---------------

OS:
DISTRIB_ID=Ubuntu
DISTRIB_RELEASE=22.04
DISTRIB_CODENAME=jammy
DISTRIB_DESCRIPTION="Ubuntu 22.04.5 LTS"
uname: Linux 5.15.0-119-generic #129-Ubuntu SMP Fri Aug 2 19:25:20 UTC 2024 x86_64
OS uptime: 40 days 16:55 hours
libc: glibc 2.35 NPTL 2.35 
rlimit (soft/hard): STACK 8192k/infinity , CORE infinity/infinity , NPROC infinity/infinity , NOFILE 1048576/1048576 , AS infinity/infinity , CPU infinity/infinity , DATA infinity/infinity , FSIZE infinity/infinity , MEMLOCK infinity/infinity
load average: 6.85 6.75 6.37

/proc/meminfo:
MemTotal:       2113190224 kB
MemFree:        1037282968 kB
MemAvailable:   1931549464 kB
Buffers:            1376 kB
Cached:         888628392 kB
SwapCached:            0 kB
Active:         275662124 kB
Inactive:       702600752 kB
Active(anon):      66612 kB
Inactive(anon): 89699972 kB
Active(file):   275595512 kB
Inactive(file): 612900780 kB
Unevictable:    16777216 kB
Mlocked:        16777216 kB
SwapTotal:             0 kB
SwapFree:              0 kB
Dirty:                88 kB
Writeback:             0 kB
AnonPages:      106411476 kB
Mapped:         14719640 kB
Shmem:            133456 kB
KReclaimable:   18760164 kB
Slab:           30783468 kB
SReclaimable:   18760164 kB
SUnreclaim:     12023304 kB
KernelStack:      101104 kB
PageTables:       570676 kB
NFS_Unstable:          0 kB
Bounce:                0 kB
WritebackTmp:          0 kB
CommitLimit:    1056595112 kB
Committed_AS:   197042568 kB
VmallocTotal:   13743895347199 kB
VmallocUsed:    21325188 kB
VmallocChunk:          0 kB
Percpu:           937472 kB
HardwareCorrupted:     0 kB
AnonHugePages:    673792 kB
ShmemHugePages:        0 kB
ShmemPmdMapped:        0 kB
FileHugePages:         0 kB
FilePmdMapped:         0 kB
HugePages_Total:       0
HugePages_Free:        0
HugePages_Rsvd:        0
HugePages_Surp:        0
Hugepagesize:       2048 kB
Hugetlb:               0 kB
DirectMap4k:    163639812 kB
DirectMap2M:    1604995072 kB
DirectMap1G:    380633088 kB

/sys/kernel/mm/transparent_hugepage/enabled: always [madvise] never
/sys/kernel/mm/transparent_hugepage/hpage_pmd_size: 2097152
/sys/kernel/mm/transparent_hugepage/defrag (defrag/compaction efforts parameter): always defer defer+madvise [madvise] never

Process Memory:
Virtual Size: 100385592K (peak: 100437248K)
Resident Set Size: 4905712K (peak: 6457616K) (anon: 4530520K, file: 354448K, shmem: 20744K)
Swapped out: 0K
C-Heap outstanding allocations: 2294709K, retained: 50798K
glibc malloc tunables: (default)

/proc/sys/kernel/threads-max (system-wide limit on the number of threads): 16508874
/proc/sys/vm/max_map_count (maximum number of memory map areas a process may have): 65530
/proc/sys/vm/swappiness (control to define how aggressively the kernel swaps out anonymous memory): 60
/proc/sys/kernel/pid_max (system-wide limit on number of process identifiers): 4194304

container (cgroup) information:
container_type: cgroupv2
cpu_cpuset_cpus: not supported
cpu_memory_nodes: not supported
active_processor_count: 60
cpu_quota: 6000000
cpu_period: 100000
cpu_shares: 61440
memory_limit_in_bytes: 838860800 k
memory_and_swap_limit_in_bytes: 838860800 k
memory_soft_limit_in_bytes: unlimited
memory_usage_in_bytes: 102692776 k
memory_max_usage_in_bytes: not supported
memory_swap_current_in_bytes: unlimited
memory_swap_max_limit_in_bytes: unlimited
maximum number of tasks: 629145
current number of tasks: 739

Steal ticks since vm start: 0
Steal ticks percentage since vm start:  0.000

CPU: total 128 (initial active 60) (32 cores per cpu, 2 threads per core) family 6 model 143 stepping 8 microcode 0x2b000603, cx8, cmov, fxsr, ht, mmx, 3dnowpref, sse, sse2, sse3, ssse3, sse4.1, sse4.2, popcnt, lzcnt, tsc, tscinvbit, avx, avx2, aes, erms, clmul, bmi1, bmi2, adx, avx512f, avx512dq, avx512cd, avx512bw, avx512vl, sha, fma, vzeroupper, avx512_vpopcntdq, avx512_vpclmulqdq, avx512_vaes, avx512_vnni, clflush, clflushopt, clwb, avx512_vbmi2, avx512_vbmi, serialize, rdtscp, rdpid, fsrm, gfni, avx512_bitalg, f16c, pku, ospke, cet_ibt, cet_ss, avx512_ifma
